//File: connect to Wifi.jpg, Size: 17502
#define ZapConnToWifi_len 17502
const uint8_t ZapConnToWifi_jpg[] PROGMEM = {
    0xFF, 0xD8, 0xFF, 0xE0, 0x00, 0x10, 0x4A, 0x46, 0x49, 0x46, 0x00, 0x01, 0x01, 0x01, 0x00, 0x19,
    0x00, 0x19, 0x00, 0x00, 0xFF, 0xDB, 0x00, 0x43, 0x00, 0x03, 0x02, 0x02, 0x03, 0x02, 0x02, 0x03,
    0x03, 0x03, 0x03, 0x04, 0x03, 0x03, 0x04, 0x05, 0x08, 0x05, 0x05, 0x04, 0x04, 0x05, 0x0A, 0x07,
    0x07, 0x06, 0x08, 0x0C, 0x0A, 0x0C, 0x0C, 0x0B, 0x0A, 0x0B, 0x0B, 0x0D, 0x0E, 0x12, 0x10, 0x0D,
    0x0E, 0x11, 0x0E, 0x0B, 0x0B, 0x10, 0x16, 0x10, 0x11, 0x13, 0x14, 0x15, 0x15, 0x15, 0x0C, 0x0F,
    0x17, 0x18, 0x16, 0x14, 0x18, 0x12, 0x14, 0x15, 0x14, 0xFF, 0xDB, 0x00, 0x43, 0x01, 0x03, 0x04,
    0x04, 0x05, 0x04, 0x05, 0x09, 0x05, 0x05, 0x09, 0x14, 0x0D, 0x0B, 0x0D, 0x14, 0x14, 0x14, 0x14,
    0x14, 0x14, 0x14, 0x14, 0x14, 0x14, 0x14, 0x14, 0x14, 0x14, 0x14, 0x14, 0x14, 0x14, 0x14, 0x14,
    0x14, 0x14, 0x14, 0x14, 0x14, 0x14, 0x14, 0x14, 0x14, 0x14, 0x14, 0x14, 0x14, 0x14, 0x14, 0x14,
    0x14, 0x14, 0x14, 0x14, 0x14, 0x14, 0x14, 0x14, 0x14, 0x14, 0x14, 0x14, 0x14, 0x14, 0xFF, 0xC0,
    0x00, 0x11, 0x08, 0x01, 0x40, 0x00, 0xAA, 0x03, 0x01, 0x22, 0x00, 0x02, 0x11, 0x01, 0x03, 0x11,
    0x01, 0xFF, 0xC4, 0x00, 0x1F, 0x00, 0x00, 0x01, 0x05, 0x01, 0x01, 0x01, 0x01, 0x01, 0x01, 0x00,
    0x00, 0x00, 0x00, 0x00, 0x00, 0x00, 0x00, 0x01, 0x02, 0x03, 0x04, 0x05, 0x06, 0x07, 0x08, 0x09,
    0x0A, 0x0B, 0xFF, 0xC4, 0x00, 0xB5, 0x10, 0x00, 0x02, 0x01, 0x03, 0x03, 0x02, 0x04, 0x03, 0x05,
    0x05, 0x04, 0x04, 0x00, 0x00, 0x01, 0x7D, 0x01, 0x02, 0x03, 0x00, 0x04, 0x11, 0x05, 0x12, 0x21,
    0x31, 0x41, 0x06, 0x13, 0x51, 0x61, 0x07, 0x22, 0x71, 0x14, 0x32, 0x81, 0x91, 0xA1, 0x08, 0x23,
    0x42, 0xB1, 0xC1, 0x15, 0x52, 0xD1, 0xF0, 0x24, 0x33, 0x62, 0x72, 0x82, 0x09, 0x0A, 0x16, 0x17,
    0x18, 0x19, 0x1A, 0x25, 0x26, 0x27, 0x28, 0x29, 0x2A, 0x34, 0x35, 0x36, 0x37, 0x38, 0x39, 0x3A,
    0x43, 0x44, 0x45, 0x46, 0x47, 0x48, 0x49, 0x4A, 0x53, 0x54, 0x55, 0x56, 0x57, 0x58, 0x59, 0x5A,
    0x63, 0x64, 0x65, 0x66, 0x67, 0x68, 0x69, 0x6A, 0x73, 0x74, 0x75, 0x76, 0x77, 0x78, 0x79, 0x7A,
    0x83, 0x84, 0x85, 0x86, 0x87, 0x88, 0x89, 0x8A, 0x92, 0x93, 0x94, 0x95, 0x96, 0x97, 0x98, 0x99,
    0x9A, 0xA2, 0xA3, 0xA4, 0xA5, 0xA6, 0xA7, 0xA8, 0xA9, 0xAA, 0xB2, 0xB3, 0xB4, 0xB5, 0xB6, 0xB7,
    0xB8, 0xB9, 0xBA, 0xC2, 0xC3, 0xC4, 0xC5, 0xC6, 0xC7, 0xC8, 0xC9, 0xCA, 0xD2, 0xD3, 0xD4, 0xD5,
    0xD6, 0xD7, 0xD8, 0xD9, 0xDA, 0xE1, 0xE2, 0xE3, 0xE4, 0xE5, 0xE6, 0xE7, 0xE8, 0xE9, 0xEA, 0xF1,
    0xF2, 0xF3, 0xF4, 0xF5, 0xF6, 0xF7, 0xF8, 0xF9, 0xFA, 0xFF, 0xC4, 0x00, 0x1F, 0x01, 0x00, 0x03,
    0x01, 0x01, 0x01, 0x01, 0x01, 0x01, 0x01, 0x01, 0x01, 0x00, 0x00, 0x00, 0x00, 0x00, 0x00, 0x01,
    0x02, 0x03, 0x04, 0x05, 0x06, 0x07, 0x08, 0x09, 0x0A, 0x0B, 0xFF, 0xC4, 0x00, 0xB5, 0x11, 0x00,
    0x02, 0x01, 0x02, 0x04, 0x04, 0x03, 0x04, 0x07, 0x05, 0x04, 0x04, 0x00, 0x01, 0x02, 0x77, 0x00,
    0x01, 0x02, 0x03, 0x11, 0x04, 0x05, 0x21, 0x31, 0x06, 0x12, 0x41, 0x51, 0x07, 0x61, 0x71, 0x13,
    0x22, 0x32, 0x81, 0x08, 0x14, 0x42, 0x91, 0xA1, 0xB1, 0xC1, 0x09, 0x23, 0x33, 0x52, 0xF0, 0x15,
    0x62, 0x72, 0xD1, 0x0A, 0x16, 0x24, 0x34, 0xE1, 0x25, 0xF1, 0x17, 0x18, 0x19, 0x1A, 0x26, 0x27,
    0x28, 0x29, 0x2A, 0x35, 0x36, 0x37, 0x38, 0x39, 0x3A, 0x43, 0x44, 0x45, 0x46, 0x47, 0x48, 0x49,
    0x4A, 0x53, 0x54, 0x55, 0x56, 0x57, 0x58, 0x59, 0x5A, 0x63, 0x64, 0x65, 0x66, 0x67, 0x68, 0x69,
    0x6A, 0x73, 0x74, 0x75, 0x76, 0x77, 0x78, 0x79, 0x7A, 0x82, 0x83, 0x84, 0x85, 0x86, 0x87, 0x88,
    0x89, 0x8A, 0x92, 0x93, 0x94, 0x95, 0x96, 0x97, 0x98, 0x99, 0x9A, 0xA2, 0xA3, 0xA4, 0xA5, 0xA6,
    0xA7, 0xA8, 0xA9, 0xAA, 0xB2, 0xB3, 0xB4, 0xB5, 0xB6, 0xB7, 0xB8, 0xB9, 0xBA, 0xC2, 0xC3, 0xC4,
    0xC5, 0xC6, 0xC7, 0xC8, 0xC9, 0xCA, 0xD2, 0xD3, 0xD4, 0xD5, 0xD6, 0xD7, 0xD8, 0xD9, 0xDA, 0xE2,
    0xE3, 0xE4, 0xE5, 0xE6, 0xE7, 0xE8, 0xE9, 0xEA, 0xF2, 0xF3, 0xF4, 0xF5, 0xF6, 0xF7, 0xF8, 0xF9,
    0xFA, 0xFF, 0xDA, 0x00, 0x0C, 0x03, 0x01, 0x00, 0x02, 0x11, 0x03, 0x11, 0x00, 0x3F, 0x00, 0xFD,
    0x53, 0xA2, 0x8A, 0x69, 0x60, 0x3D, 0x68, 0x01, 0xD4, 0x53, 0x77, 0x8F, 0x7A, 0x37, 0x8F, 0x7A,
    0x00, 0x75, 0x14, 0xDD, 0xE3, 0xDE, 0x8D, 0xE3, 0xDE, 0x80, 0x1D, 0x45, 0x37, 0x78, 0xF7, 0xA3,
    0x78, 0xF7, 0xA0, 0x07, 0x51, 0x4D, 0xDE, 0x3D, 0xE8, 0xDE, 0x3D, 0xE8, 0x01, 0xD4, 0x53, 0x77,
    0x8F, 0x7A, 0x37, 0x8F, 0x7A, 0x00, 0x75, 0x14, 0xDD, 0xE3, 0xDE, 0x8D, 0xE3, 0xDE, 0x80, 0x1D,
    0x45, 0x37, 0x78, 0xF7, 0xA3, 0x78, 0xF7, 0xA0, 0x07, 0x51, 0x4D, 0xDE, 0x3D, 0xE8, 0xDE, 0x3D,
    0xE8, 0x01, 0xD4, 0x53, 0x77, 0x8F, 0x7A, 0x37, 0x8F, 0x7A, 0x00, 0x75, 0x14, 0x80, 0xE4, 0x03,
    0x4B, 0x40, 0x05, 0x44, 0xC7, 0x93, 0x52, 0xD4, 0x32, 0x10, 0xA1, 0x89, 0x20, 0x01, 0xC9, 0x34,
    0x00, 0x51, 0x5C, 0x4F, 0xC3, 0x1F, 0x1A, 0xFF, 0x00, 0xC2, 0x63, 0x16, 0xB1, 0xBA, 0x74, 0x99,
    0xAD, 0xAF, 0x19, 0x46, 0xC2, 0x0E, 0xC4, 0x6E, 0x55, 0x0E, 0x3B, 0x8C, 0x1E, 0xB5, 0xDB, 0x54,
    0xC6, 0x4A, 0x4A, 0xE8, 0x6D, 0x58, 0x28, 0xAE, 0x5F, 0xE2, 0x34, 0xDE, 0x27, 0xB2, 0xF0, 0xC5,
    0xFD, 0xEF, 0x84, 0xE0, 0x86, 0xFB, 0x58, 0xB6, 0xB6, 0x9A, 0x48, 0x34, 0xF9, 0x98, 0x20, 0xBA,
    0x94, 0x21, 0x31, 0xA6, 0xE3, 0xC0, 0xCB, 0x00, 0x39, 0xC6, 0x73, 0xF7, 0x87, 0x5A, 0xF9, 0xCB,
    0xE1, 0xCF, 0xED, 0xA2, 0x7C, 0x3B, 0xE2, 0x8B, 0xAF, 0x06, 0xFC, 0x57, 0xB0, 0xD4, 0x3C, 0x3B,
    0xAD, 0x45, 0x22, 0x79, 0x77, 0x7A, 0x84, 0x09, 0x19, 0x65, 0x78, 0xD5, 0xBE, 0x65, 0x8D, 0x42,
    0x6D, 0xCE, 0xF2, 0xA5, 0x49, 0x6C, 0x14, 0x52, 0x0B, 0x06, 0x35, 0xAA, 0x8B, 0x6A, 0xE8, 0x5A,
    0x9F, 0x5A, 0xD1, 0x55, 0x34, 0x9D, 0x62, 0xC7, 0x5D, 0xB1, 0x8E, 0xF7, 0x4E, 0xBB, 0x86, 0xFA,
    0xD2, 0x4F, 0xBB, 0x34, 0x0E, 0x1D, 0x4F, 0xA8, 0xC8, 0xEE, 0x3D, 0x3B, 0x55, 0xBA, 0x80, 0x0A,
    0x28, 0xAF, 0x2F, 0xF8, 0xC3, 0xFB, 0x41, 0xF8, 0x77, 0xE1, 0x12, 0xAD, 0x8C, 0xA2, 0x4D, 0x6B,
    0xC4, 0xB3, 0x45, 0xE6, 0xC1, 0xA2, 0x58, 0xB2, 0xF9, 0xBB, 0x33, 0x81, 0x2C, 0xCC, 0x7E, 0x58,
    0x62, 0xCF, 0x1B, 0xDF, 0xA9, 0x04, 0x28, 0x76, 0xF9, 0x4B, 0x49, 0xBD, 0x10, 0x1E, 0xA0, 0x4E,
    0x3A, 0xD7, 0x96, 0xF8, 0xB7, 0xF6, 0x99, 0xF8, 0x7D, 0xE1, 0x39, 0x2E, 0x60, 0xFE, 0xDA, 0xFE,
    0xDB, 0xBC, 0xB7, 0x62, 0x92, 0xDB, 0x68, 0x91, 0x35, 0xE7, 0x94, 0xE3, 0xAA, 0x49, 0x22, 0x7E,
    0xEE, 0x26, 0xF6, 0x91, 0xD6, 0xBE, 0x46, 0xF1, 0x57, 0xC4, 0xBF, 0x1E, 0x7C, 0x79, 0xD7, 0x46,
    0x91, 0x77, 0x72, 0xD7, 0x70, 0xCA, 0x79, 0xF0, 0xF6, 0x93, 0xBA, 0x3B, 0x08, 0x94, 0xF4, 0x13,
    0x12, 0x43, 0x4F, 0xE8, 0x7C, 0xDC, 0xA9, 0xE0, 0xAC, 0x48, 0x78, 0xAE, 0x7B, 0x53, 0xF1, 0x8E,
    0x95, 0xE0, 0x7D, 0xBA, 0x6F, 0x87, 0x45, 0xAF, 0x89, 0x35, 0xFB, 0x71, 0xE5, 0x36, 0xAB, 0x22,
    0x09, 0x74, 0xDD, 0x38, 0x8F, 0xE0, 0xB6, 0x8F, 0xEE, 0xCF, 0x22, 0x9F, 0xE3, 0x3F, 0xBB, 0x52,
    0x38, 0x0C, 0x77, 0x28, 0xEA, 0x8D, 0x07, 0xF6, 0x8E, 0x77, 0x5A, 0x37, 0xB4, 0x75, 0xF3, 0xE8,
    0x7D, 0x1B, 0xE3, 0x0F, 0xDB, 0x36, 0xE7, 0x40, 0xD2, 0xD3, 0x56, 0x7F, 0x0A, 0xD9, 0xF8, 0x5F,
    0x41, 0x97, 0x3E, 0x56, 0xA7, 0xE3, 0x3D, 0x61, 0x6D, 0x1E, 0x6C, 0x75, 0xF2, 0x2D, 0xAD, 0xE3,
    0xB8, 0x92, 0xE0, 0xE3, 0x04, 0x79, 0x79, 0x04, 0x1F, 0xBC, 0x2B, 0x47, 0xF6, 0x7C, 0xFD, 0xAE,
    0x6C, 0x7E, 0x35, 0x78, 0x92, 0x2D, 0x2E, 0x09, 0xF4, 0xDD, 0x4A, 0xDE, 0xE0, 0x4C, 0x91, 0xDE,
    0x69, 0xD1, 0x5C, 0x5B, 0xBC, 0x13, 0xC6, 0xAA, 0xFE, 0x54, 0xB0, 0xCE, 0xA0, 0xE1, 0xE3, 0x2E,
    0xC9, 0x22, 0xB1, 0x07, 0xCA, 0x70, 0x42, 0x90, 0x33, 0xF9, 0x97, 0xE2, 0x6D, 0x6E, 0xFF, 0x00,
    0xC4, 0x5A, 0xCD, 0xCE, 0xAF, 0xAF, 0x6A, 0x37, 0x1A, 0xA6, 0xAB, 0x39, 0xC4, 0xB7, 0x97, 0xD2,
    0x6F, 0x95, 0x80, 0xE8, 0xA3, 0x3D, 0x14, 0x76, 0x55, 0x01, 0x47, 0x60, 0x05, 0x7D, 0x3F, 0xFF,
    0x00, 0x04, 0xD4, 0xF0, 0x69, 0xBC, 0xF8, 0x9D, 0xAE, 0xEB, 0xB0, 0xAE, 0x2C, 0x2D, 0x20, 0x79,
    0x64, 0xC0, 0xC0, 0x32, 0x30, 0x48, 0xAD, 0xD8, 0x7B, 0x1C, 0xEA, 0x03, 0xEA, 0x94, 0x4E, 0x94,
    0x63, 0x1B, 0x9D, 0x30, 0x6A, 0x49, 0xDD, 0x1F, 0xA4, 0x74, 0x51, 0x45, 0x72, 0x08, 0x28, 0xAA,
    0x2F, 0xAF, 0x69, 0xD1, 0xEA, 0x8B, 0xA6, 0xB5, 0xF5, 0xBA, 0xEA, 0x0C, 0xBB, 0x85, 0xA9, 0x90,
    0x09, 0x08, 0xF5, 0xDB, 0xD6, 0xA3, 0xD4, 0xBC, 0x43, 0x61, 0xA4, 0x6A, 0x16, 0x16, 0x77, 0x73,
    0x79, 0x12, 0xDF, 0x33, 0x24, 0x05, 0x94, 0xED, 0x66, 0x18, 0xF9, 0x77, 0x74, 0x04, 0xE7, 0x80,
    0x7A, 0xD3, 0xB3, 0x15, 0xD1, 0xA5, 0x45, 0x14, 0x52, 0x19, 0x2A, 0xFD, 0xD1, 0xF4, 0xA5, 0xA4,
    0x5F, 0xBA, 0x3E, 0x94, 0xB4, 0x00, 0x56, 0x3F, 0x8A, 0x2E, 0x4D, 0x9F, 0x87, 0x75, 0x59, 0xC1,
    0xC3, 0x25, 0xB4, 0x8C, 0x3E, 0xBB, 0x4E, 0x2B, 0x62, 0xB9, 0x7F, 0x89, 0x33, 0x79, 0x1E, 0x0A,
    0xD5, 0x5B, 0x38, 0xCC, 0x61, 0x7F, 0x36, 0x03, 0xFA, 0xD4, 0xC9, 0xDA, 0x2D, 0x8D, 0x6E, 0x7E,
    0x7D, 0xFC, 0x2F, 0xF1, 0x4F, 0x8E, 0xBC, 0x31, 0xF1, 0xDF, 0xC4, 0xBA, 0x37, 0x81, 0xFC, 0x4B,
    0x6B, 0x04, 0x1A, 0x86, 0xB9, 0x34, 0x6D, 0x69, 0xAA, 0xC7, 0xFB, 0x89, 0x24, 0x65, 0x49, 0x08,
    0x25, 0x43, 0x6D, 0x1E, 0x6C, 0xC2, 0x2D, 0xC1, 0x0B, 0x61, 0x7E, 0xF0, 0x04, 0x01, 0xF7, 0x07,
    0xC1, 0x6F, 0x8B, 0x0F, 0xF1, 0x2F, 0x4A, 0xBF, 0xB6, 0xD5, 0x2C, 0x46, 0x91, 0xE2, 0x9D, 0x1E,
    0x73, 0x6B, 0xAA, 0x69, 0xDD, 0xA3, 0x90, 0x12, 0x37, 0x2F, 0x27, 0xE5, 0x25, 0x58, 0x0E, 0x4F,
    0x4C, 0x82, 0x54, 0xAB, 0x1F, 0xCC, 0x51, 0xA8, 0x6B, 0xA7, 0xE3, 0xB6, 0xA7, 0x67, 0xE1, 0xED,
    0x26, 0xE3, 0x55, 0xD7, 0x7F, 0xB7, 0xEE, 0x3E, 0xCC, 0x96, 0xF7, 0x72, 0xDB, 0x3A, 0x39, 0xBC,
    0x85, 0x86, 0x1D, 0x1D, 0x00, 0x2C, 0x36, 0x2E, 0x58, 0xE0, 0x67, 0x3C, 0x1C, 0x11, 0xD4, 0x58,
    0x2F, 0xC6, 0xEB, 0x3F, 0x89, 0x3E, 0x28, 0xD5, 0x60, 0xF0, 0xDE, 0xBD, 0x75, 0xE2, 0x7D, 0x02,
    0xDC, 0x5D, 0x6A, 0x82, 0xCF, 0x5B, 0xF3, 0xE6, 0x88, 0x29, 0x2E, 0x77, 0x11, 0x70, 0x44, 0xAC,
    0xD0, 0xFD, 0x9D, 0x04, 0x5F, 0x33, 0x30, 0x8B, 0x01, 0x49, 0x0D, 0x5D, 0xDE, 0xCD, 0x4A, 0x11,
    0xB3, 0x5B, 0x20, 0x77, 0xBB, 0xD0, 0xFD, 0x58, 0xAF, 0x25, 0xF8, 0xF5, 0xF0, 0x43, 0x4B, 0xF8,
    0x9F, 0x65, 0x6D, 0xAA, 0xB2, 0x69, 0x71, 0x6A, 0xDA, 0x62, 0x96, 0xF3, 0x35, 0x78, 0x04, 0xB6,
    0x97, 0x10, 0x0C, 0x96, 0x8A, 0x71, 0xD4, 0x28, 0xC9, 0x21, 0xC7, 0xCC, 0x99, 0x6C, 0x70, 0xCD,
    0x9F, 0xCF, 0xCF, 0x82, 0xFE, 0x38, 0xF1, 0x87, 0x8E, 0x3C, 0x43, 0xA4, 0xC9, 0xE1, 0x5F, 0x0F,
    0xEA, 0x3A, 0xEF, 0x8B, 0x8C, 0x17, 0x32, 0x6A, 0x73, 0xE9, 0xD7, 0xEB, 0x65, 0x71, 0x24, 0xAF,
    0xE5, 0xB3, 0xC9, 0x71, 0x32, 0x4B, 0x1E, 0xE1, 0xB8, 0x49, 0xF7, 0xD8, 0xAE, 0xE6, 0x5E, 0xE5,
    0x2B, 0x96, 0xF8, 0xD1, 0xE3, 0x3F, 0x1F, 0x41, 0xE2, 0x3F, 0x1A, 0x69, 0x3A, 0xEE, 0x9F, 0xAE,
    0xA6, 0xB6, 0xF0, 0xA5, 0xB5, 0xE4, 0x30, 0xEA, 0x52, 0x6A, 0x0F, 0x6B, 0x64, 0x44, 0x7F, 0xBA,
    0x92, 0x58, 0xA5, 0x93, 0xF7, 0x79, 0x13, 0x96, 0x46, 0x62, 0x3E, 0x63, 0x95, 0xE0, 0x62, 0x55,
    0x1B, 0x3D, 0x24, 0x11, 0xE6, 0x6E, 0xD6, 0x67, 0xB8, 0xF8, 0x5E, 0x4F, 0x1B, 0xFC, 0x3F, 0x6D,
    0x67, 0xC4, 0xBF, 0x0A, 0x2E, 0xE0, 0x9B, 0xC3, 0xDA, 0x2C, 0x62, 0xE7, 0x59, 0xD3, 0x4E, 0xA6,
    0xF2, 0xDA, 0x5B, 0xC1, 0xE5, 0x99, 0x03, 0xA2, 0x4E, 0x8B, 0x70, 0xA9, 0xE5, 0x82, 0x54, 0x3A,
    0x48, 0x0E, 0x58, 0xAB, 0x0E, 0xDD, 0x4F, 0x87, 0xFF, 0x00, 0xE0, 0xA6, 0xE7, 0x56, 0x82, 0xCE,
    0x07, 0xF0, 0x2C, 0x62, 0xF6, 0x48, 0x95, 0x64, 0x92, 0x4D, 0x54, 0x42, 0x82, 0x56, 0x38, 0xCF,
    0x95, 0xE5, 0xB3, 0xAA, 0x28, 0xC3, 0x36, 0x79, 0x03, 0x38, 0xCE, 0x01, 0x3F, 0x28, 0x5C, 0xFC,
    0x73, 0xD7, 0xF4, 0x8D, 0x17, 0xC7, 0x49, 0xA1, 0x45, 0x6C, 0xBA, 0x4C, 0xF6, 0xD1, 0x68, 0xF7,
    0xF7, 0x17, 0x45, 0xCE, 0xEB, 0x79, 0x7C, 0x9F, 0xDC, 0xAF, 0xCE, 0xAB, 0xBF, 0x09, 0x33, 0x20,
    0x01, 0x89, 0x4F, 0x3B, 0x8C, 0x02, 0x6B, 0xCB, 0x20, 0x9F, 0x5A, 0xB0, 0xBD, 0xD3, 0xBC, 0x3B,
    0xE5, 0xDC, 0x41, 0xE2, 0x6B, 0xED, 0xAC, 0x15, 0x9C, 0x88, 0xD9, 0x5F, 0x2C, 0xD3, 0xBE, 0x07,
    0xDD, 0xC1, 0x66, 0x38, 0x19, 0xCA, 0xE3, 0x82, 0x2B, 0xA3, 0xD9, 0x46, 0xEF, 0x98, 0x76, 0x6D,
    0x2B, 0xAD, 0x4F, 0xBD, 0xFC, 0x73, 0xFF, 0x00, 0x05, 0x1D, 0xB9, 0xBC, 0x6D, 0x4F, 0x42, 0xF0,
    0xFA, 0x69, 0x1A, 0x0E, 0xAD, 0x6D, 0x02, 0x44, 0xFA, 0x95, 0xCB, 0x3D, 0xDC, 0x2D, 0x3B, 0xB8,
    0x04, 0xC0, 0xC4, 0x22, 0x02, 0x91, 0x92, 0xC3, 0xCE, 0xDA, 0x8C, 0xD9, 0x05, 0xB6, 0xA1, 0x66,
    0xF1, 0xED, 0x0A, 0x6B, 0xCF, 0x15, 0x6A, 0xB2, 0x5A, 0x43, 0x35, 0xC2, 0xDE, 0xDE, 0xB7, 0xDB,
    0x6F, 0xB5, 0x2D, 0x49, 0xCB, 0xCF, 0x36, 0x7A, 0xDC, 0x3C, 0x8E, 0x07, 0x9A, 0xC4, 0x0E, 0x1F,
    0x88, 0xD5, 0x47, 0x1B, 0x50, 0x2A, 0xD7, 0x3D, 0xA6, 0x69, 0x16, 0x3A, 0x0F, 0x87, 0x2C, 0xFC,
    0x2B, 0xA6, 0x85, 0xFB, 0x24, 0x0A, 0x66, 0xB8, 0xB8, 0x9D, 0x41, 0x67, 0x62, 0x00, 0x7B, 0x89,
    0x33, 0x91, 0xBD, 0xB6, 0x85, 0x50, 0x72, 0x15, 0x55, 0x40, 0xC8, 0x4E, 0x60, 0xF0, 0x97, 0xC3,
    0xDB, 0x8F, 0x19, 0xF8, 0x96, 0x3B, 0x1D, 0x05, 0xBF, 0xB2, 0x7C, 0x27, 0x6A, 0xAC, 0xDA, 0x98,
    0x92, 0x31, 0x34, 0x33, 0xB3, 0xA7, 0xC8, 0x82, 0x39, 0x32, 0x9E, 0x6B, 0x29, 0xDC, 0x58, 0x00,
    0xC8, 0x85, 0x72, 0xDB, 0x9F, 0x6A, 0xDC, 0x60, 0xA1, 0xAA, 0x47, 0x14, 0xE7, 0x1A, 0x89, 0xAB,
    0xD9, 0x2E, 0xBF, 0xD7, 0xE0, 0x8E, 0xD7, 0x52, 0xF1, 0x93, 0xEA, 0x9A, 0x3D, 0xD7, 0x86, 0xFC,
    0x07, 0x04, 0x91, 0xF8, 0x69, 0x0B, 0x47, 0xA8, 0xEA, 0xA8, 0x1C, 0xCD, 0xAB, 0x31, 0x5C, 0xB7,
    0x23, 0xE7, 0xFB, 0x31, 0xCF, 0x24, 0x7C, 0xF2, 0xF3, 0x85, 0x29, 0xF2, 0x3E, 0x35, 0xCE, 0x95,
    0xA7, 0x5B, 0x78, 0x5A, 0xEA, 0xF6, 0x5B, 0xA7, 0x94, 0xC7, 0x0E, 0xD5, 0xB7, 0x89, 0x84, 0x48,
    0x8C, 0x47, 0xC8, 0x3E, 0x43, 0xF3, 0x0C, 0x9E, 0x0E, 0x48, 0x23, 0x04, 0x64, 0x73, 0x5D, 0x1E,
    0x9D, 0x6B, 0xE2, 0x3F, 0x02, 0xDB, 0xDC, 0xAE, 0xA3, 0x15, 0xBD, 0xED, 0x80, 0x95, 0xE4, 0x32,
    0xD9, 0x96, 0x68, 0xE2, 0x5C, 0xFD, 0xE3, 0xF2, 0x99, 0x47, 0x00, 0x64, 0x62, 0x62, 0x48, 0xCE,
    0xE5, 0x15, 0xE7, 0xBE, 0x34, 0xD6, 0x23, 0xD5, 0xAF, 0x5E, 0xE6, 0x1B, 0x66, 0x1A, 0x64, 0xF2,
    0x60, 0x3C, 0x2C, 0x8C, 0xBE, 0x66, 0x33, 0x94, 0x65, 0x62, 0x86, 0x4E, 0xA5, 0xA3, 0x2D, 0xCE,
    0x70, 0x76, 0x36, 0x1D, 0x6E, 0xE9, 0x6C, 0x60, 0x93, 0x9B, 0xB4, 0x76, 0xEE, 0xBF, 0x53, 0x84,
    0x68, 0x62, 0xB5, 0x00, 0xC3, 0x04, 0x62, 0x56, 0xC2, 0x20, 0xE1, 0x77, 0x31, 0x38, 0x00, 0xB1,
    0xE9, 0xC9, 0x1C, 0x9F, 0xA9, 0xAF, 0xD4, 0x7F, 0xD8, 0xCB, 0xE1, 0x33, 0x7C, 0x2D, 0xF8, 0x33,
    0x62, 0xF7, 0x71, 0x34, 0x7A, 0xB6, 0xB4, 0xC3, 0x51, 0xB8, 0x12, 0x21, 0x57, 0x44, 0x60, 0x3C,
    0xA4, 0x2A, 0x79, 0x53, 0xB7, 0xF7, 0x8C, 0x9F, 0xC3, 0x24, 0xB2, 0x57, 0xC6, 0x9F, 0xB2, 0x37,
    0xC1, 0x08, 0xBE, 0x2F, 0x7C, 0x54, 0x8A, 0xE3, 0x50, 0x30, 0xDC, 0x78, 0x6F, 0x46, 0x1F, 0x6A,
    0x9C, 0x6E, 0xCA, 0xDD, 0x73, 0xB4, 0x46, 0x01, 0xE7, 0x04, 0xFC, 0xAE, 0x08, 0xE1, 0x3C, 0xC5,
    0x65, 0x52, 0xE8, 0x4F, 0xEA, 0x15, 0x71, 0x57, 0x9D, 0xDF, 0x2A, 0x3D, 0x08, 0x27, 0x18, 0xEB,
    0xBB, 0x0A, 0xF1, 0x5F, 0x8B, 0xDF, 0xB4, 0x78, 0xF8, 0x49, 0xE3, 0x9D, 0x3B, 0x44, 0xBB, 0xD0,
    0x66, 0xB9, 0xB1, 0xB9, 0x84, 0x4C, 0x6F, 0x3C, 0xCD, 0x9B, 0xF2, 0x48, 0x22, 0x3C, 0x8C, 0x31,
    0x5C, 0x0C, 0x82, 0x47, 0x51, 0xD3, 0xA9, 0xF4, 0x4F, 0x89, 0x9A, 0xA6, 0xB9, 0xA2, 0xF8, 0x0F,
    0x5B, 0xBE, 0xF0, 0xDD, 0xAA, 0x5E, 0xEB, 0x76, 0xF6, 0xE6, 0x4B, 0x78, 0x1C, 0x67, 0x71, 0x04,
    0x6E, 0xC0, 0xEE, 0x42, 0xEE, 0x20, 0x77, 0x20, 0x0A, 0xF9, 0xDF, 0xC1, 0xBE, 0x32, 0x87, 0xF6,
    0xB6, 0xF8, 0x71, 0xAD, 0xF8, 0x57, 0x5F, 0x86, 0xDD, 0x3C, 0x4F, 0x67, 0x09, 0xBC, 0xD3, 0xEF,
    0x63, 0x4D, 0x9F, 0x38, 0xE0, 0x36, 0x3F, 0x84, 0x86, 0x21, 0x5B, 0x1C, 0x15, 0x7E, 0x2B, 0x18,
    0x47, 0xED, 0x3D, 0x88, 0x9C, 0xBA, 0x2D, 0xCE, 0x87, 0xE3, 0x77, 0x87, 0xE1, 0xF1, 0x2F, 0x87,
    0x2D, 0x7E, 0x2B, 0x78, 0x2E, 0xE9, 0xEE, 0x24, 0x82, 0x25, 0x96, 0xF2, 0x28, 0x98, 0x81, 0x71,
    0x02, 0xF0, 0x5B, 0x1F, 0xC3, 0x24, 0x78, 0xE7, 0xB8, 0x00, 0xFA, 0x60, 0xF5, 0xFE, 0x0E, 0xD7,
    0xE0, 0xF8, 0xE7, 0xF0, 0xBA, 0x6B, 0x79, 0x64, 0x07, 0x54, 0x85, 0x15, 0x92, 0x6E, 0x84, 0x49,
    0x8C, 0xC7, 0x27, 0xB6, 0x70, 0x41, 0xFA, 0x35, 0x79, 0x07, 0xEC, 0x53, 0xE3, 0x59, 0xAE, 0xEE,
    0x75, 0xAF, 0x07, 0xEA, 0x6A, 0x5E, 0x19, 0xA2, 0x79, 0x84, 0x12, 0x8C, 0x85, 0x91, 0x08, 0x49,
    0x17, 0x1F, 0xED, 0x2B, 0x02, 0x47, 0xFB, 0x26, 0xB4, 0xBF, 0x67, 0x16, 0x93, 0xC1, 0x7F, 0x17,
    0x7C, 0x43, 0xE1, 0x3D, 0xC4, 0xC1, 0x6F, 0x77, 0x73, 0x67, 0x18, 0x27, 0xAA, 0x02, 0x5D, 0x0F,
    0xE4, 0x87, 0xFE, 0xFA, 0xAD, 0x9A, 0xB2, 0x71, 0xEA, 0xB6, 0x39, 0xEE, 0xAE, 0xA5, 0xDF, 0x46,
    0x7B, 0xF7, 0xC2, 0xFF, 0x00, 0x14, 0xCB, 0xE2, 0xAF, 0x0A, 0x43, 0x2D, 0xD1, 0x3F, 0xDA, 0x16,
    0xAE, 0x6D, 0x6E, 0x81, 0xE0, 0xF9, 0x8B, 0xDC, 0xFD, 0x46, 0x0F, 0xD4, 0x9A, 0xEB, 0x6B, 0xCC,
    0xBC, 0x0A, 0x7F, 0xB1, 0xFE, 0x2C, 0x78, 0xCF, 0x49, 0x5E, 0x22, 0x9C, 0x25, 0xF2, 0xAF, 0x60,
    0x4E, 0x0B, 0x11, 0xFF, 0x00, 0x7F, 0x3F, 0x4A, 0xF4, 0xDA, 0xE7, 0x92, 0xB3, 0x3A, 0x69, 0xB6,
    0xE3, 0xA9, 0x2A, 0xFD, 0xD1, 0xF4, 0xA5, 0xA4, 0x5F, 0xBA, 0x3E, 0x94, 0xB5, 0x06, 0x81, 0x5C,
    0x57, 0xC5, 0xB9, 0xBC, 0xBF, 0x04, 0x5E, 0xAE, 0x71, 0xBD, 0xE3, 0x5F, 0xFC, 0x7C, 0x1F, 0xE9,
    0x5D, 0xAD, 0x70, 0x1F, 0x19, 0xDF, 0xCB, 0xF0, 0x7E, 0x3F, 0xBF, 0x72, 0x83, 0xF4, 0x63, 0xFD,
    0x2B, 0x2A, 0xBA, 0x41, 0x95, 0x1D, 0xD1, 0xF9, 0x69, 0xE2, 0x6F, 0x15, 0xF8, 0x9B, 0xE1, 0xFF,
    0x00, 0xC6, 0x6D, 0x5B, 0xC7, 0xBA, 0x1D, 0x84, 0x16, 0xD7, 0x1F, 0xF0, 0x90, 0x5C, 0x69, 0xF6,
    0x56, 0xF2, 0x15, 0x73, 0x3D, 0xCA, 0xC6, 0x13, 0x20, 0x48, 0x55, 0x47, 0xCB, 0x12, 0xCC, 0x0F,
    0xCE, 0xA0, 0xB8, 0xCE, 0x49, 0x0B, 0x5F, 0x73, 0xFE, 0xC7, 0xBE, 0x2F, 0xD0, 0x9B, 0xC1, 0xBA,
    0xAE, 0x97, 0x61, 0x1D, 0xE4, 0xFF, 0x00, 0x10, 0x67, 0x13, 0x6A, 0x9A, 0x90, 0xD5, 0xF6, 0xC5,
    0x26, 0xA1, 0x39, 0x20, 0xB3, 0x2B, 0x8C, 0xE1, 0x03, 0x4A, 0x80, 0x82, 0x01, 0x1E, 0x68, 0x72,
    0xB8, 0x91, 0x4B, 0x7C, 0x83, 0xFB, 0x51, 0x6A, 0xD3, 0x69, 0x9F, 0x18, 0x3C, 0x3A, 0xF7, 0x76,
    0xF1, 0x5F, 0x69, 0x43, 0x48, 0x21, 0x6D, 0xAE, 0x50, 0x3C, 0x6D, 0x99, 0xCF, 0x9E, 0x30, 0x7A,
    0x12, 0x3C, 0x8E, 0x46, 0x08, 0x21, 0x79, 0xE9, 0x5E, 0xB3, 0xFB, 0x32, 0x2C, 0xAF, 0xFB, 0x41,
    0x78, 0x23, 0xEC, 0x17, 0x32, 0xC9, 0x65, 0x04, 0x3A, 0xAC, 0x52, 0xB4, 0xAD, 0xB9, 0xE4, 0xB7,
    0xF2, 0x22, 0x78, 0x51, 0x9B, 0xF8, 0xB6, 0x34, 0xA4, 0x13, 0xFC, 0x4D, 0x93, 0xE8, 0x07, 0x12,
    0xC7, 0x4A, 0x55, 0xE1, 0x87, 0xB6, 0x8D, 0x7E, 0x4A, 0xFF, 0x00, 0xD7, 0xF5, 0x6F, 0xA5, 0x79,
    0x64, 0x1E, 0x5C, 0xF1, 0x97, 0xD7, 0xF0, 0xDE, 0xD6, 0xFE, 0xBF, 0xE1, 0xFE, 0x81, 0x8B, 0xC1,
    0x5F, 0x19, 0xBE, 0x2E, 0xC7, 0x8F, 0x18, 0x6B, 0xD6, 0xDF, 0x0D, 0xB4, 0x36, 0x25, 0x5B, 0x49,
    0xF0, 0xD9, 0x13, 0x5F, 0x4C, 0x9F, 0xED, 0xCE, 0x4B, 0x24, 0x64, 0x8C, 0xF0, 0xA5, 0xC1, 0x18,
    0xE0, 0x1A, 0xF4, 0xFF, 0x00, 0x86, 0xDF, 0x08, 0xBC, 0x2D, 0xF0, 0x9F, 0x45, 0xB8, 0xD3, 0x7C,
    0x3D, 0xA7, 0x79, 0x2B, 0x74, 0xDE, 0x65, 0xE5, 0xCD, 0xC3, 0x99, 0xAE, 0x2E, 0xDF, 0x18, 0xDD,
    0x2C, 0x8D, 0x92, 0xDC, 0x67, 0x03, 0xA0, 0xC9, 0xC0, 0x02, 0xBB, 0x2A, 0xE2, 0x7C, 0x47, 0xF1,
    0xC3, 0xE1, 0xE7, 0x84, 0x35, 0x36, 0xD3, 0x75, 0xAF, 0x1C, 0xF8, 0x7B, 0x4C, 0xD4, 0x97, 0xEF,
    0x59, 0x5C, 0xEA, 0x70, 0xA4, 0xEB, 0xF5, 0x8C, 0xB6, 0xE1, 0xF9, 0x57, 0xA7, 0x76, 0xCF, 0x9A,
    0xD5, 0xEC, 0x7C, 0xD9, 0xFB, 0x70, 0xFC, 0x02, 0xD3, 0x74, 0x2F, 0x84, 0xCF, 0xE2, 0xAF, 0x05,
    0xD9, 0x68, 0xFE, 0x18, 0xB3, 0xD0, 0x22, 0xB8, 0x6D, 0x47, 0x4B, 0xB6, 0xB4, 0x4B, 0x5B, 0x6B,
    0xA8, 0x2E, 0x0C, 0x31, 0xCB, 0x2B, 0x79, 0x6B, 0xF7, 0xD1, 0x63, 0x5E, 0x70, 0x58, 0xA6, 0xE0,
    0x39, 0xC0, 0x3F, 0x06, 0x4B, 0xAC, 0x8B, 0x8F, 0x11, 0x5D, 0xF8, 0x82, 0xD5, 0x52, 0xE7, 0x53,
    0xBF, 0x8A, 0x2B, 0x68, 0x2E, 0x11, 0x31, 0xBA, 0x21, 0x80, 0xA5, 0x01, 0xE8, 0x24, 0x38, 0x61,
    0x9E, 0x89, 0xB3, 0x23, 0x3B, 0xAB, 0xF4, 0x43, 0xF6, 0xC9, 0xF8, 0xE1, 0xE1, 0x4F, 0x10, 0x7E,
    0xCE, 0xFA, 0xA6, 0x95, 0xE1, 0x7F, 0x12, 0xE9, 0x1E, 0x21, 0x3E, 0x23, 0xBB, 0x8B, 0x45, 0x95,
    0xB4, 0xBB, 0xD8, 0xAE, 0x4C, 0x70, 0x10, 0xD3, 0x5D, 0x64, 0x23, 0x1C, 0x1F, 0xB3, 0xC1, 0x38,
    0x19, 0xC6, 0x18, 0x8A, 0xFC, 0xF1, 0xD0, 0x18, 0xCB, 0xAB, 0x4F, 0x7A, 0x44, 0x4A, 0xD0, 0x92,
    0x90, 0x99, 0x3E, 0x58, 0x92, 0x56, 0x5C, 0xB3, 0xB7, 0xF7, 0x51, 0x13, 0x24, 0x9E, 0x81, 0x4B,
    0x1E, 0xD5, 0xDF, 0x87, 0x6D, 0xC7, 0x53, 0x2A, 0xBF, 0x0A, 0xD3, 0x57, 0xF9, 0x7F, 0xC3, 0x9D,
    0xC6, 0x8F, 0xA5, 0x5E, 0xEA, 0x77, 0x16, 0x9A, 0x15, 0xB4, 0xD1, 0xDC, 0x6A, 0x17, 0x72, 0x11,
    0x34, 0xF7, 0x1F, 0xEA, 0xE5, 0x99, 0x53, 0x7B, 0x06, 0xE0, 0x8D, 0x88, 0xBB, 0x49, 0x5C, 0x1C,
    0xEE, 0x89, 0x08, 0x2A, 0xEE, 0x47, 0xAF, 0xE9, 0x43, 0x5D, 0xF0, 0x26, 0x8F, 0x06, 0x9A, 0x9A,
    0x4D, 0xAD, 0xF4, 0x4A, 0x09, 0x1F, 0x63, 0x9C, 0x86, 0x2E, 0x49, 0x2F, 0x24, 0x92, 0x48, 0xD9,
    0x76, 0x66, 0x25, 0x8B, 0x6D, 0xC9, 0x24, 0x9A, 0xF3, 0x6D, 0x3F, 0x59, 0xB7, 0xF0, 0x26, 0x89,
    0x06, 0xA1, 0x2D, 0xBC, 0xAD, 0x7B, 0x14, 0xD6, 0xF7, 0x12, 0x3C, 0xC5, 0x23, 0x68, 0x61, 0x92,
    0x46, 0x48, 0x91, 0xCB, 0x38, 0xC3, 0x31, 0x69, 0x5D, 0x80, 0xC8, 0x57, 0x77, 0xCE, 0x13, 0x15,
    0xBF, 0xA8, 0x7C, 0x60, 0x49, 0xA3, 0x12, 0x5A, 0x5A, 0xC9, 0x76, 0x25, 0x07, 0x64, 0xD1, 0xA3,
    0x37, 0x1D, 0x37, 0x0D, 0xFE, 0x5A, 0x3A, 0xFA, 0x6D, 0x93, 0xF2, 0xAD, 0xFC, 0xCF, 0x3A, 0xA2,
    0x9C, 0xBD, 0xD8, 0xAB, 0xC7, 0xF5, 0x2B, 0xFC, 0x43, 0xF1, 0xF4, 0xF7, 0x56, 0x5F, 0xD9, 0x1F,
    0x66, 0x6B, 0x5B, 0xB2, 0x77, 0x5C, 0x26, 0xF2, 0x14, 0x2F, 0x50, 0x3C, 0xC7, 0x08, 0xBE, 0xE7,
    0x9E, 0xC3, 0xD6, 0xBC, 0xC2, 0xCD, 0x5B, 0x56, 0xD7, 0x16, 0xC3, 0x4D, 0xB9, 0xD9, 0x7B, 0x38,
    0x54, 0xB8, 0x9A, 0xD5, 0xBC, 0xC5, 0x8E, 0x12, 0x4E, 0x7C, 0xC2, 0x81, 0x83, 0x2F, 0xCA, 0xC4,
    0xA9, 0x0C, 0x38, 0x24, 0xA9, 0x0A, 0x6A, 0xC6, 0xAF, 0xAB, 0xDE, 0xDE, 0x5E, 0x79, 0x8F, 0x6D,
    0xF6, 0xAB, 0xFB, 0xA9, 0x08, 0x48, 0xA5, 0x98, 0x91, 0x29, 0xFF, 0x00, 0xAE, 0x71, 0x85, 0x64,
    0xE9, 0xC9, 0x13, 0x10, 0x00, 0xF6, 0xCD, 0x7D, 0x9B, 0xF0, 0x9F, 0xF6, 0x46, 0xF0, 0x37, 0x85,
    0x3C, 0x19, 0x63, 0xAD, 0xFC, 0x5F, 0xBC, 0xB3, 0xB3, 0xD5, 0xF5, 0x06, 0x59, 0x56, 0xCE, 0x7B,
    0xD1, 0xA7, 0xC7, 0x6C, 0x06, 0x0A, 0x47, 0xE7, 0x6E, 0x59, 0x9D, 0x81, 0x25, 0x88, 0x69, 0x48,
    0x04, 0xE3, 0x07, 0x19, 0x39, 0xD4, 0x9A, 0x8A, 0xD4, 0xED, 0xA1, 0x46, 0x11, 0xB3, 0xFC, 0x8F,
    0x9A, 0x7E, 0x15, 0x78, 0xD7, 0xC3, 0xBA, 0x1F, 0xC4, 0x2B, 0xEB, 0x88, 0xB5, 0x7D, 0x46, 0x3D,
    0x36, 0xCA, 0x67, 0xB2, 0xD3, 0x6F, 0x34, 0x9B, 0x83, 0xA7, 0xCE, 0x02, 0x7C, 0x9F, 0x68, 0x68,
    0xE3, 0xC0, 0x6C, 0xED, 0xF9, 0x22, 0x75, 0x68, 0xD5, 0x30, 0x85, 0x1B, 0x2C, 0x4F, 0xE8, 0x5F,
    0xEC, 0xFF, 0x00, 0xF1, 0xAA, 0x3F, 0x8A, 0xF6, 0x3A, 0xA5, 0x8C, 0xB2, 0xAD, 0xE6, 0xA5, 0xA3,
    0x88, 0x4C, 0x9A, 0x8D, 0xBC, 0x0D, 0x15, 0xBD, 0xF4, 0x32, 0xF9, 0x82, 0x39, 0x91, 0x5B, 0xEE,
    0x9D, 0xD0, 0xCA, 0xAE, 0xA0, 0xB0, 0x56, 0x43, 0x86, 0x20, 0x8A, 0xE3, 0xE6, 0xFD, 0x8E, 0xBF,
    0x67, 0xBF, 0x14, 0x58, 0x4B, 0x73, 0x63, 0xE1, 0xDD, 0x36, 0x3B, 0x4B, 0x75, 0x01, 0xE6, 0xD2,
    0x35, 0x59, 0xA2, 0x8A, 0x20, 0x14, 0x72, 0x44, 0x72, 0xEC, 0x07, 0x1C, 0x92, 0x47, 0x3C, 0x93,
    0x92, 0x49, 0xA6, 0x7C, 0x2B, 0xF8, 0x8F, 0xF0, 0x07, 0xE0, 0xE5, 0xBC, 0xFE, 0x1A, 0xF0, 0x6F,
    0x88, 0xE3, 0xBB, 0x67, 0x93, 0xF7, 0xD2, 0xD9, 0xFD, 0xAB, 0x54, 0x2E, 0x46, 0x40, 0x53, 0x3A,
    0x2B, 0xAE, 0xD5, 0xC9, 0xC2, 0x82, 0x14, 0x65, 0x8E, 0x32, 0x49, 0x3C, 0xB3, 0x94, 0x66, 0xBD,
    0xD5, 0xA9, 0xBD, 0x9F, 0x33, 0x77, 0xB9, 0xA1, 0xA7, 0xFC, 0x0A, 0xF1, 0x65, 0xA7, 0xC7, 0xCB,
    0xAF, 0x18, 0xC9, 0xAE, 0xC0, 0xFA, 0x3C, 0x97, 0x4D, 0x70, 0x1B, 0xCD, 0x93, 0xED, 0x02, 0x23,
    0xD2, 0x0D, 0x98, 0xDB, 0xB4, 0x0F, 0x97, 0xA9, 0x1B, 0x79, 0xC6, 0x6B, 0xC7, 0x7F, 0x64, 0x88,
    0x9B, 0x50, 0xF8, 0xE7, 0xAD, 0xEA, 0x56, 0x51, 0x98, 0x74, 0xCF, 0xF4, 0xDB, 0x80, 0x31, 0x85,
    0x58, 0x59, 0xC0, 0x40, 0x7D, 0x39, 0x23, 0x8F, 0x6A, 0xFB, 0x27, 0xC3, 0x3E, 0x2D, 0xD1, 0x7C,
    0x67, 0xA7, 0x1B, 0xFD, 0x07, 0x55, 0xB3, 0xD5, 0xEC, 0xC3, 0x98, 0xDA, 0x6B, 0x39, 0x96, 0x40,
    0x8E, 0x3A, 0xA3, 0x60, 0xFC, 0xAC, 0x3B, 0xA9, 0xC1, 0x1D, 0xC5, 0x73, 0xDE, 0x2F, 0xF0, 0x0A,
    0x47, 0xE0, 0x8F, 0x13, 0xD9, 0x78, 0x3E, 0xC2, 0xC3, 0x46, 0xD6, 0x35, 0x5B, 0x77, 0x53, 0x34,
    0x11, 0x2C, 0x3E, 0x63, 0xB6, 0x41, 0xDC, 0xCA, 0x3A, 0x90, 0x5B, 0x07, 0xB1, 0x39, 0xA8, 0x55,
    0x1D, 0xAC, 0xFD, 0x0C, 0x5D, 0x3B, 0x3B, 0xAF, 0x53, 0xE5, 0x7F, 0xD9, 0x65, 0x86, 0xB1, 0xFB,
    0x41, 0xEA, 0xF7, 0xF6, 0x63, 0xFD, 0x0D, 0xE7, 0xBF, 0xBA, 0x5D, 0xBD, 0x3C, 0xB6, 0x38, 0x07,
    0xF3, 0x75, 0xAE, 0xD3, 0xE1, 0xA0, 0xFE, 0xD3, 0xFD, 0xA9, 0x7C, 0x53, 0x75, 0x0F, 0x30, 0xA6,
    0xA9, 0x3A, 0x96, 0x1D, 0x32, 0x91, 0xC8, 0xA7, 0xF5, 0xC7, 0xE7, 0x5A, 0xBF, 0x0C, 0xBC, 0x0D,
    0xFF, 0x00, 0x0C, 0xC3, 0xF0, 0xF3, 0x5F, 0xF1, 0x57, 0x88, 0xBC, 0x83, 0xAD, 0xCF, 0x18, 0x82,
    0xDA, 0xD2, 0x27, 0x0F, 0xCE, 0x72, 0x91, 0xE4, 0x75, 0x2E, 0xF8, 0x27, 0x19, 0xC0, 0x5C, 0xF6,
    0x35, 0xA3, 0xFB, 0x2C, 0xF8, 0x32, 0x7D, 0x2F, 0x4D, 0xD4, 0x7C, 0x51, 0xAA, 0xB6, 0x27, 0xB9,
    0x32, 0x33, 0x4B, 0x27, 0x1B, 0x9D, 0x88, 0x69, 0x5B, 0xF0, 0xC2, 0x8C, 0xFF, 0x00, 0xBD, 0x5A,
    0xB7, 0x7B, 0xC9, 0x7A, 0x18, 0x59, 0xDE, 0x31, 0xF3, 0xB9, 0xDC, 0x68, 0x5F, 0xBF, 0xF8, 0xF7,
    0xE2, 0x27, 0x4E, 0x56, 0x1D, 0x39, 0x23, 0x63, 0xEE, 0x7C, 0xA3, 0xFD, 0x0F, 0xE5, 0x5E, 0x9B,
    0x5E, 0x71, 0xF0, 0x86, 0xD9, 0xF5, 0x4B, 0x8F, 0x11, 0x78, 0xA6, 0x54, 0x2A, 0x35, 0x6B, 0xB2,
    0x2D, 0xF7, 0x0E, 0x7C, 0x94, 0x24, 0x03, 0xFA, 0xE3, 0xFE, 0x03, 0x5E, 0x8F, 0x5C, 0xF3, 0xDE,
    0xC7, 0x45, 0x3D, 0x63, 0x7E, 0xE4, 0xAB, 0xF7, 0x47, 0xD2, 0x96, 0x91, 0x7E, 0xE8, 0xFA, 0x52,
    0xD4, 0x1A, 0x85, 0x79, 0xCF, 0xC6, 0xF3, 0x8F, 0x0A, 0xDB, 0x0F, 0x5B, 0xC5, 0xFF, 0x00, 0xD0,
    0x1E, 0xBD, 0x1A, 0xBC, 0xDB, 0xE3, 0x8B, 0x63, 0xC3, 0x76, 0x43, 0xB7, 0xDA, 0xC7, 0xFE, 0x80,
    0xD5, 0x8D, 0x6F, 0xE1, 0xB2, 0xA3, 0xB9, 0xF0, 0x47, 0xED, 0x95, 0xA3, 0x2C, 0xBA, 0x07, 0x85,
    0x75, 0x95, 0x50, 0x65, 0xB5, 0xBF, 0x96, 0xCD, 0x9B, 0xB8, 0x8E, 0x58, 0x59, 0xCF, 0xFE, 0x3F,
    0x04, 0x43, 0xF1, 0xAE, 0x8B, 0xF6, 0x35, 0xF1, 0x56, 0x9F, 0x65, 0xF1, 0x43, 0x4C, 0xD4, 0x75,
    0x3B, 0xC8, 0x2C, 0x34, 0xED, 0x37, 0xC3, 0x5A, 0xAE, 0xA1, 0x75, 0x75, 0x70, 0xE1, 0x23, 0x85,
    0x15, 0xEC, 0x55, 0x99, 0x89, 0xE0, 0x0F, 0x99, 0xB9, 0xAB, 0xFF, 0x00, 0xB5, 0x16, 0x90, 0xFA,
    0xA7, 0xC1, 0x9D, 0x5E, 0x58, 0xD3, 0x7C, 0x96, 0x13, 0xDA, 0xDF, 0x7D, 0x12, 0x39, 0xD0, 0xC8,
    0x7E, 0x9E, 0x5F, 0x99, 0x5F, 0x11, 0x6A, 0x1E, 0x25, 0x9F, 0x46, 0xB5, 0x37, 0x6F, 0x76, 0xD6,
    0xF1, 0x5B, 0xC0, 0xF0, 0x85, 0x12, 0x15, 0x0D, 0x97, 0x49, 0x30, 0x40, 0x3F, 0x31, 0x0D, 0x12,
    0x30, 0x04, 0x1C, 0x15, 0x0C, 0x39, 0x50, 0x47, 0x87, 0x6E, 0x5A, 0xF4, 0xEA, 0xDB, 0x6B, 0xAF,
    0xC1, 0xFF, 0x00, 0x99, 0xF7, 0xB9, 0x6C, 0x3E, 0xB7, 0x95, 0xD5, 0xC3, 0x73, 0x5B, 0x55, 0xAB,
    0xE9, 0xB3, 0xFD, 0x19, 0xF6, 0x3F, 0xED, 0x13, 0xFB, 0x6C, 0xDF, 0xF8, 0xE3, 0x50, 0xBA, 0xD2,
    0x7C, 0x3E, 0x6E, 0x6C, 0x7C, 0x38, 0x8C, 0x63, 0x4B, 0x48, 0xE5, 0x92, 0xDA, 0x6B, 0xC1, 0xD3,
    0x7D, 0xD3, 0xA1, 0x59, 0x15, 0x4F, 0x6B, 0x74, 0x65, 0x38, 0x23, 0xCD, 0x62, 0x4B, 0x42, 0xBE,
    0x3F, 0xE0, 0xFF, 0x00, 0x1E, 0x6B, 0xBE, 0x42, 0xB4, 0xDE, 0x26, 0x9B, 0xC2, 0xFA, 0x30, 0x7C,
    0x0B, 0x3D, 0x1E, 0x41, 0xA6, 0xC0, 0xC7, 0xB9, 0xF2, 0xE1, 0xD8, 0xA7, 0x1E, 0xBD, 0x4F, 0x3C,
    0xD4, 0x9F, 0x08, 0x7F, 0x67, 0x09, 0xBC, 0x41, 0xA4, 0x59, 0x6B, 0x7E, 0x3B, 0xBA, 0xBD, 0xD1,
    0xEC, 0xAE, 0x23, 0x59, 0x6D, 0xB4, 0x2B, 0x12, 0x22, 0xBF, 0xB9, 0x42, 0x01, 0x12, 0x4F, 0x23,
    0x02, 0x2D, 0xD1, 0xBA, 0x84, 0x00, 0xC8, 0x41, 0xCE, 0x63, 0xE0, 0x9F, 0xAB, 0xAC, 0x7F, 0x66,
    0xFF, 0x00, 0x0C, 0x78, 0x53, 0xE1, 0xF4, 0x9A, 0xD6, 0x93, 0xE0, 0xDD, 0x0E, 0xC2, 0xE9, 0x55,
    0x65, 0x44, 0x7B, 0x05, 0xBB, 0xB9, 0xF2, 0x7B, 0xB3, 0xDC, 0x5C, 0x79, 0x92, 0x93, 0x83, 0xBB,
    0x1B, 0xB1, 0x8C, 0xFD, 0x07, 0x26, 0x37, 0x10, 0xE4, 0xDC, 0x6A, 0x54, 0x69, 0xF6, 0x8F, 0x4F,
    0xCB, 0xF5, 0x3A, 0x68, 0xD5, 0xC0, 0xE0, 0x22, 0xA1, 0x42, 0x97, 0x3B, 0xFE, 0x67, 0xD5, 0xF9,
    0x68, 0xFF, 0x00, 0xCB, 0xCC, 0xF9, 0x3B, 0xE2, 0x6E, 0xB7, 0x0F, 0x8D, 0xF5, 0x7D, 0x3E, 0x27,
    0xD7, 0xDB, 0xC4, 0x62, 0xCA, 0xCE, 0xEA, 0x58, 0xAF, 0xA7, 0xB8, 0xF3, 0xE7, 0x8F, 0xE7, 0x82,
    0x31, 0xF3, 0xB1, 0x67, 0x03, 0x12, 0x37, 0x04, 0xE2, 0xBC, 0xB7, 0xC3, 0x76, 0xD2, 0x8F, 0x0E,
    0xDE, 0x6A, 0x05, 0xD9, 0x8D, 0xD3, 0x49, 0x1C, 0x44, 0x92, 0x76, 0xC4, 0x9B, 0x5A, 0x76, 0xCF,
    0x50, 0xC4, 0xBC, 0x09, 0xE8, 0xC8, 0x66, 0x15, 0xEC, 0xDF, 0xB4, 0x86, 0xB3, 0x67, 0xE1, 0xAB,
    0xBF, 0x0F, 0x88, 0xF4, 0xEB, 0x78, 0x5A, 0xF2, 0x1B, 0xD8, 0xAE, 0x2E, 0xA0, 0x85, 0x22, 0x2A,
    0x9B, 0x17, 0x60, 0x38, 0x00, 0x91, 0xE6, 0x88, 0xBE, 0x80, 0x1F, 0x51, 0x5E, 0x7F, 0x0A, 0x5B,
    0xE8, 0xD6, 0x0F, 0xA5, 0xDC, 0x29, 0x57, 0x83, 0x48, 0xB5, 0x80, 0x12, 0x3E, 0xF1, 0x92, 0x0F,
    0xB4, 0xC8, 0x0F, 0xA1, 0x12, 0x5D, 0x48, 0x9F, 0x44, 0x5F, 0x4A, 0xFA, 0xBC, 0x9A, 0xCF, 0x07,
    0x18, 0xF3, 0x37, 0xAB, 0xD5, 0xEE, 0x7C, 0x76, 0x75, 0x37, 0x2C, 0x5B, 0xAB, 0xCA, 0xA3, 0x74,
    0xB4, 0x5B, 0x76, 0xF2, 0x3D, 0x23, 0x52, 0xF1, 0x4C, 0xBA, 0x95, 0xDC, 0x57, 0x8D, 0x65, 0x65,
    0x1D, 0xF4, 0x68, 0x63, 0x4B, 0xC4, 0xB7, 0x06, 0x65, 0x53, 0x9C, 0xAA, 0xB9, 0xC9, 0x03, 0x93,
    0xC0, 0xF5, 0x35, 0xC0, 0xEB, 0x77, 0x6F, 0xA3, 0xDF, 0x97, 0x80, 0x1B, 0x93, 0x74, 0xC4, 0xB5,
    0xB8, 0x3F, 0x30, 0x7F, 0xEF, 0xFD, 0x3A, 0xE7, 0x3E, 0x9E, 0x83, 0x88, 0x87, 0x8A, 0x41, 0xD3,
    0xA1, 0x5B, 0x61, 0xE6, 0x4A, 0x90, 0x83, 0x24, 0xD2, 0x7C, 0xA8, 0x98, 0xC0, 0x24, 0xE7, 0xDC,
    0x81, 0xCF, 0x72, 0x00, 0xC9, 0x20, 0x1F, 0xA7, 0xBF, 0x61, 0xBF, 0x87, 0x9E, 0x02, 0xD7, 0xBC,
    0x42, 0x9A, 0xD7, 0x89, 0x35, 0x58, 0x6F, 0xBC, 0x56, 0x1C, 0xBE, 0x9D, 0xA4, 0x5E, 0x2E, 0xD4,
    0x7D, 0xBF, 0x37, 0x98, 0x84, 0xFC, 0xB2, 0x32, 0xE3, 0x22, 0x30, 0x77, 0x26, 0x03, 0xC8, 0xA0,
    0x94, 0x58, 0xFD, 0x7A, 0x95, 0xA3, 0x4F, 0x46, 0xF5, 0xEC, 0x7C, 0xF5, 0x1C, 0x34, 0xDA, 0x73,
    0x69, 0xF2, 0xA3, 0x77, 0xE0, 0x07, 0xC0, 0x0F, 0xF8, 0x54, 0x5E, 0x07, 0xD6, 0x7E, 0x33, 0x78,
    0xF6, 0xC0, 0xDD, 0xEA, 0x9A, 0x6E, 0x9D, 0x2E, 0xA1, 0xA5, 0xE8, 0xD2, 0x2F, 0x2A, 0x51, 0x0B,
    0xC6, 0x59, 0x48, 0xFB, 0xEC, 0xC1, 0x42, 0x2E, 0x38, 0x24, 0x31, 0x1B, 0xB6, 0x84, 0xE4, 0x7C,
    0x67, 0xF0, 0x57, 0xE2, 0x67, 0xC5, 0x9F, 0x84, 0x9E, 0x30, 0xF1, 0x41, 0xD7, 0xAE, 0x6E, 0x7C,
    0x75, 0x71, 0x00, 0x2D, 0x1D, 0x9E, 0xC0, 0x6E, 0x00, 0x60, 0xD2, 0x5A, 0xC4, 0xF8, 0x2C, 0x89,
    0xB3, 0x72, 0xAA, 0x23, 0x2A, 0xFC, 0xC0, 0x60, 0x92, 0xCC, 0xDF, 0x61, 0xFE, 0xD5, 0x06, 0x48,
    0xFF, 0x00, 0x67, 0x9F, 0x1D, 0xCD, 0x00, 0x0D, 0x73, 0x6F, 0xA6, 0xB5, 0xC4, 0x08, 0xC7, 0x01,
    0xE5, 0x8D, 0x83, 0xC6, 0xA7, 0xD8, 0xB2, 0xA8, 0xFC, 0x6B, 0x2F, 0xE0, 0x85, 0xFC, 0x1A, 0x87,
    0xC3, 0x8D, 0x3E, 0xE6, 0x04, 0x78, 0x92, 0x42, 0xCD, 0xB2, 0x41, 0x87, 0x53, 0x9E, 0x8D, 0xEE,
    0x3A, 0x1F, 0x71, 0x5F, 0x1D, 0x9C, 0x62, 0xEA, 0xD1, 0xE4, 0x9C, 0x7B, 0xFE, 0x56, 0x3E, 0x87,
    0x04, 0xA2, 0xA9, 0xCA, 0x49, 0x79, 0x1F, 0x98, 0xBE, 0x37, 0xB0, 0xD4, 0xB5, 0x0F, 0x83, 0x5A,
    0x1C, 0x9E, 0x06, 0xB0, 0x9B, 0x4F, 0xB0, 0xB3, 0x8A, 0x0D, 0x23, 0x5D, 0xD1, 0xE3, 0x53, 0x69,
    0xF6, 0xF9, 0xF1, 0x34, 0xCC, 0xF3, 0x2F, 0xCA, 0x66, 0x11, 0xF9, 0x44, 0x80, 0x4F, 0xCA, 0x5C,
    0xE3, 0x04, 0x57, 0x1F, 0xF0, 0xB7, 0xE2, 0xD5, 0xFD, 0xDA, 0x9D, 0x14, 0x68, 0x91, 0xEA, 0x31,
    0xA1, 0x1E, 0x65, 0xB5, 0xAD, 0x9D, 0xDC, 0x8A, 0xC4, 0x75, 0xDF, 0xE5, 0x4B, 0xED, 0xD7, 0x07,
    0xA5, 0x7D, 0x4D, 0xF1, 0x02, 0xE2, 0xCB, 0x59, 0xF1, 0x3F, 0x89, 0xE1, 0x11, 0xA4, 0xFA, 0x6D,
    0xDD, 0xFC, 0xCE, 0xA9, 0x92, 0x01, 0x1E, 0x69, 0x64, 0x60, 0x47, 0x4E, 0xDF, 0x51, 0x90, 0x72,
    0x09, 0x07, 0xCA, 0xEC, 0xFE, 0x10, 0xC3, 0xA5, 0x78, 0x26, 0xF7, 0xC1, 0xFA, 0x4E, 0xBB, 0x7D,
    0x67, 0xE1, 0xAB, 0xCD, 0x4D, 0x35, 0x79, 0x74, 0xF9, 0x22, 0x82, 0x51, 0xF6, 0x94, 0x5D, 0x8A,
    0xC2, 0x4F, 0x2C, 0x48, 0x00, 0x1C, 0x6D, 0xDD, 0x8F, 0x51, 0xD7, 0x39, 0xD0, 0xE2, 0x6A, 0x6D,
    0x49, 0xD7, 0x8D, 0x9F, 0xDE, 0x7D, 0x45, 0x5E, 0x15, 0x9C, 0xE3, 0x15, 0x4E, 0x57, 0x5A, 0x6A,
    0xDD, 0x9F, 0x9F, 0x43, 0xD0, 0xBE, 0x19, 0xFC, 0x74, 0xBD, 0xF0, 0x57, 0x8A, 0xED, 0xF5, 0x5D,
    0x39, 0xAE, 0x6C, 0x6F, 0x2D, 0x02, 0x47, 0x73, 0xA4, 0x5E, 0x70, 0x6E, 0x10, 0x8D, 0xCB, 0x04,
    0x6F, 0xB1, 0x37, 0x21, 0x04, 0xA0, 0x8A, 0x44, 0x53, 0x13, 0x7E, 0xF5, 0x19, 0x95, 0x65, 0x0F,
    0xFA, 0x6F, 0xA6, 0xEA, 0x36, 0xFA, 0xBE, 0x9D, 0x6B, 0x7D, 0x67, 0x2A, 0xCF, 0x69, 0x73, 0x12,
    0xCD, 0x0C, 0xAB, 0xD1, 0xD1, 0x80, 0x2A, 0x47, 0xD4, 0x11, 0x5F, 0x97, 0xBA, 0x1F, 0xC2, 0x7D,
    0x12, 0xFF, 0x00, 0xC1, 0xF2, 0x69, 0x97, 0x5A, 0x8C, 0x83, 0xC4, 0x31, 0xBE, 0xED, 0x3B, 0x55,
    0xBA, 0x0C, 0x62, 0x81, 0xB0, 0xDB, 0x52, 0x44, 0x5C, 0x83, 0x0E, 0xE3, 0xBB, 0x3C, 0xBA, 0x33,
    0x6E, 0x52, 0x46, 0xE4, 0x6E, 0x2F, 0xF6, 0x70, 0xFD, 0xAF, 0x7C, 0x49, 0xF0, 0x27, 0xC7, 0xC9,
    0xF0, 0xFF, 0x00, 0x5A, 0xB4, 0x4D, 0x1E, 0x4D, 0x39, 0xD3, 0x4F, 0x6B, 0x36, 0x93, 0x65, 0x94,
    0xF2, 0x22, 0x85, 0x68, 0xE6, 0x52, 0x4A, 0x46, 0xE4, 0x83, 0x8B, 0xA8, 0xF1, 0x92, 0x43, 0x48,
    0x24, 0x5E, 0x9E, 0xB6, 0x13, 0x1B, 0x47, 0x31, 0x83, 0x9D, 0x17, 0xAA, 0xDD, 0x1F, 0x37, 0x8F,
    0xCA, 0xAB, 0xE0, 0x27, 0xC9, 0x3D, 0x57, 0x47, 0xDD, 0x7F, 0xC0, 0x3F, 0x57, 0xBC, 0x63, 0xE0,
    0x4D, 0x1F, 0xC7, 0x96, 0xB6, 0xB6, 0xFA, 0xC5, 0xBB, 0x4F, 0x1D, 0xAC, 0xC2, 0x78, 0xB6, 0xB9,
    0x52, 0xAF, 0x82, 0x33, 0xF9, 0x13, 0x57, 0xDF, 0xC3, 0xF6, 0x2D, 0xA0, 0xBE, 0x8E, 0x90, 0x88,
    0x34, 0xF6, 0x84, 0xC1, 0xE5, 0x44, 0x4A, 0xE1, 0x08, 0xC1, 0x00, 0xD7, 0x93, 0xF8, 0x63, 0xF6,
    0xBD, 0xF8, 0x75, 0xE2, 0xA5, 0x5F, 0xB2, 0xDC, 0x6B, 0x2B, 0x26, 0x0F, 0x9B, 0x17, 0xF6, 0x25,
    0xDC, 0xAD, 0x6E, 0xC3, 0x87, 0x59, 0x7C, 0xA8, 0xDF, 0xCB, 0x2A, 0x41, 0x07, 0x76, 0x00, 0x20,
    0xF3, 0x5E, 0xA7, 0xE1, 0x8F, 0x17, 0x68, 0x7E, 0x36, 0xD2, 0xD7, 0x52, 0xF0, 0xFE, 0xAF, 0x65,
    0xAD, 0x58, 0x33, 0x14, 0xFB, 0x4D, 0x85, 0xC2, 0xCC, 0x81, 0x87, 0x55, 0x25, 0x49, 0xC3, 0x0E,
    0xE0, 0xF2, 0x3B, 0xD7, 0x52, 0x95, 0xF6, 0x67, 0x8B, 0x2A, 0x6E, 0x2F, 0xDE, 0x56, 0x2F, 0x69,
    0xF6, 0x16, 0xFA, 0x55, 0x8C, 0x16, 0x76, 0xB1, 0x08, 0x6D, 0xA0, 0x41, 0x1C, 0x71, 0xAF, 0x40,
    0x05, 0x58, 0xA2, 0x8A, 0x04, 0x4A, 0xBF, 0x74, 0x7D, 0x29, 0x69, 0x17, 0xEE, 0x8F, 0xA5, 0x2D,
    0x00, 0x15, 0xE6, 0x9F, 0x1C, 0x7F, 0xE4, 0x5E, 0xB2, 0xFF, 0x00, 0xAF, 0xAF, 0xFD, 0x91, 0xAB,
    0xD2, 0xEB, 0xCD, 0x7E, 0x38, 0x7F, 0xC8, 0xB9, 0x66, 0x7F, 0xE9, 0xEC, 0x7F, 0xE8, 0x0D, 0x58,
    0xD6, 0xFE, 0x1B, 0x2A, 0x3B, 0x9E, 0x57, 0xE1, 0x2D, 0x0B, 0x4F, 0xF1, 0x3E, 0xB9, 0x0E, 0x8D,
    0xAA, 0xDA, 0x45, 0x7F, 0xA5, 0xEA, 0x11, 0xCB, 0x6B, 0x75, 0x6B, 0x30, 0xCA, 0x4D, 0x13, 0xC4,
    0xCA, 0xE8, 0xC3, 0xD0, 0x82, 0x47, 0xE3, 0x5E, 0x33, 0xF1, 0x53, 0xE1, 0x17, 0xC3, 0x9F, 0x87,
    0xBF, 0x11, 0xE0, 0xF0, 0x77, 0x84, 0x3C, 0x39, 0x0D, 0xBD, 0x86, 0x8D, 0x6F, 0x0E, 0xB3, 0xAE,
    0x5C, 0xDD, 0xCD, 0x2D, 0xEC, 0xD7, 0x57, 0x12, 0xBB, 0x0B, 0x0B, 0x26, 0x92, 0x66, 0x76, 0x11,
    0x2F, 0x93, 0x2D, 0xC3, 0xC6, 0x0E, 0xD6, 0x31, 0x42, 0x18, 0x1C, 0x9A, 0xF7, 0x5F, 0x86, 0x43,
    0x77, 0x8E, 0xB4, 0x9F, 0xF7, 0xDF, 0xFF, 0x00, 0x45, 0xB5, 0x7C, 0xFD, 0xE2, 0x5D, 0x46, 0x4D,
    0x63, 0xE2, 0x9F, 0xC5, 0x1B, 0xF9, 0x49, 0x69, 0xA6, 0xF1, 0x6D, 0xC5, 0xB1, 0x6F, 0xFA, 0x65,
    0x6D, 0x6D, 0x6B, 0x6F, 0x1A, 0xFE, 0x1B, 0x1C, 0xFF, 0x00, 0xC0, 0xCF, 0xAD, 0x79, 0x75, 0x2A,
    0xBA, 0x38, 0x59, 0xCE, 0x3B, 0xEC, 0xBE, 0x67, 0xAF, 0x82, 0x83, 0xA9, 0x59, 0x41, 0xBF, 0x77,
    0x76, 0x6D, 0xE8, 0x52, 0x7D, 0xBF, 0x58, 0x82, 0x4B, 0xC9, 0x1A, 0x5F, 0x3A, 0x70, 0x66, 0x79,
    0x0E, 0x4B, 0x65, 0xBE, 0x62, 0x4F, 0xE7, 0x5F, 0x61, 0xB4, 0x68, 0xF1, 0x94, 0x2A, 0x0A, 0x11,
    0x82, 0xA4, 0x71, 0x8F, 0x4A, 0xFC, 0xF4, 0xD5, 0xBE, 0x3A, 0xF8, 0x33, 0xC2, 0x5A, 0x83, 0x58,
    0x4F, 0xAA, 0x3D, 0xFE, 0xA3, 0x11, 0xDA, 0xF6, 0x9A, 0x65, 0xBB, 0xDD, 0x3A, 0x1F, 0x46, 0x28,
    0x0A, 0xA9, 0xF6, 0x62, 0x0D, 0x7B, 0x9F, 0xC3, 0xAF, 0xDB, 0x83, 0xC1, 0x17, 0xFA, 0x6C, 0x16,
    0xDA, 0xFC, 0x3A, 0xFE, 0x8F, 0x2C, 0x40, 0x47, 0xF6, 0xDB, 0xAD, 0x1A, 0xE1, 0xE1, 0x90, 0x76,
    0x66, 0x68, 0xD5, 0xF6, 0xFB, 0x96, 0xC0, 0xEF, 0x9A, 0xF9, 0x19, 0xD0, 0xAA, 0xD2, 0x7C, 0xA7,
    0xBD, 0x89, 0xA3, 0x3A, 0x89, 0x4A, 0x09, 0xB4, 0xBB, 0x1B, 0x1F, 0x19, 0xFF, 0x00, 0x65, 0x2D,
    0x3F, 0xE2, 0x4E, 0x93, 0x77, 0x67, 0x66, 0xF6, 0xD1, 0x09, 0x33, 0x25, 0xB1, 0xB9, 0x8F, 0x73,
    0x59, 0xCD, 0xD5, 0x64, 0x89, 0xB0, 0x7A, 0x1C, 0x71, 0xC6, 0x46, 0x41, 0x38, 0x35, 0xE1, 0xCF,
    0xFB, 0x10, 0x78, 0xD3, 0xC4, 0x5A, 0xCD, 0xBC, 0x97, 0x92, 0x5B, 0xE9, 0x2E, 0x6D, 0xED, 0xE1,
    0xD4, 0x24, 0x17, 0x29, 0x25, 0xBC, 0x92, 0x45, 0x0A, 0x42, 0x66, 0xB7, 0x70, 0x0C, 0x9F, 0x38,
    0x8C, 0x39, 0x8E, 0x48, 0x86, 0x18, 0xB0, 0x0F, 0x8C, 0x63, 0xEC, 0x6F, 0x0F, 0x7C, 0x5C, 0xF0,
    0x47, 0x8B, 0x2C, 0xD6, 0xEB, 0x47, 0xF1, 0x6E, 0x8B, 0xA9, 0x40, 0x4E, 0x37, 0xDB, 0xDF, 0xC4,
    0xD8, 0x3E, 0x84, 0x6E, 0xC8, 0x3E, 0xC7, 0x9A, 0xD6, 0x93, 0xC6, 0x1A, 0x14, 0x0B, 0xBA, 0x4D,
    0x6B, 0x4F, 0x45, 0xF5, 0x6B, 0xA4, 0x1F, 0xD6, 0xBA, 0x70, 0xD9, 0x8E, 0x23, 0x05, 0x17, 0x0A,
    0x6F, 0xEF, 0xE8, 0x79, 0x55, 0xA9, 0x4A, 0xBD, 0xB9, 0xE3, 0x7F, 0x91, 0xE4, 0x3E, 0x05, 0xFD,
    0x8D, 0xBE, 0x1B, 0x78, 0x4F, 0xC3, 0x9F, 0xD9, 0xBA, 0xA6, 0x87, 0x69, 0xE2, 0x99, 0xA4, 0x61,
    0x24, 0x93, 0xEA, 0x70, 0x07, 0x50, 0xE0, 0x1E, 0x63, 0x42, 0x5B, 0x67, 0xDE, 0x6C, 0x12, 0x59,
    0xB0, 0xC4, 0x6E, 0xC6, 0x00, 0xCD, 0xF1, 0x57, 0xEC, 0x51, 0xE0, 0x9B, 0xA8, 0x25, 0x9F, 0xC2,
    0x32, 0xDE, 0xF8, 0x37, 0x53, 0xE1, 0xD0, 0xDB, 0x5C, 0x49, 0x3D, 0xAB, 0x32, 0x9C, 0xAE, 0xE8,
    0x64, 0x62, 0x17, 0x04, 0x02, 0x0C, 0x65, 0x18, 0x10, 0x08, 0x20, 0x80, 0x6B, 0xD3, 0xB5, 0xAF,
    0x8D, 0xBE, 0x07, 0xD0, 0x62, 0x79, 0x2E, 0x7C, 0x49, 0x64, 0xE1, 0x47, 0x22, 0xD9, 0xFC, 0xE3,
    0xFF, 0x00, 0x8E, 0x66, 0xBC, 0x53, 0xC5, 0xBF, 0xB6, 0x94, 0x17, 0xF7, 0x8F, 0x61, 0xE0, 0x9D,
    0x2B, 0xED, 0xA5, 0x4E, 0x24, 0xD4, 0x6F, 0x18, 0x08, 0xE3, 0x1E, 0xCA, 0xB9, 0xC9, 0xF4, 0xE7,
    0xEB, 0x8A, 0xE6, 0x96, 0x37, 0x11, 0x39, 0x39, 0xCA, 0xA3, 0x7F, 0xD7, 0xDC, 0x7A, 0x38, 0x5C,
    0xBF, 0x17, 0x51, 0xF2, 0xD2, 0x83, 0x49, 0xFC, 0x97, 0xFC, 0x13, 0x9D, 0xF8, 0x9B, 0xF1, 0xD3,
    0xC6, 0x3E, 0x1B, 0xF8, 0x4F, 0x3F, 0xC3, 0xFF, 0x00, 0x1E, 0x69, 0x6F, 0x7F, 0x7E, 0xFA, 0xBE,
    0x9F, 0xA7, 0xC9, 0xE2, 0x68, 0x27, 0x4F, 0x24, 0xD9, 0xFD, 0xAE, 0x12, 0xEF, 0x32, 0xB1, 0x0E,
    0x5F, 0x68, 0x65, 0xE1, 0x4E, 0x43, 0x02, 0x49, 0xC3, 0x13, 0x25, 0xBF, 0xED, 0x07, 0x6A, 0x3E,
    0x18, 0xD8, 0xF8, 0x7B, 0xC2, 0xAE, 0xE6, 0xEA, 0xEF, 0xCC, 0x5B, 0x8D, 0x49, 0x94, 0xA2, 0xC6,
    0x1A, 0x46, 0x18, 0x4C, 0xF3, 0x92, 0x31, 0xF3, 0x63, 0x8E, 0xD9, 0x3C, 0x8F, 0x9A, 0xBF, 0x68,
    0x1F, 0x8A, 0x1E, 0x22, 0xF1, 0x57, 0x88, 0xE1, 0x87, 0x54, 0xBF, 0x13, 0x43, 0x2D, 0xCD, 0x9C,
    0x92, 0xC7, 0xB1, 0x14, 0x11, 0xE6, 0x85, 0x0D, 0xC0, 0x18, 0xC7, 0xFE, 0xCB, 0x55, 0xBE, 0x15,
    0xF8, 0xC6, 0xDF, 0x4D, 0x16, 0xF6, 0xB7, 0x25, 0x12, 0x6B, 0x69, 0x84, 0x91, 0x09, 0x8E, 0x12,
    0x41, 0xBB, 0x76, 0xD2, 0x7E, 0xB9, 0xFC, 0xEB, 0xA7, 0x19, 0x5E, 0xA6, 0x2B, 0x0F, 0x09, 0xCF,
    0xA7, 0xE4, 0x7D, 0x3E, 0x07, 0x25, 0xA5, 0x42, 0x52, 0x55, 0x15, 0xDE, 0x8E, 0xDD, 0x2F, 0xFF,
    0x00, 0x0E, 0x65, 0xFC, 0x70, 0xF1, 0xAE, 0xAB, 0xF0, 0xBF, 0xE2, 0x06, 0x93, 0xE1, 0x4D, 0x1B,
    0x7D, 0xE6, 0xAB, 0x79, 0x2F, 0x91, 0x2A, 0xEA, 0x01, 0x52, 0x11, 0x37, 0x9A, 0x61, 0x74, 0x53,
    0xFC, 0x01, 0x25, 0x57, 0x4C, 0x92, 0x77, 0x05, 0x0F, 0xF2, 0x86, 0x0B, 0x5D, 0xC6, 0xB2, 0x9E,
    0x28, 0xF8, 0x67, 0xF1, 0xCF, 0x4B, 0xF8, 0x6F, 0xF1, 0x02, 0x7D, 0x23, 0x4B, 0xBA, 0x9E, 0xDD,
    0x6E, 0x4D, 0xE6, 0x98, 0xED, 0x3C, 0x32, 0x87, 0x46, 0xF2, 0x55, 0x59, 0xF6, 0x15, 0xDC, 0xE8,
    0xCA, 0x4B, 0x2E, 0x46, 0xD3, 0x80, 0xD9, 0x5C, 0xF7, 0xBF, 0x1C, 0x74, 0x8F, 0x84, 0xBF, 0x1E,
    0x6C, 0x9F, 0x52, 0xF1, 0x16, 0x9B, 0xE2, 0x8B, 0x0F, 0x10, 0x49, 0xB2, 0x69, 0xA4, 0xD0, 0x56,
    0xD2, 0x45, 0x9E, 0x50, 0xA1, 0x4C, 0x9F, 0xBE, 0x65, 0xF2, 0xDD, 0x82, 0xA8, 0x6D, 0x84, 0x2B,
    0x6D, 0x52, 0x41, 0x3D, 0x3E, 0x7C, 0xD4, 0xBE, 0x0F, 0x36, 0xA3, 0x79, 0xAA, 0x6A, 0x56, 0x69,
    0xA9, 0xC1, 0x21, 0xB6, 0x5B, 0x6B, 0x06, 0xD6, 0xB5, 0x01, 0x7B, 0xA8, 0xC8, 0xE1, 0x81, 0x49,
    0xAE, 0x26, 0x5F, 0x91, 0x4A, 0xE1, 0x02, 0xAA, 0x70, 0xA1, 0x32, 0x39, 0x26, 0xBD, 0x1A, 0xB0,
    0xCA, 0xDD, 0x07, 0x2B, 0xC7, 0x9B, 0xA5, 0xBC, 0xF6, 0xBA, 0xF2, 0x5B, 0xDF, 0xB6, 0xE6, 0x78,
    0x5A, 0xB9, 0xAC, 0xAB, 0x28, 0x4D, 0x49, 0x2B, 0x6B, 0x75, 0xD7, 0xC9, 0xF9, 0xBD, 0xAD, 0xDF,
    0x63, 0xE8, 0x4B, 0x5D, 0xF6, 0x97, 0x40, 0x7D, 0xD7, 0x8D, 0xBA, 0x11, 0xD0, 0x83, 0x5F, 0x39,
    0xFE, 0xD3, 0x9E, 0x08, 0x29, 0xAA, 0xAF, 0x89, 0xDE, 0x39, 0x2E, 0x35, 0x0B, 0xCB, 0xA1, 0x0C,
    0xB7, 0x9C, 0x2A, 0xDB, 0x22, 0xC2, 0x8B, 0x6C, 0x9C, 0x9F, 0x9D, 0xC9, 0x49, 0x72, 0x40, 0x3B,
    0x56, 0x28, 0xC1, 0xC6, 0x41, 0x3E, 0xFF, 0x00, 0x0D, 0xEC, 0x76, 0xD1, 0x4B, 0x71, 0x73, 0x26,
    0xD4, 0x8D, 0x4B, 0xB3, 0xB7, 0x41, 0xEA, 0x4D, 0x7C, 0xC1, 0xF1, 0x03, 0xC6, 0x1A, 0x87, 0xC4,
    0x9F, 0x10, 0x6A, 0x17, 0x8E, 0xE4, 0xE9, 0xF6, 0x5B, 0xAD, 0x74, 0xF8, 0x14, 0x92, 0x9B, 0xE4,
    0x6D, 0x81, 0xB1, 0x8E, 0x59, 0xDB, 0x19, 0xFF, 0x00, 0xAE, 0x4B, 0x8E, 0x31, 0x5C, 0x1C, 0x31,
    0x4A, 0xAC, 0xB1, 0xBC, 0xD0, 0xF8, 0x52, 0xD4, 0xE8, 0xE2, 0x8A, 0xB4, 0xE9, 0xE0, 0x7D, 0xEF,
    0x89, 0xB5, 0x63, 0xD5, 0xFC, 0x09, 0x8F, 0xED, 0xDB, 0xFB, 0x90, 0xA3, 0x7C, 0xD1, 0x59, 0x5F,
    0xC5, 0x3F, 0x49, 0x03, 0xC9, 0x6E, 0x86, 0x43, 0x9F, 0x53, 0x20, 0x69, 0x09, 0xF5, 0x92, 0xBD,
    0xE7, 0xC2, 0x9E, 0x3F, 0xBC, 0xB2, 0xD6, 0x23, 0xD4, 0x66, 0xBD, 0xB8, 0xB0, 0xD6, 0x42, 0xAA,
    0x2F, 0x88, 0x2C, 0x94, 0x1B, 0xBD, 0xA3, 0xEE, 0xA5, 0xC2, 0x92, 0x16, 0xEE, 0x2F, 0xF6, 0x25,
    0xCB, 0x00, 0x4E, 0xC7, 0x8C, 0xE0, 0xD7, 0x85, 0x78, 0xAB, 0xC3, 0x7E, 0x26, 0xF0, 0xDE, 0xA7,
    0x6D, 0xA8, 0xE8, 0xBA, 0x1E, 0xA5, 0xA8, 0x58, 0xE9, 0x96, 0x10, 0xC3, 0xA8, 0x5D, 0xD9, 0x5A,
    0x3D, 0xC4, 0x11, 0x15, 0xCD, 0xB8, 0xF3, 0x36, 0x02, 0x55, 0x5B, 0xEC, 0x8C, 0xE1, 0x8F, 0x18,
    0x61, 0xCF, 0x23, 0x32, 0x78, 0x67, 0xE3, 0x26, 0x89, 0xA9, 0x80, 0xB3, 0x4A, 0xB1, 0x48, 0x38,
    0x2D, 0x0B, 0x89, 0x13, 0xF4, 0xE4, 0x7D, 0x31, 0x5A, 0xE6, 0x90, 0xC5, 0x61, 0x31, 0xD3, 0xAF,
    0x87, 0xBA, 0x4E, 0xDE, 0x9B, 0x2B, 0xFA, 0xEA, 0x2C, 0xAE, 0x38, 0x6C, 0xCF, 0x2D, 0xA7, 0x47,
    0x11, 0x69, 0x34, 0x9A, 0xF3, 0x5A, 0xBB, 0x79, 0xAD, 0x2C, 0x7E, 0x98, 0xFC, 0x26, 0xF8, 0xB3,
    0x1F, 0x8F, 0x61, 0x7D, 0x3B, 0x51, 0x8E, 0xDE, 0xCF, 0xC4, 0x76, 0xD0, 0xAC, 0xF2, 0x45, 0x6C,
    0xE5, 0xAD, 0xEF, 0x20, 0x27, 0x6A, 0xDD, 0x5B, 0x31, 0xE4, 0xC6, 0x48, 0x20, 0xAB, 0x7C, 0xF1,
    0xB6, 0x55, 0x87, 0x42, 0xDE, 0x89, 0x5F, 0x9C, 0x7E, 0x0C, 0xF8, 0xB7, 0x69, 0xA2, 0xDC, 0xD9,
    0x5D, 0xE9, 0xDA, 0xD5, 0x9C, 0x77, 0xD6, 0x13, 0x1B, 0xAB, 0x09, 0x27, 0x98, 0x46, 0x89, 0x29,
    0x00, 0x3C, 0x6E, 0x4F, 0x48, 0xA6, 0x51, 0xE5, 0xC8, 0x3B, 0x0D, 0xAE, 0x01, 0x68, 0xD3, 0x1F,
    0xA0, 0x7E, 0x0C, 0xF1, 0x65, 0x87, 0x8E, 0xFC, 0x25, 0xA4, 0x78, 0x8B, 0x4C, 0x62, 0xF6, 0x1A,
    0x9D, 0xAC, 0x77, 0x50, 0xEE, 0xC6, 0xE5, 0x57, 0x50, 0x76, 0xB0, 0x1D, 0x18, 0x67, 0x04, 0x76,
    0x20, 0x8A, 0xFA, 0x5C, 0xBF, 0x1A, 0xB1, 0xB4, 0xB9, 0x9A, 0xB4, 0x96, 0xEB, 0xFA, 0xE8, 0x7E,
    0x7D, 0x9B, 0x65, 0x93, 0xCB, 0x2B, 0x72, 0x3D, 0x62, 0xF6, 0x7F, 0xD7, 0x53, 0x79, 0x7E, 0xE8,
    0xFA, 0x52, 0xD2, 0x2F, 0xDD, 0x1F, 0x4A, 0x5A, 0xF4, 0xCF, 0x0C, 0x2B, 0xCD, 0xFE, 0x38, 0x2E,
    0x7C, 0x31, 0x68, 0x7D, 0x2F, 0x17, 0xFF, 0x00, 0x40, 0x7A, 0xF4, 0x8A, 0xF2, 0x9F, 0xDA, 0x53,
    0x5A, 0x8F, 0xC3, 0x5F, 0x0B, 0x35, 0x2D, 0x6A, 0x64, 0x32, 0xC3, 0xA6, 0x07, 0xBC, 0x74, 0x5E,
    0xAC, 0xB1, 0xC5, 0x23, 0x10, 0x3F, 0x2A, 0xCA, 0xAA, 0xBC, 0x1A, 0x2A, 0x3F, 0x12, 0x3E, 0x14,
    0xFD, 0xA0, 0x3F, 0x68, 0x7F, 0x12, 0xFC, 0x3E, 0xF1, 0xCE, 0x9F, 0xA3, 0xF8, 0x2F, 0x58, 0x6D,
    0x1A, 0xF6, 0xC2, 0x11, 0x75, 0x79, 0x79, 0x04, 0x30, 0xCB, 0x26, 0xF9, 0x32, 0x12, 0x20, 0x26,
    0x47, 0x51, 0x85, 0x05, 0x9B, 0xE5, 0xC9, 0x0E, 0x98, 0x23, 0x9C, 0xFC, 0xFD, 0xE2, 0x1F, 0x8A,
    0x9E, 0x2E, 0xF1, 0x26, 0x9D, 0xAF, 0xDB, 0x9D, 0x5E, 0x2B, 0x7B, 0x8D, 0x73, 0x51, 0x97, 0x52,
    0xBC, 0xBD, 0x4B, 0x6D, 0xB3, 0xB3, 0xCA, 0x10, 0x4A, 0x15, 0x91, 0x95, 0x54, 0x36, 0xC1, 0xF7,
    0x54, 0x11, 0x96, 0xC1, 0xE4, 0x63, 0x77, 0xC0, 0x3A, 0x1D, 0xCF, 0x8B, 0x8D, 0xEF, 0x8B, 0xFC,
    0x4E, 0xE9, 0x73, 0x77, 0xAA, 0x31, 0xBB, 0x94, 0x3A, 0xF0, 0xF2, 0x48, 0x00, 0x54, 0x51, 0xFF,
    0x00, 0x7C, 0xC6, 0x83, 0xB0, 0x00, 0xF0, 0x06, 0x6B, 0x8A, 0xD6, 0x34, 0x29, 0xBC, 0x3E, 0x75,
    0xB9, 0x32, 0xF3, 0x41, 0x63, 0xAC, 0xCF, 0xA7, 0x98, 0x76, 0x7E, 0xF6, 0x3C, 0x66, 0x40, 0x47,
    0xF7, 0x80, 0x57, 0x4C, 0x8C, 0x67, 0x93, 0x82, 0x78, 0x5A, 0xF9, 0xBF, 0xAC, 0x4A, 0xAC, 0xE5,
    0x4E, 0x9E, 0xD1, 0xFC, 0x7A, 0x7E, 0x67, 0xEA, 0x78, 0x6C, 0xBF, 0x0B, 0x85, 0xA5, 0x4E, 0x35,
    0xA3, 0x79, 0xCB, 0x77, 0xEA, 0xAF, 0xAF, 0xC8, 0xE9, 0xFE, 0x1D, 0x78, 0x60, 0xF8, 0x7B, 0x4F,
    0x8D, 0x26, 0x78, 0xDA, 0x46, 0xE7, 0x6C, 0x30, 0x88, 0xD5, 0x07, 0xA6, 0x32, 0x4E, 0x7D, 0x79,
    0xAF, 0x56, 0xB2, 0xC2, 0x60, 0x0E, 0x83, 0x8A, 0xF2, 0x4F, 0x0D, 0x78, 0xE6, 0xD6, 0xE2, 0xDE,
    0x36, 0x99, 0xC4, 0x88, 0x38, 0xF3, 0xE2, 0xF9, 0x81, 0xC7, 0xA8, 0xEC, 0x7D, 0x6B, 0xD0, 0x74,
    0xBF, 0x14, 0x69, 0x92, 0x22, 0x93, 0x7D, 0x00, 0x03, 0xFB, 0xCF, 0xB4, 0xFE, 0x46, 0xBE, 0x5F,
    0x17, 0x1A, 0xB2, 0x9B, 0x94, 0xD6, 0xA7, 0xD9, 0x51, 0x70, 0x50, 0x51, 0x83, 0xD0, 0xEE, 0x24,
    0xF0, 0x16, 0x83, 0xE3, 0x39, 0xBC, 0xC6, 0xD1, 0x27, 0xB3, 0x66, 0x45, 0x8E, 0x4D, 0x4F, 0x4E,
    0x93, 0x65, 0xCC, 0x4F, 0x8F, 0xBE, 0x24, 0xC6, 0x18, 0x77, 0xF2, 0xE4, 0xDC, 0xA7, 0x9E, 0x01,
    0xC1, 0x1E, 0x53, 0x77, 0xE0, 0x9F, 0x1A, 0x41, 0xF1, 0x4E, 0x2F, 0x87, 0x7A, 0x58, 0xBE, 0xF1,
    0x1F, 0x88, 0x6E, 0x51, 0x6E, 0x2C, 0x46, 0x9C, 0x59, 0x63, 0xBA, 0xB4, 0x61, 0x95, 0xB9, 0x25,
    0x9B, 0x6C, 0x31, 0x81, 0xC3, 0xEF, 0x6F, 0x91, 0x95, 0x97, 0xE6, 0x23, 0x9E, 0xFA, 0x3F, 0x8A,
    0x27, 0x46, 0xF3, 0x74, 0xEF, 0x0F, 0xDD, 0x4B, 0xAA, 0x4F, 0x73, 0x80, 0x21, 0xB7, 0x8C, 0xED,
    0x72, 0x06, 0x72, 0x72, 0x3B, 0x73, 0xC8, 0xF4, 0xAF, 0xAB, 0x3F, 0x62, 0x7F, 0x06, 0x6A, 0x82,
    0x1D, 0x4F, 0xC6, 0x7A, 0xA1, 0x59, 0xA3, 0xBA, 0xD3, 0xE0, 0xD2, 0xAC, 0x6E, 0x70, 0x08, 0xB8,
    0x44, 0xB8, 0xB9, 0xB8, 0x96, 0x48, 0x9B, 0xBC, 0x3B, 0xEE, 0x55, 0x15, 0x87, 0x0C, 0x62, 0x77,
    0x52, 0xC8, 0xC8, 0xC7, 0xD5, 0xC9, 0xE8, 0x4F, 0x10, 0xDC, 0x2B, 0xC6, 0xF0, 0x5B, 0x77, 0xF4,
    0xF4, 0xFE, 0x91, 0xF2, 0xF9, 0xD6, 0x32, 0x59, 0x64, 0x7D, 0xB5, 0x16, 0x94, 0xA5, 0xA5, 0xBB,
    0xF9, 0xDB, 0xBA, 0xFC, 0x7A, 0x9F, 0x0F, 0xFC, 0x49, 0xF8, 0x2B, 0xAF, 0xF8, 0x1B, 0xC2, 0x93,
    0xEA, 0x3E, 0x21, 0xF1, 0x26, 0x97, 0x69, 0xAD, 0xC1, 0xAC, 0xBE, 0x8D, 0x3F, 0x87, 0xA1, 0x69,
    0x2E, 0xAE, 0x63, 0x65, 0x1E, 0x63, 0x49, 0xE6, 0x30, 0x40, 0x14, 0xC2, 0x63, 0x91, 0x1B, 0x69,
    0x07, 0xCE, 0x88, 0x1C, 0x16, 0xC0, 0xE8, 0x3E, 0x1E, 0x22, 0x78, 0x7B, 0x4A, 0xD3, 0xEE, 0x04,
    0x48, 0x4A, 0x95, 0xB9, 0x64, 0x61, 0xC1, 0xE4, 0x10, 0x3E, 0x98, 0x00, 0x57, 0x59, 0xFB, 0x7D,
    0x5D, 0x43, 0x73, 0xFB, 0x4B, 0x8F, 0xB6, 0x58, 0xC5, 0x61, 0x04, 0x1A, 0x75, 0xA5, 0x98, 0xBE,
    0x10, 0x94, 0x6B, 0x95, 0x25, 0xA4, 0x39, 0x72, 0x06, 0xFE, 0x58, 0x2F, 0x04, 0x81, 0xB1, 0x47,
    0x5C, 0x8A, 0xC8, 0xF8, 0x79, 0x65, 0xA4, 0x5C, 0xF8, 0x93, 0x4C, 0x6F, 0x14, 0x5D, 0x4B, 0x77,
    0xE0, 0xF3, 0x22, 0xFD, 0xBE, 0xC2, 0xD6, 0x00, 0xD2, 0xC9, 0x06, 0x0F, 0x08, 0xCB, 0xCB, 0x26,
    0x76, 0xEF, 0x40, 0x0B, 0xB2, 0x17, 0xD8, 0x77, 0x61, 0x5B, 0x6C, 0xC6, 0x8D, 0x3A, 0x98, 0x88,
    0x61, 0x69, 0xDA, 0x11, 0x2B, 0x2E, 0xC5, 0xD7, 0x59, 0x7C, 0xB1, 0xB5, 0xEF, 0x39, 0x3B, 0xBB,
    0x2E, 0xDD, 0x8F, 0x60, 0xF8, 0x75, 0xF0, 0xC3, 0xE1, 0xF6, 0x9D, 0xF0, 0x67, 0xC7, 0xDF, 0x1C,
    0xBE, 0x30, 0x68, 0x36, 0xB7, 0xB6, 0xDA, 0xEC, 0x12, 0x1B, 0x28, 0x6E, 0x61, 0x59, 0x1E, 0xDB,
    0x4E, 0x6F, 0xDD, 0xC2, 0x2D, 0xC3, 0x70, 0x92, 0xCE, 0xED, 0x95, 0x70, 0x41, 0xC3, 0xC5, 0xCA,
    0xF3, 0x5F, 0x9C, 0x2F, 0xF1, 0x17, 0xFB, 0x4B, 0x58, 0x91, 0xAD, 0xDE, 0x7F, 0xB2, 0xB3, 0x90,
    0x8E, 0xE1, 0x53, 0x23, 0xA8, 0x32, 0x39, 0x53, 0x93, 0x8E, 0xA5, 0x55, 0x06, 0x4F, 0x00, 0x0A,
    0xFD, 0x40, 0xFF, 0x00, 0x82, 0x8E, 0xEB, 0x5A, 0x5F, 0x89, 0x7F, 0x65, 0x1D, 0x2E, 0x7F, 0x0F,
    0xEA, 0x96, 0xD7, 0x3A, 0x15, 0xE6, 0xB3, 0x6D, 0x1F, 0xDA, 0x34, 0xE7, 0x59, 0x22, 0x78, 0x3C,
    0x89, 0xF2, 0xA9, 0xB7, 0x82, 0x78, 0x18, 0x1D, 0x98, 0x0E, 0xE2, 0xBE, 0x01, 0xF8, 0x53, 0x69,
    0xA2, 0x68, 0x3A, 0xED, 0xA4, 0x97, 0x0F, 0x1D, 0x84, 0x6B, 0xF2, 0x3C, 0x56, 0xD6, 0x86, 0xE2,
    0x74, 0x5E, 0xE5, 0xDD, 0x91, 0x97, 0x80, 0x32, 0x40, 0x23, 0x1C, 0x8C, 0x57, 0xDB, 0xD0, 0xC2,
    0xE1, 0xE1, 0x4A, 0x2A, 0x69, 0x5A, 0x3A, 0x2B, 0x9F, 0x9C, 0x3C, 0x7E, 0x2E, 0x52, 0xA9, 0x52,
    0x93, 0x97, 0x34, 0xF5, 0x6A, 0x37, 0xE9, 0xF8, 0xE8, 0x5D, 0xF0, 0x2E, 0xB7, 0x77, 0xA8, 0x08,
    0x0D, 0x84, 0xF2, 0x86, 0x93, 0x69, 0xFB, 0x3D, 0x9E, 0xA6, 0x8D, 0x26, 0x49, 0xE8, 0x56, 0x58,
    0xCA, 0x7D, 0x7A, 0x7D, 0x6B, 0xD1, 0x6D, 0x3C, 0x7B, 0x1C, 0x5A, 0x68, 0xBC, 0x54, 0x9B, 0x52,
    0x84, 0x40, 0x27, 0x94, 0xA4, 0x06, 0x09, 0x6D, 0x94, 0x95, 0x00, 0xCA, 0x8C, 0x48, 0xD8, 0x4B,
    0x60, 0x48, 0x85, 0x81, 0x21, 0xB2, 0xA9, 0x81, 0x9F, 0x60, 0xF0, 0xED, 0x97, 0x80, 0x3C, 0x67,
    0x24, 0xDA, 0x7F, 0xDB, 0x34, 0xCD, 0x5E, 0x78, 0x15, 0x4C, 0xB1, 0xDF, 0xE9, 0xB6, 0x97, 0x69,
    0x18, 0x6E, 0x8C, 0x44, 0x21, 0x24, 0x53, 0xE8, 0x43, 0x8A, 0xE2, 0x3F, 0x68, 0xAF, 0x81, 0x4F,
    0xE1, 0x4F, 0x09, 0xD9, 0xEA, 0x3A, 0x0D, 0xD4, 0x7A, 0x7E, 0x9B, 0x32, 0xB2, 0x3B, 0x4F, 0x33,
    0xDD, 0xC1, 0x6D, 0x1C, 0x8E, 0x91, 0xB4, 0xB6, 0xB2, 0x04, 0x32, 0x32, 0x96, 0xF2, 0x63, 0x92,
    0x09, 0x43, 0x32, 0x19, 0x01, 0x0C, 0xC8, 0x09, 0x58, 0xC6, 0x65, 0x78, 0x2C, 0x54, 0x79, 0x65,
    0x4D, 0x45, 0xF7, 0x5A, 0x7E, 0x46, 0x39, 0x7E, 0x7F, 0x8F, 0xC3, 0xD5, 0xBA, 0xA8, 0xE4, 0xBA,
    0xC6, 0x4D, 0xBD, 0x3E, 0x7B, 0x7C, 0xBF, 0x13, 0xC3, 0xBE, 0x2C, 0xFC, 0x51, 0xBE, 0xD4, 0x34,
    0x61, 0x6B, 0x03, 0x0B, 0x48, 0x27, 0x97, 0xCA, 0x64, 0x89, 0xB9, 0x00, 0x2B, 0x31, 0xCB, 0x7A,
    0xE1, 0x71, 0xED, 0x9C, 0xF6, 0xAD, 0xEF, 0x83, 0xDE, 0x11, 0x5B, 0x9F, 0xEC, 0x9D, 0x5D, 0x51,
    0xA3, 0xD3, 0x6D, 0x1C, 0x49, 0x60, 0xCC, 0xB8, 0x37, 0xB7, 0x60, 0x6D, 0xF3, 0x55, 0x7B, 0xC3,
    0x0E, 0x78, 0xE0, 0x86, 0x6D, 0x8A, 0x06, 0x32, 0xC2, 0x0D, 0x2F, 0xE1, 0x26, 0x8B, 0xE1, 0x3D,
    0x03, 0x46, 0xD4, 0xAF, 0x6E, 0x61, 0xF1, 0x45, 0x95, 0xDD, 0xDB, 0xC7, 0x14, 0x33, 0x34, 0x9F,
    0x66, 0xDC, 0xB1, 0x47, 0x2F, 0x9A, 0xE3, 0x0A, 0xEE, 0x33, 0x26, 0xCD, 0xA4, 0xAE, 0x58, 0x39,
    0xC9, 0x01, 0x45, 0x76, 0x7A, 0x6F, 0x89, 0xBF, 0xE1, 0x29, 0xD5, 0x1E, 0xD2, 0xCE, 0x64, 0xB9,
    0x8E, 0x30, 0x89, 0x77, 0x72, 0x06, 0xD5, 0x48, 0xC6, 0x47, 0x93, 0x18, 0x4C, 0x05, 0xEE, 0xA0,
    0x26, 0x02, 0x02, 0x48, 0xDA, 0x71, 0x98, 0xC2, 0xD2, 0xA5, 0x93, 0xE1, 0x66, 0xEA, 0x34, 0x92,
    0xDD, 0xF5, 0x7D, 0x91, 0xDF, 0x99, 0x62, 0x6A, 0xF1, 0x06, 0x32, 0x9C, 0x30, 0x91, 0x6D, 0xDB,
    0x67, 0xB2, 0xEE, 0xFF, 0x00, 0xE0, 0x9F, 0xA1, 0x9F, 0xB2, 0x5F, 0x86, 0x0E, 0x8F, 0xF0, 0xDA,
    0x5D, 0x5D, 0xA3, 0xD8, 0xBA, 0xD5, 0xCF, 0x9F, 0x6C, 0xBD, 0x71, 0x6B, 0x1A, 0x2C, 0x30, 0x95,
    0x3D, 0xD1, 0xFC, 0xB6, 0x99, 0x7D, 0xA7, 0xAE, 0xF7, 0xC5, 0x5F, 0x07, 0x7C, 0x05, 0xE3, 0x99,
    0xDA, 0x6F, 0x11, 0xF8, 0x27, 0xC3, 0xBA, 0xFC, 0xED, 0xD6, 0x5D, 0x4F, 0x4A, 0x82, 0xE1, 0xCF,
    0xE2, 0xE8, 0x4D, 0x78, 0x2F, 0xC1, 0x4F, 0x8E, 0x11, 0x78, 0x52, 0xCA, 0xD6, 0xCE, 0xE6, 0x79,
    0x1F, 0xC1, 0x89, 0xB2, 0x06, 0x8A, 0xE6, 0x43, 0x24, 0xDE, 0x1F, 0x24, 0x85, 0x43, 0xE6, 0x37,
    0x32, 0xD9, 0x12, 0x42, 0x87, 0x6C, 0xBC, 0x04, 0x80, 0xE5, 0xA3, 0x21, 0xA3, 0xFA, 0xA7, 0xAD,
    0x14, 0xAB, 0xC3, 0x13, 0x05, 0x56, 0x9B, 0xBA, 0x67, 0x8B, 0x5F, 0x0F, 0x57, 0x07, 0x51, 0xD2,
    0xA8, 0xAC, 0xD1, 0xE6, 0x56, 0x1F, 0xB3, 0x07, 0xC1, 0xFD, 0x32, 0x61, 0x35, 0xAF, 0xC2, 0xDF,
    0x07, 0x45, 0x28, 0x39, 0x0E, 0x34, 0x3B, 0x62, 0x41, 0xF6, 0x25, 0x38, 0xAF, 0x43, 0xD2, 0xF4,
    0x9B, 0x1D, 0x0E, 0xC2, 0x1B, 0x1D, 0x36, 0xCE, 0xDF, 0x4F, 0xB2, 0x84, 0x11, 0x1D, 0xB5, 0xAC,
    0x4B, 0x1C, 0x68, 0x09, 0xC9, 0x0A, 0xAA, 0x00, 0x1C, 0x92, 0x78, 0xF5, 0xAB, 0x54, 0x56, 0xA7,
    0x3B, 0x6D, 0xEE, 0xC9, 0x57, 0xEE, 0x8F, 0xA5, 0x2D, 0x22, 0xFD, 0xD1, 0xF4, 0xA5, 0xA0, 0x41,
    0x5E, 0x6D, 0xF1, 0xFE, 0xC7, 0xFB, 0x47, 0xE1, 0x86, 0xAF, 0x6F, 0x98, 0xC0, 0x91, 0x4A, 0x66,
    0x55, 0xDC, 0x83, 0x70, 0x2B, 0xF3, 0x0E, 0xE3, 0x9E, 0x45, 0x7A, 0x4D, 0x71, 0xDF, 0x15, 0x62,
    0xF3, 0x7C, 0x0F, 0xA9, 0x71, 0x9D, 0xA6, 0x36, 0xFF, 0x00, 0xC8, 0x8B, 0x59, 0xD4, 0xF8, 0x19,
    0x51, 0xDD, 0x1F, 0x91, 0x9F, 0xB3, 0xDC, 0xD2, 0xDC, 0x78, 0x63, 0x4B, 0xBB, 0x16, 0xB7, 0x53,
    0xCD, 0x04, 0x28, 0xB1, 0xDF, 0x6A, 0xD3, 0x86, 0xB4, 0x83, 0xE5, 0x0B, 0x98, 0xE3, 0xDC, 0x49,
    0xED, 0xC6, 0xD5, 0xDD, 0x90, 0xA4, 0xFF, 0x00, 0x0D, 0x4B, 0xE3, 0xBF, 0x0F, 0xDD, 0x58, 0x68,
    0x1A, 0xF5, 0xE4, 0xEB, 0x30, 0xFB, 0x7E, 0xAF, 0x0E, 0xB5, 0x01, 0x9F, 0xEF, 0xBD, 0xAC, 0xAF,
    0x7B, 0x66, 0x24, 0x3E, 0xE5, 0xAC, 0x22, 0x63, 0xFF, 0x00, 0x5D, 0x47, 0x3C, 0xD7, 0xD7, 0x1F,
    0x06, 0xFF, 0x00, 0x62, 0xDF, 0x04, 0xDF, 0x78, 0xCE, 0xFA, 0xEF, 0xFB, 0x4B, 0x5F, 0x83, 0x4C,
    0x88, 0x9B, 0x98, 0xB4, 0x78, 0x2F, 0x11, 0x6D, 0xE0, 0x2C, 0xDC, 0xA4, 0x4D, 0xB3, 0xCD, 0x89,
    0x79, 0x3F, 0xEA, 0xDD, 0x58, 0x74, 0x0D, 0x8E, 0x2B, 0x6B, 0xF6, 0xE4, 0xF8, 0x3B, 0x67, 0x0F,
    0x86, 0xBC, 0x31, 0xA9, 0x68, 0xF6, 0x70, 0x69, 0xFA, 0x4A, 0x5A, 0x1F, 0x09, 0x4F, 0x1C, 0x4A,
    0x12, 0x1B, 0x58, 0xE4, 0x78, 0xE4, 0xD3, 0x9C, 0x8E, 0x8A, 0x91, 0xDD, 0xC3, 0x14, 0x7E, 0xC2,
    0xE5, 0xAB, 0xC6, 0x86, 0x11, 0x28, 0xD5, 0xA8, 0xBE, 0xD6, 0xDE, 0x97, 0xBF, 0xF5, 0xD0, 0xFB,
    0x69, 0x67, 0x30, 0xA9, 0x5E, 0x8A, 0x8A, 0x69, 0x46, 0xD7, 0x3F, 0x37, 0xA0, 0xF0, 0xEC, 0x1A,
    0x9D, 0xFA, 0x34, 0x6F, 0x2D, 0x95, 0xCC, 0x8C, 0x03, 0x4F, 0x6A, 0xFB, 0x18, 0x8F, 0xF6, 0x87,
    0x46, 0xFC, 0x41, 0xAF, 0x57, 0xF0, 0x8F, 0xC0, 0x4B, 0xDD, 0x6F, 0x44, 0xF1, 0x06, 0xA7, 0x37,
    0x8C, 0xA5, 0xB6, 0x8B, 0x46, 0xD3, 0x8E, 0xA9, 0x2C, 0x52, 0x69, 0xD1, 0xBB, 0x34, 0x09, 0x2C,
    0x62, 0x63, 0xB8, 0x32, 0xE0, 0xAC, 0x6C, 0xCF, 0xD3, 0xF8, 0x7F, 0x1A, 0xF3, 0xCD, 0x09, 0x19,
    0x75, 0x48, 0x22, 0x9B, 0x7D, 0xB3, 0x79, 0xBE, 0x5C, 0xAA, 0xC3, 0x0F, 0x19, 0xCE, 0x19, 0x48,
    0xEC, 0x47, 0x20, 0xFB, 0x8A, 0xFA, 0x77, 0xE1, 0x76, 0xBD, 0x63, 0xE1, 0x8F, 0x11, 0xDA, 0xBE,
    0xA3, 0x10, 0xB9, 0xD1, 0x2E, 0xA2, 0x92, 0xC3, 0x51, 0xB6, 0x00, 0xE1, 0xED, 0x26, 0x43, 0x1C,
    0xAB, 0x8E, 0xFF, 0x00, 0x2B, 0x12, 0x07, 0xB0, 0xAF, 0x0A, 0x78, 0xA7, 0x46, 0xBD, 0x35, 0x53,
    0xE1, 0xBE, 0xB7, 0x57, 0xD0, 0xFB, 0x9C, 0x45, 0x09, 0x54, 0xC3, 0x54, 0x96, 0x1F, 0x49, 0xDA,
    0xEA, 0xCF, 0xAF, 0xFC, 0x13, 0xEA, 0x6F, 0x86, 0x7F, 0xB0, 0x87, 0xC3, 0xEF, 0x03, 0x3C, 0x77,
    0x1A, 0xB5, 0xCE, 0xA3, 0xE3, 0x49, 0xD7, 0x0D, 0xE5, 0x6A, 0xAD, 0x1A, 0x59, 0x92, 0x0E, 0x46,
    0xEB, 0x78, 0x91, 0x16, 0x51, 0xDF, 0x13, 0x79, 0x9C, 0xF3, 0x5F, 0x48, 0x47, 0x1A, 0xC5, 0x1A,
    0xA2, 0x28, 0x44, 0x50, 0x02, 0xAA, 0x8C, 0x00, 0x3D, 0x00, 0xAF, 0x24, 0xFD, 0x9E, 0xBE, 0x20,
    0x47, 0xAA, 0xE8, 0x32, 0x78, 0x27, 0x55, 0xD4, 0x63, 0xB9, 0xF1, 0x7F, 0x85, 0x63, 0x8E, 0xCE,
    0xEB, 0x2C, 0x37, 0x5F, 0x5A, 0xED, 0x1F, 0x65, 0xBF, 0x4F, 0xEF, 0x24, 0xD1, 0x6C, 0x62, 0xC3,
    0x80, 0xE5, 0xD7, 0xAA, 0xD7, 0xAE, 0x57, 0xDC, 0x46, 0x31, 0x8A, 0xB4, 0x15, 0x91, 0xF8, 0xB5,
    0x7A, 0xB5, 0x6A, 0xCD, 0xCA, 0xB4, 0x9B, 0x7E, 0x67, 0x03, 0xF1, 0x87, 0xE0, 0x57, 0x82, 0xFE,
    0x3B, 0x68, 0x09, 0xA5, 0x78, 0xC3, 0x47, 0x4D, 0x41, 0x21, 0x25, 0xAD, 0x6E, 0xD0, 0x98, 0xEE,
    0x6D, 0x58, 0xE3, 0x2D, 0x1C, 0x83, 0x91, 0x9C, 0x0C, 0xA9, 0xCA, 0xB6, 0x06, 0xE0, 0x47, 0x15,
    0xF1, 0xF7, 0x8C, 0x7F, 0x60, 0x4F, 0x1F, 0x78, 0x26, 0x59, 0x67, 0xF0, 0x0F, 0x88, 0xEC, 0xBC,
    0x4F, 0xA6, 0x82, 0x59, 0x74, 0xDD, 0x5F, 0xFD, 0x12, 0xE8, 0x0F, 0x40, 0xE0, 0x18, 0xA4, 0x6F,
    0x7F, 0xDC, 0x8A, 0xFB, 0xFE, 0x8A, 0xC6, 0xB6, 0x1E, 0x96, 0x21, 0x72, 0xD5, 0x8D, 0xCE, 0xAC,
    0x1E, 0x63, 0x8A, 0xC0, 0xBB, 0xD0, 0x9D, 0xBC, 0xB7, 0x5F, 0x71, 0xF9, 0x0F, 0xE3, 0x8F, 0x07,
    0x6B, 0x9E, 0x08, 0x6B, 0x81, 0xF1, 0x07, 0xE1, 0x85, 0xCE, 0x8D, 0x6E, 0xCC, 0x1A, 0x5D, 0x42,
    0xEF, 0x4E, 0x49, 0xED, 0xB7, 0x76, 0x26, 0xE1, 0x43, 0x45, 0x9F, 0x4C, 0x49, 0x9A, 0xA7, 0xE1,
    0xF5, 0xF0, 0x87, 0x87, 0xA3, 0x37, 0x9A, 0x7B, 0xE9, 0xF6, 0x3B, 0x81, 0x21, 0xE4, 0x70, 0x81,
    0x73, 0xDF, 0x07, 0x1F, 0xA5, 0x7E, 0xC1, 0xBA, 0x2C, 0xA8, 0xC8, 0xEA, 0x1D, 0x18, 0x60, 0xAB,
    0x0C, 0x82, 0x3D, 0x0D, 0x78, 0x7F, 0x8E, 0x7F, 0x63, 0x1F, 0x85, 0xBE, 0x35, 0xBD, 0x7B, 0xF8,
    0x74, 0x57, 0xF0, 0xC6, 0xA4, 0xEC, 0x59, 0xAE, 0xBC, 0x3E, 0xEB, 0x6C, 0x18, 0x9E, 0xA4, 0xC2,
    0x55, 0xA1, 0x24, 0x9E, 0x4B, 0x14, 0xC9, 0xF5, 0xAF, 0x0F, 0x11, 0x93, 0xF3, 0xC7, 0x96, 0x8D,
    0x46, 0x97, 0x66, 0xF4, 0x3E, 0xBB, 0x07, 0xC5, 0x11, 0x8B, 0xFF, 0x00, 0x69, 0xA4, 0xAF, 0xDE,
    0x2B, 0x5F, 0xB9, 0xFF, 0x00, 0x99, 0xF9, 0xC7, 0x63, 0xA9, 0x5B, 0xF8, 0x6E, 0x3D, 0x15, 0xFC,
    0x2D, 0x1D, 0xC4, 0x1A, 0x45, 0x93, 0x49, 0x6A, 0x75, 0x04, 0x79, 0x21, 0x7B, 0x99, 0xA4, 0x51,
    0x21, 0xF4, 0x2C, 0x98, 0x85, 0xB2, 0x4F, 0xCA, 0xC5, 0x80, 0xC1, 0x50, 0x33, 0xE8, 0xD7, 0x9F,
    0x10, 0xB5, 0x5F, 0x89, 0xBF, 0x0F, 0x34, 0xEF, 0x09, 0x69, 0xF6, 0xBF, 0x6D, 0xF1, 0x07, 0x89,
    0xB5, 0x2F, 0xB2, 0xE9, 0xF6, 0x91, 0x8C, 0x06, 0x99, 0x0C, 0x90, 0xB5, 0xCE, 0xD1, 0xC2, 0xAF,
    0x94, 0x5D, 0x9D, 0x80, 0x0A, 0x07, 0x3D, 0x14, 0x63, 0xEA, 0x9B, 0xFF, 0x00, 0xF8, 0x27, 0xDF,
    0x81, 0x35, 0x64, 0xB6, 0x4B, 0xFF, 0x00, 0x12, 0xF8, 0xAE, 0xF5, 0x6D, 0xC1, 0x08, 0xB3, 0x4F,
    0x64, 0x57, 0x07, 0x19, 0xF9, 0x7E, 0xCB, 0xB7, 0x9C, 0x0E, 0x71, 0x9E, 0x07, 0x3C, 0x0A, 0xF5,
    0x3F, 0x85, 0x1F, 0xB3, 0xA7, 0x81, 0x3E, 0x0D, 0x4C, 0xF7, 0x7E, 0x1E, 0xD2, 0x58, 0xEA, 0xD2,
    0x45, 0xE4, 0xBE, 0xAB, 0x7F, 0x33, 0x5C, 0xDD, 0x18, 0xFF, 0x00, 0xB8, 0xAE, 0xE4, 0xF9, 0x69,
    0xC0, 0xF9, 0x10, 0x2A, 0xF0, 0x38, 0xE2, 0xBE, 0x87, 0x04, 0x9E, 0x1B, 0x0E, 0xA9, 0xCF, 0x59,
    0x6B, 0xF8, 0xBB, 0xEF, 0xD4, 0xF9, 0x0C, 0xCE, 0xB5, 0x2C, 0x66, 0x2D, 0xD7, 0xA7, 0xA2, 0xD3,
    0xF0, 0x56, 0xF9, 0x2F, 0x2F, 0x23, 0xE0, 0x2F, 0x8F, 0x5F, 0xB2, 0x87, 0x8C, 0x3C, 0x01, 0xF0,
    0xBB, 0xC3, 0x96, 0x9A, 0xEE, 0xB7, 0x62, 0x92, 0xDC, 0xEA, 0x6D, 0x65, 0x6D, 0x6D, 0xA4, 0x4B,
    0x2C, 0xC2, 0x56, 0x16, 0x97, 0x77, 0x4C, 0xF2, 0xBB, 0xA2, 0x10, 0x31, 0x6E, 0x17, 0x68, 0x07,
    0x76, 0xE2, 0x4B, 0x76, 0xAF, 0x07, 0xD0, 0x34, 0x7F, 0x13, 0x7C, 0x1F, 0x7D, 0x0A, 0xF5, 0xB4,
    0xEB, 0x8D, 0x4F, 0x48, 0xBF, 0xB7, 0x05, 0xED, 0x62, 0x5C, 0xDC, 0x40, 0x0A, 0x86, 0x64, 0x0B,
    0xFC, 0x7B, 0x4E, 0x4A, 0xE3, 0x9C, 0x29, 0x1C, 0xF0, 0x6B, 0xF5, 0x53, 0xF6, 0xB5, 0xD2, 0x3C,
    0xDF, 0x87, 0x3A, 0x57, 0x89, 0x1A, 0xDD, 0xAE, 0xED, 0xFC, 0x25, 0xAD, 0xDA, 0xEB, 0x97, 0x90,
    0x22, 0x96, 0x66, 0xB3, 0x01, 0xE0, 0xBB, 0x20, 0x0E, 0xBB, 0x6D, 0xEE, 0x26, 0x7C, 0x7F, 0xB1,
    0x5E, 0x1B, 0xE3, 0xFF, 0x00, 0x86, 0xDA, 0x7E, 0xAF, 0xAD, 0x6D, 0x56, 0x43, 0x68, 0x92, 0x35,
    0xCD, 0x9C, 0xB0, 0xE0, 0xAB, 0x47, 0x22, 0x36, 0xC2, 0xA4, 0x70, 0x46, 0x18, 0x1E, 0x3A, 0xE2,
    0xBC, 0x2C, 0xDE, 0xBB, 0xE7, 0x8C, 0x2A, 0xAB, 0xC1, 0xAF, 0xC7, 0x5F, 0xF8, 0x07, 0xD9, 0xF0,
    0xAF, 0xB3, 0x94, 0x67, 0x04, 0xF9, 0x65, 0xBD, 0xFC, 0xBF, 0x53, 0xC7, 0x7E, 0x1C, 0x78, 0xFF,
    0x00, 0x4C, 0xD5, 0xDD, 0x35, 0x0D, 0x1A, 0xF2, 0xDE, 0xFD, 0x17, 0x74, 0x73, 0xDB, 0x48, 0xB9,
    0x05, 0x58, 0x15, 0x78, 0xA6, 0x8D, 0xB9, 0xC3, 0x29, 0x2A, 0xCA, 0xC3, 0x90, 0x4D, 0x7D, 0xBB,
    0xFB, 0x35, 0xF8, 0xD3, 0xFB, 0x53, 0xC3, 0xD7, 0x5E, 0x18, 0x9E, 0xE2, 0x49, 0xE5, 0xD1, 0x56,
    0x29, 0x2C, 0x65, 0x9D, 0xCB, 0xCB, 0x2E, 0x9B, 0x2E, 0xEF, 0xB3, 0x97, 0x63, 0xCB, 0x34, 0x6D,
    0x1C, 0xD6, 0xEC, 0xC7, 0x96, 0x36, 0xFB, 0x8F, 0xDF, 0xAF, 0x84, 0x3E, 0x2A, 0xFE, 0xCF, 0x81,
    0x6F, 0x6D, 0x3C, 0x4B, 0xA5, 0x3C, 0xBA, 0x56, 0xA9, 0x1A, 0x05, 0x9A, 0xF6, 0xC1, 0xB6, 0xBA,
    0x9C, 0x75, 0x61, 0xD1, 0xD7, 0x3D, 0x37, 0x03, 0xC6, 0x47, 0x1C, 0x11, 0xE9, 0x3F, 0xB2, 0x9F,
    0xC5, 0xAB, 0xBD, 0x3B, 0xE2, 0x1E, 0x85, 0x61, 0xAE, 0xF9, 0x76, 0xDA, 0xCD, 0xAC, 0xE7, 0x49,
    0xBF, 0x31, 0xF1, 0x15, 0xCD, 0xA5, 0xDE, 0xD5, 0x86, 0x74, 0xCF, 0x5F, 0xF4, 0xA8, 0xAD, 0x90,
    0x2F, 0x54, 0x33, 0x4B, 0xEB, 0x93, 0xE6, 0xE5, 0x3F, 0xEC, 0xF5, 0x79, 0x69, 0xCA, 0xF0, 0x97,
    0x47, 0xBA, 0x7D, 0x3E, 0xFD, 0xAF, 0xDE, 0xC7, 0xA3, 0xC4, 0x98, 0x27, 0x5B, 0x0D, 0xED, 0xDA,
    0xF7, 0xA3, 0xD5, 0x75, 0x5F, 0xA3, 0x5B, 0xFD, 0xE7, 0xE8, 0x4D, 0x14, 0x51, 0x5F, 0x64, 0x7E,
    0x54, 0x4A, 0xBF, 0x74, 0x7D, 0x29, 0x69, 0x17, 0xEE, 0x8F, 0xA5, 0x2D, 0x00, 0x15, 0xCE, 0x78,
    0xFA, 0x0F, 0xB4, 0x78, 0x3B, 0x58, 0x40, 0x32, 0x45, 0xBB, 0x3F, 0xFD, 0xF3, 0xCF, 0xF4, 0xAE,
    0x8E, 0xA8, 0xEA, 0xD6, 0x9F, 0x6E, 0xD3, 0x6F, 0x2D, 0xFF, 0x00, 0xE7, 0xB4, 0x4F, 0x1F, 0xE6,
    0x08, 0xFE, 0xB5, 0x32, 0x57, 0x4D, 0x0D, 0x1F, 0x34, 0xF8, 0x17, 0xC7, 0x57, 0x5A, 0x66, 0x9B,
    0xA8, 0x4B, 0x63, 0x75, 0xA6, 0xE8, 0x5A, 0xC4, 0xF3, 0x45, 0x04, 0x11, 0xEB, 0xEE, 0x63, 0x49,
    0x54, 0x31, 0xDC, 0x46, 0x3E, 0xA3, 0x9F, 0xAF, 0xB5, 0x7D, 0x09, 0xE3, 0x2F, 0x07, 0xE9, 0x7F,
    0x10, 0x3C, 0x23, 0xAB, 0x78, 0x6F, 0x5D, 0xB6, 0x5B, 0xBD, 0x2B, 0x54, 0xB5, 0x7B, 0x5B, 0xA8,
    0xBA, 0x65, 0x58, 0x60, 0x95, 0x3D, 0x88, 0xEA, 0x08, 0xE4, 0x10, 0x08, 0xE4, 0x57, 0xCF, 0xDA,
    0x17, 0xC3, 0x2F, 0x0D, 0xFC, 0x43, 0xD5, 0x23, 0x4D, 0x7A, 0xFA, 0x5B, 0x4B, 0x88, 0xCE, 0xD8,
    0x61, 0x8A, 0xE2, 0x38, 0xDA, 0x65, 0x1C, 0xB2, 0xED, 0x6F, 0x98, 0xFD, 0x54, 0x71, 0x83, 0x9E,
    0xD5, 0xF4, 0xBD, 0xB3, 0xC7, 0x25, 0xB4, 0x4D, 0x09, 0xCC, 0x4C, 0x80, 0xA1, 0xFF, 0x00, 0x67,
    0x1C, 0x56, 0x54, 0x3E, 0x04, 0x54, 0x9B, 0x52, 0x3F, 0x1F, 0x7F, 0x68, 0x5F, 0x84, 0x7A, 0xEF,
    0xC2, 0xBF, 0x1B, 0x6A, 0x51, 0xEA, 0xBB, 0xA6, 0xBC, 0xB6, 0xC4, 0xB7, 0x77, 0x61, 0x36, 0x8B,
    0xD8, 0x49, 0x0B, 0x1E, 0xA4, 0x83, 0xFB, 0xB2, 0x7C, 0xAB, 0x30, 0x1F, 0xEA, 0xE6, 0xC9, 0x3F,
    0x2C, 0xAA, 0x68, 0xF0, 0x77, 0x8A, 0x62, 0xBC, 0xB5, 0x8A, 0x39, 0xDC, 0x2B, 0x2F, 0xCB, 0xB8,
    0xFF, 0x00, 0x09, 0xF4, 0x3F, 0xD2, 0xBF, 0x52, 0xFE, 0x2F, 0xFC, 0x1C, 0xD0, 0xBE, 0x32, 0xF8,
    0x75, 0x74, 0xED, 0x59, 0x5A, 0xDA, 0xF6, 0xD8, 0xB4, 0x96, 0x1A, 0xA5, 0xBA, 0xA9, 0x9E, 0xCE,
    0x46, 0x52, 0xAC, 0x57, 0x70, 0x21, 0x95, 0x94, 0x95, 0x78, 0xD8, 0x14, 0x75, 0x24, 0x30, 0x22,
    0xBF, 0x33, 0xFE, 0x36, 0x7E, 0xCC, 0x9E, 0x30, 0xF8, 0x0F, 0xA8, 0xCB, 0x76, 0x2C, 0x14, 0xE8,
    0xFB, 0xB0, 0x2E, 0x6D, 0x49, 0x36, 0x12, 0x0C, 0xF1, 0xE5, 0xBB, 0x93, 0xE4, 0x93, 0xFF, 0x00,
    0x3C, 0x26, 0x60, 0x41, 0x38, 0x8A, 0x49, 0x78, 0x51, 0xE0, 0xE6, 0x39, 0x6F, 0xB5, 0x5C, 0xD4,
    0xD1, 0xFA, 0x26, 0x49, 0x9F, 0x42, 0x31, 0x54, 0x31, 0x2E, 0xDD, 0x99, 0xE8, 0x3A, 0x2F, 0x8A,
    0xD6, 0xD6, 0x6D, 0x2A, 0xEE, 0xE8, 0x4A, 0x75, 0x0D, 0x34, 0x18, 0x6C, 0x75, 0x3B, 0x09, 0xCD,
    0xBE, 0xA1, 0x67, 0x11, 0x3B, 0x8A, 0xC7, 0x2E, 0x08, 0x29, 0x92, 0x48, 0x47, 0x0C, 0x9C, 0xB0,
    0x2A, 0x55, 0x88, 0x3F, 0x4D, 0x78, 0x07, 0xF6, 0x8D, 0xD6, 0xA5, 0xB7, 0x8A, 0x2B, 0x8F, 0xEC,
    0xFF, 0x00, 0x1B, 0x44, 0x06, 0x01, 0xB5, 0x96, 0x2D, 0x2B, 0x57, 0x1E, 0xCD, 0x6D, 0x3B, 0x8B,
    0x79, 0x4F, 0xAB, 0xC5, 0x32, 0xE7, 0xB4, 0x63, 0xA5, 0x7E, 0x77, 0x68, 0x9F, 0x10, 0xA4, 0xB3,
    0x66, 0x82, 0x42, 0xF0, 0xC9, 0x11, 0xDB, 0x25, 0xB5, 0xC2, 0x10, 0x63, 0x3E, 0x84, 0x1C, 0x32,
    0x9F, 0x62, 0x05, 0x76, 0x36, 0x1F, 0x10, 0x2C, 0xAE, 0x14, 0x79, 0xA8, 0x54, 0xFA, 0xC6, 0xC1,
    0x85, 0x78, 0x98, 0x7C, 0x76, 0x33, 0x03, 0xEE, 0x49, 0x73, 0x45, 0x74, 0x7F, 0xA1, 0xEE, 0xE3,
    0x72, 0x4C, 0x16, 0x63, 0xFB, 0xC8, 0xFB, 0xB2, 0x7D, 0x56, 0xCF, 0xE5, 0xFE, 0x56, 0x3F, 0x4A,
    0xA3, 0xFD, 0xA0, 0x3C, 0x19, 0x6E, 0x02, 0xEB, 0x77, 0xB7, 0x7E, 0x11, 0x93, 0xF8, 0x87, 0x89,
    0xAC, 0x26, 0xD3, 0xA3, 0x07, 0xD0, 0x4D, 0x2A, 0x88, 0x9F, 0xEA, 0x8E, 0xC3, 0xDE, 0xBB, 0x1D,
    0x0B, 0xC5, 0xBA, 0x1F, 0x8A, 0x60, 0x13, 0x68, 0xBA, 0xCE, 0x9F, 0xAB, 0xC2, 0x46, 0x44, 0x96,
    0x37, 0x49, 0x32, 0x91, 0xEB, 0x95, 0x26, 0xBF, 0x35, 0xB4, 0x0F, 0x8C, 0x57, 0x3A, 0x0A, 0x6D,
    0xD3, 0xFC, 0x45, 0xA9, 0xE9, 0xE8, 0x07, 0xCB, 0x1D, 0xBD, 0xCC, 0xB1, 0xA8, 0x3E, 0xE1, 0x78,
    0x23, 0xDA, 0xA5, 0xBB, 0xF8, 0xBB, 0x6D, 0xA8, 0xCF, 0xE6, 0xEA, 0xD2, 0x69, 0xBA, 0xBB, 0xF2,
    0x77, 0xEA, 0x1A, 0x3D, 0xB5, 0xD3, 0x93, 0xF5, 0x96, 0x16, 0xAF, 0x5E, 0x19, 0xF5, 0x37, 0xF1,
    0xD2, 0x92, 0xF4, 0xD7, 0xFC, 0x8F, 0x98, 0xA9, 0xC2, 0x55, 0xD7, 0xF0, 0xEA, 0xC5, 0xFA, 0xDD,
    0x7F, 0x99, 0xFA, 0x73, 0x45, 0x7E, 0x65, 0x58, 0xFC, 0x7C, 0x83, 0x4A, 0x18, 0xB6, 0x5B, 0x6B,
    0x12, 0x3A, 0x7F, 0x66, 0x23, 0x69, 0xC0, 0x7F, 0xE0, 0x33, 0x45, 0x8F, 0xC2, 0xBB, 0x1F, 0x0E,
    0x7E, 0xD5, 0xD3, 0x5B, 0xCA, 0x8B, 0x1E, 0xB7, 0xAA, 0x58, 0x1C, 0xFC, 0xC6, 0x0D, 0x4E, 0x4B,
    0x8D, 0xDF, 0x51, 0x7C, 0x2E, 0x46, 0x3F, 0xDD, 0x2B, 0xF5, 0x15, 0xD9, 0x0C, 0xE7, 0x0D, 0x2D,
    0xD4, 0x97, 0xAA, 0xFF, 0x00, 0x2B, 0x9E, 0x7D, 0x4E, 0x18, 0xC7, 0xC1, 0x5E, 0x36, 0x97, 0xA3,
    0xFF, 0x00, 0x3B, 0x1F, 0xA0, 0x94, 0x57, 0x82, 0xFC, 0x2B, 0xFD, 0xA5, 0xAD, 0xBC, 0x43, 0x75,
    0x67, 0x61, 0xAE, 0xDC, 0x5A, 0x4C, 0x97, 0x72, 0x24, 0x16, 0xFA, 0xB5, 0xAC, 0x66, 0x05, 0xF3,
    0x58, 0xED, 0x48, 0xE7, 0x84, 0xB3, 0xF9, 0x65, 0x89, 0x0A, 0xB2, 0x2B, 0xB2, 0x33, 0x10, 0xA7,
    0xCB, 0x66, 0x44, 0x6F, 0x7A, 0xAF, 0x62, 0x9D, 0x58, 0x56, 0x8A, 0x9D, 0x37, 0x74, 0xCF, 0x99,
    0xAD, 0x42, 0xA6, 0x1E, 0x6E, 0x9D, 0x58, 0xB4, 0xD7, 0x46, 0x36, 0x58, 0x92, 0x78, 0x9E, 0x29,
    0x51, 0x64, 0x8D, 0xC1, 0x56, 0x47, 0x19, 0x0C, 0x0F, 0x50, 0x47, 0x71, 0x5F, 0x32, 0x78, 0xB7,
    0xE0, 0xC7, 0x88, 0x7E, 0x18, 0x42, 0xD1, 0x78, 0x5B, 0x4D, 0x97, 0xC5, 0x5E, 0x08, 0x88, 0x96,
    0xB5, 0xD2, 0xAD, 0xDD, 0x46, 0xA5, 0xA3, 0x29, 0x39, 0x31, 0x40, 0x1C, 0x85, 0xB8, 0xB6, 0x1F,
    0xC3, 0x19, 0x65, 0x92, 0x31, 0xF2, 0xA7, 0x98, 0x30, 0xAB, 0xF4, 0xED, 0x15, 0x35, 0xA8, 0x53,
    0xC4, 0x43, 0x92, 0xA2, 0xBA, 0x2F, 0x0D, 0x89, 0xAB, 0x84, 0xA8, 0xAA, 0xD1, 0x76, 0x68, 0xF8,
    0x9A, 0x4F, 0x89, 0xFE, 0x0B, 0x96, 0xE9, 0x74, 0xEB, 0xAD, 0x42, 0x3D, 0x1B, 0x53, 0x03, 0x6C,
    0xDA, 0x5E, 0xBA, 0x1A, 0xC2, 0xE0, 0xFA, 0xFE, 0xE6, 0x70, 0x92, 0x63, 0xF0, 0xC5, 0x78, 0x4F,
    0xED, 0x07, 0xA7, 0xD9, 0xF8, 0x02, 0xD6, 0xCF, 0xC7, 0x3E, 0x1C, 0xD4, 0xED, 0x56, 0xE7, 0x4F,
    0x9D, 0x3C, 0xB4, 0x8E, 0x65, 0x66, 0xF9, 0xDD, 0x40, 0x00, 0x03, 0x96, 0x0A, 0xE2, 0x39, 0x40,
    0xEB, 0xBA, 0x25, 0xAF, 0xD4, 0x2D, 0x5B, 0x44, 0xD3, 0xB5, 0xFB, 0x53, 0x6B, 0xA9, 0xD8, 0x5A,
    0xEA, 0x36, 0xC7, 0xAC, 0x37, 0x70, 0xAC, 0xA8, 0x7F, 0xE0, 0x2C, 0x08, 0xAE, 0x7B, 0x4A, 0xF8,
    0x3F, 0xE0, 0x3D, 0x0B, 0x51, 0x8F, 0x50, 0xD3, 0x7C, 0x13, 0xE1, 0xDD, 0x3A, 0xFE, 0x36, 0xDC,
    0x97, 0x56, 0x9A, 0x54, 0x11, 0x4A, 0xA7, 0xD4, 0x32, 0xA0, 0x20, 0xD7, 0x93, 0x4B, 0x2A, 0x8D,
    0x0A, 0xAA, 0xA4, 0x26, 0xF4, 0x3E, 0xAD, 0xF1, 0x2C, 0xA7, 0x42, 0x54, 0x6A, 0xD2, 0xBF, 0x32,
    0xB6, 0xFF, 0x00, 0xF0, 0xE7, 0x41, 0xA0, 0xEA, 0xF0, 0xF8, 0x83, 0x42, 0xD3, 0xB5, 0x4B, 0x7C,
    0xFD, 0x9E, 0xFA, 0xDA, 0x3B, 0x98, 0xF3, 0xD7, 0x6B, 0xA8, 0x61, 0xFA, 0x1A, 0xBD, 0x40, 0x50,
    0xA0, 0x00, 0x00, 0x03, 0x80, 0x07, 0x6A, 0x2B, 0xDD, 0x3E, 0x28, 0x95, 0x7E, 0xE8, 0xFA, 0x52,
    0xD2, 0x2F, 0xDD, 0x1F, 0x4A, 0x5A, 0x00, 0x2A, 0x36, 0xEB, 0x52, 0x53, 0x0A, 0x64, 0xF5, 0xA0,
    0x0E, 0x32, 0x0F, 0x84, 0xDE, 0x1B, 0x8B, 0x5E, 0xB7, 0xD6, 0x5E, 0xC8, 0xCB, 0xA9, 0x5B, 0x4E,
    0xF3, 0xC3, 0x33, 0x48, 0xC3, 0x61, 0x63, 0x90, 0x30, 0x0E, 0x08, 0x1D, 0xB3, 0x5D, 0x85, 0x3F,
    0xCB, 0xF7, 0xA3, 0xCB, 0xF7, 0xA4, 0x92, 0x4A, 0xC8, 0x06, 0x53, 0x65, 0x89, 0x27, 0x89, 0xE3,
    0x95, 0x16, 0x48, 0xDC, 0x15, 0x64, 0x71, 0x90, 0xC0, 0xF5, 0x04, 0x77, 0xA9, 0x7C, 0xBF, 0x7A,
    0x3C, 0xBF, 0x7A, 0x60, 0x78, 0x3F, 0xC4, 0x4F, 0xD8, 0x97, 0xE0, 0xFF, 0x00, 0xC4, 0x92, 0x64,
    0xBB, 0xF0, 0xB2, 0xE8, 0xF7, 0x83, 0x3B, 0x2E, 0xB4, 0x39, 0xDE, 0xC9, 0xA3, 0xCF, 0x5D, 0xA8,
    0x87, 0xCB, 0x04, 0x9E, 0x49, 0xDB, 0xCD, 0x78, 0xEE, 0xAB, 0xFF, 0x00, 0x04, 0xBD, 0xF0, 0xDA,
    0x86, 0x1A, 0x1F, 0xC4, 0x4F, 0x11, 0xD9, 0x8C, 0xF0, 0xBA, 0xA4, 0x16, 0xD7, 0x80, 0x7B, 0x65,
    0x52, 0x26, 0x3F, 0x89, 0x35, 0xF6, 0xD7, 0x97, 0xEF, 0x47, 0x97, 0xEF, 0x59, 0xCA, 0x9C, 0x27,
    0xF1, 0x45, 0x33, 0xB6, 0x8E, 0x37, 0x13, 0x87, 0xFE, 0x15, 0x46, 0xBE, 0x67, 0xC0, 0xE3, 0xFE,
    0x09, 0x7F, 0xA9, 0xF9, 0x9F, 0xF2, 0x56, 0x62, 0xF2, 0xBD, 0x07, 0x86, 0x8E, 0xEF, 0xCF, 0xED,
    0x78, 0xFD, 0x2B, 0xA0, 0xD1, 0xFF, 0x00, 0xE0, 0x98, 0xBA, 0x0A, 0x15, 0x3A, 0xCF, 0xC4, 0x5F,
    0x10, 0x5E, 0x01, 0xD4, 0x69, 0xD6, 0x96, 0xB6, 0xB9, 0xFF, 0x00, 0xBE, 0xD2, 0x5A, 0xFB, 0x63,
    0xCB, 0xF7, 0xA3, 0xCB, 0xF7, 0xAC, 0x96, 0x1A, 0x82, 0xFB, 0x0B, 0xEE, 0x3A, 0xE5, 0x9C, 0x66,
    0x12, 0x56, 0x75, 0x9F, 0xDE, 0x7C, 0xC5, 0xA4, 0x7F, 0xC1, 0x3B, 0xBE, 0x10, 0x69, 0xEA, 0x05,
    0xEC, 0x1A, 0xF6, 0xB4, 0x47, 0x53, 0x77, 0xAC, 0xCD, 0x16, 0x7F, 0xEF, 0xC1, 0x8F, 0xF4, 0xAD,
    0xB9, 0x3F, 0x60, 0xEF, 0x82, 0x32, 0x45, 0xB1, 0x7C, 0x27, 0x75, 0x19, 0xEC, 0xE9, 0xAE, 0xEA,
    0x19, 0x1F, 0x9C, 0xE7, 0xF5, 0xAF, 0xA0, 0xBC, 0xBF, 0x7A, 0x3C, 0xBF, 0x7A, 0xD3, 0xD9, 0x53,
    0xFE, 0x55, 0xF7, 0x1C, 0x8F, 0x1D, 0x8A, 0x93, 0xBB, 0xAB, 0x2F, 0xBD, 0x9F, 0x19, 0x7C, 0x43,
    0xFD, 0x84, 0x67, 0xF0, 0xC6, 0x99, 0x79, 0xA8, 0xFC, 0x30, 0xD7, 0xAF, 0xA5, 0x9D, 0x63, 0x7F,
    0x33, 0xC3, 0x9A, 0xD4, 0xCB, 0x24, 0x37, 0x68, 0x41, 0x06, 0x38, 0xE6, 0x01, 0x5A, 0x36, 0x23,
    0x20, 0x17, 0x2D, 0x93, 0x8F, 0x99, 0x3E, 0xF0, 0xFA, 0x63, 0xE0, 0xCE, 0xB9, 0xAB, 0xF8, 0x93,
    0xE1, 0x37, 0x84, 0x35, 0x3D, 0x7E, 0xDA, 0xE2, 0xCF, 0x5C, 0xB8, 0xD2, 0xED, 0xDA, 0xFA, 0x1B,
    0xA8, 0xCC, 0x72, 0xAC, 0xFB, 0x00, 0x93, 0x72, 0x90, 0x30, 0x4B, 0x02, 0x71, 0x8E, 0xF5, 0xDA,
    0xF9, 0x7E, 0xF4, 0x79, 0x7E, 0xF4, 0xA9, 0xD1, 0xA7, 0x49, 0xB7, 0x05, 0x6B, 0xF6, 0x15, 0x7C,
    0x65, 0x6C, 0x4C, 0x63, 0x1A, 0xD2, 0xE6, 0xB6, 0xCD, 0xEF, 0xE9, 0x7E, 0xC3, 0x28, 0xA7, 0xF9,
    0x7E, 0xF5, 0xF9, 0x2B, 0xFF, 0x00, 0x05, 0x0E, 0xFD, 0xAB, 0xFE, 0x26, 0x78, 0x63, 0xF6, 0x88,
    0xF1, 0x47, 0x85, 0x74, 0x6F, 0x16, 0xEA, 0x7E, 0x1A, 0xF0, 0xF7, 0x86, 0x16, 0xD6, 0x3B, 0x68,
    0x34, 0x1B, 0x89, 0x2D, 0x24, 0x9D, 0xA6, 0xB4, 0xB7, 0x9D, 0xDE, 0x67, 0x46, 0x06, 0x46, 0xDD,
    0x2E, 0xD0, 0x09, 0xDA, 0xA1, 0x46, 0x00, 0x25, 0x8B, 0x7D, 0x36, 0x47, 0x92, 0xD7, 0xCF, 0x71,
    0x4F, 0x0B, 0x46, 0x71, 0x85, 0xA3, 0x29, 0x39, 0x49, 0xD9, 0x28, 0xC5, 0x5D, 0xB7, 0x64, 0xDF,
    0xDC, 0x8E, 0x26, 0xEC, 0x7E, 0xB3, 0xD1, 0x5F, 0x89, 0xFE, 0x24, 0xD4, 0x7F, 0x6B, 0x7F, 0x08,
    0x7C, 0x1C, 0x83, 0xE2, 0xAE, 0xAF, 0xAD, 0x78, 0xE6, 0xCF, 0xC0, 0x33, 0x59, 0xDA, 0x6A, 0x09,
    0xAB, 0xFF, 0x00, 0xC2, 0x65, 0x1C, 0x99, 0x82, 0xE9, 0xA3, 0x58, 0x1F, 0xC9, 0x5B, 0xA3, 0x2F,
    0xCC, 0x66, 0x8F, 0x8D, 0x99, 0x1B, 0xB9, 0x03, 0x07, 0x1F, 0x45, 0xFF, 0x00, 0xC1, 0x2F, 0xFF,
    0x00, 0x69, 0x3F, 0x88, 0x3F, 0x11, 0xBE, 0x28, 0x6B, 0xBE, 0x0A, 0xF1, 0x3F, 0x89, 0x2F, 0x7C,
    0x4D, 0xA2, 0xBE, 0x87, 0x36, 0xB7, 0x04, 0xDA, 0xBC, 0xAF, 0x71, 0x75, 0x04, 0xC9, 0x3D, 0xAC,
    0x5B, 0x56, 0x57, 0x25, 0xB6, 0x32, 0xCE, 0x49, 0x43, 0x90, 0x0A, 0x82, 0xBB, 0x72, 0xDB, 0xBD,
    0xAC, 0x47, 0x0B, 0x38, 0x60, 0x2B, 0x66, 0x18, 0x4C, 0x65, 0x2A, 0xD1, 0xA3, 0xCB, 0xCC, 0xA0,
    0xE7, 0x74, 0xA4, 0xEC, 0x9F, 0xBD, 0x18, 0xDF, 0x5E, 0xC2, 0xE6, 0xD6, 0xC7, 0xE9, 0x2D, 0x14,
    0xFF, 0x00, 0x2F, 0xDE, 0x8F, 0x2F, 0xDE, 0xBE, 0x14, 0xA1, 0xCB, 0xF7, 0x47, 0xD2, 0x96, 0x90,
    0x0C, 0x0C, 0x52, 0xD0, 0x01, 0x45, 0x14, 0x50, 0x01, 0x45, 0x14, 0x50, 0x01, 0x45, 0x14, 0x50,
    0x01, 0x45, 0x14, 0x50, 0x01, 0x45, 0x14, 0x50, 0x01, 0x45, 0x14, 0x50, 0x01, 0x45, 0x14, 0x50,
    0x01, 0x5F, 0x8C, 0xDF, 0xF0, 0x55, 0x6D, 0x13, 0xC3, 0xBE, 0x1A, 0xFD, 0xA6, 0xA6, 0xD4, 0x7C,
    0x3B, 0xAE, 0x1F, 0x10, 0xF8, 0x8B, 0x5D, 0xB2, 0x8A, 0xE3, 0xC4, 0x3E, 0x1F, 0x0A, 0xA7, 0xFB,
    0x26, 0x48, 0xE1, 0x86, 0x1B, 0x76, 0xF3, 0x40, 0xC0, 0xF3, 0xA1, 0x40, 0xDE, 0x4B, 0x65, 0xD7,
    0x66, 0xF2, 0x76, 0xCC, 0x80, 0x7E, 0xCC, 0xD7, 0xE1, 0xCF, 0xFC, 0x14, 0x64, 0xC9, 0x2F, 0xED,
    0x91, 0xF1, 0x56, 0x1B, 0x59, 0x51, 0x2E, 0xF7, 0xE9, 0xA5, 0x73, 0xD4, 0x7F, 0xC4, 0xAE, 0xCF,
    0x9F, 0xE7, 0x5F, 0xA4, 0xF8, 0x7D, 0x42, 0xB5, 0x7C, 0xED, 0x7B, 0x0A, 0xD2, 0xA7, 0x28, 0xC2,
    0x6F, 0xDC, 0x51, 0x72, 0x95, 0x97, 0xC0, 0x94, 0xBD, 0xD6, 0xDF, 0x9A, 0x6B, 0x4F, 0x9A, 0x99,
    0x6C, 0x78, 0x7E, 0xAD, 0xAE, 0xE9, 0x33, 0x7C, 0x11, 0xF0, 0x8E, 0x87, 0x6D, 0x69, 0xAB, 0x4B,
    0xE2, 0xAD, 0x37, 0xC4, 0x1A, 0xA6, 0xAB, 0x79, 0x67, 0x36, 0x9B, 0x02, 0x69, 0xE2, 0x1B, 0xB8,
    0x6C, 0xE1, 0x0B, 0x14, 0xE2, 0xE1, 0x9D, 0x9D, 0x06, 0x9F, 0x13, 0x73, 0x0A, 0x82, 0x67, 0x71,
    0x91, 0xE5, 0x03, 0x27, 0xDD, 0x5F, 0xF0, 0x47, 0x7D, 0x0B, 0xC3, 0x9A, 0x97, 0x8C, 0xFC, 0x6F,
    0xE2, 0x6B, 0xCF, 0x10, 0x1B, 0x7F, 0x1E, 0x5B, 0x59, 0x1D, 0x36, 0x1F, 0x09, 0x95, 0x09, 0xB7,
    0x4D, 0x91, 0xE0, 0x91, 0xEF, 0x77, 0x1E, 0x66, 0xCC, 0xD1, 0xA4, 0x78, 0x4C, 0x08, 0xB6, 0xFC,
    0xF9, 0xF3, 0xA3, 0xC7, 0x89, 0xF8, 0x8B, 0xC7, 0x1F, 0xB2, 0xAD, 0xCF, 0xC1, 0xDB, 0x7D, 0x3B,
    0x49, 0xF8, 0x4D, 0xF1, 0x06, 0xDF, 0xC7, 0xA2, 0xCE, 0xD1, 0x24, 0xD4, 0x0F, 0x89, 0x56, 0x3C,
    0xCE, 0xAD, 0x1F, 0xDA, 0x1B, 0xED, 0x0D, 0x24, 0xB1, 0x1D, 0xC0, 0x49, 0xF3, 0x7D, 0x84, 0x06,
    0xCF, 0x11, 0xC3, 0x90, 0x53, 0xD0, 0x3F, 0xE0, 0x92, 0x2F, 0xFF, 0x00, 0x19, 0x41, 0xAD, 0xC6,
    0xF2, 0x2B, 0xCE, 0xBE, 0x0B, 0xBC, 0x2F, 0xB7, 0xFE, 0xBF, 0x6C, 0x39, 0xC7, 0xE7, 0x5F, 0x73,
    0x9A, 0x65, 0xD5, 0xA8, 0xF0, 0xDE, 0x39, 0xC3, 0xEB, 0x14, 0x20, 0xA5, 0x19, 0xCA, 0x35, 0xA3,
    0x4D, 0x2A, 0x8E, 0x52, 0xB3, 0x49, 0xC5, 0x29, 0x68, 0xFD, 0xEB, 0x6D, 0xA6, 0xDD, 0xA1, 0x3D,
    0x4F, 0xD7, 0x8A, 0x28, 0xA2, 0xBF, 0x9F, 0x4D, 0x42, 0x8A, 0x28, 0xA0, 0x02, 0x8A, 0x28, 0xA0,
    0x02, 0x8A, 0x28, 0xA0, 0x02, 0x8A, 0xFC, 0xEC, 0xFD, 0xBB, 0x7F, 0xE0, 0xA1, 0xFE, 0x2B, 0xF8,
    0x65, 0xF1, 0x0B, 0x5D, 0xF8, 0x4F, 0xF0, 0xDF, 0x4F, 0x1A, 0x1E, 0xBB, 0xA4, 0x9B, 0x27, 0xD4,
    0x3C, 0x5D, 0x7B, 0xE5, 0x4E, 0x63, 0xF3, 0x22, 0x5B, 0x83, 0x0D, 0xB5, 0xB3, 0xAB, 0x21, 0xCA,
    0x49, 0x08, 0x32, 0xC9, 0x9C, 0x66, 0x55, 0x11, 0xE4, 0x24, 0x95, 0xF0, 0x3F, 0xC2, 0xFF, 0x00,
    0x80, 0x7F, 0x10, 0xFF, 0x00, 0x69, 0x5D, 0x6B, 0xC4, 0xF3, 0xF8, 0x3B, 0xC3, 0x33, 0xF8, 0xE3,
    0x54, 0xD3, 0xA5, 0x8A, 0xE7, 0x5A, 0xBE, 0xBB, 0xD4, 0x2D, 0x92, 0x63, 0x2D, 0xC9, 0x91, 0xD6,
    0x49, 0x24, 0xB9, 0x95, 0x1A, 0x57, 0x73, 0x1C, 0xAC, 0x58, 0x16, 0x39, 0xEB, 0xD4, 0x67, 0xF4,
    0x2C, 0x9F, 0x83, 0xEA, 0xE3, 0xF0, 0x2F, 0x34, 0xC7, 0xD7, 0x8E, 0x1B, 0x0E, 0xDD, 0xA3, 0x29,
    0xDF, 0xDE, 0x7A, 0xE8, 0x92, 0xE9, 0xA3, 0xD7, 0xCB, 0x4E, 0xB6, 0x97, 0x2B, 0x68, 0x8F, 0xE8,
    0x2E, 0x8A, 0xFC, 0xCF, 0xFF, 0x00, 0x82, 0x7E, 0x7E, 0xC5, 0xDF, 0x1A, 0xBE, 0x10, 0x7C, 0x70,
    0x3E, 0x28, 0xF1, 0x4C, 0x33, 0x7C, 0x3C, 0xF0, 0x9D, 0x9C, 0x05, 0xAE, 0xF4, 0x78, 0x75, 0x58,
    0xA7, 0x1E, 0x20, 0x95, 0xA1, 0x9A, 0x28, 0x52, 0x48, 0xAD, 0xA6, 0x68, 0xF6, 0x42, 0x65, 0x69,
    0x77, 0xCB, 0x92, 0x1B, 0x60, 0x45, 0x3B, 0x99, 0x93, 0xF4, 0xC2, 0xBE, 0x47, 0x33, 0xC2, 0x51,
    0xC0, 0xE2, 0xA5, 0x43, 0x0F, 0x5D, 0x56, 0x8A, 0xFB, 0x51, 0x4D, 0x27, 0xF7, 0xFF, 0x00, 0xC3,
    0x76, 0x6C, 0x68, 0x28, 0xA2, 0x8A, 0xF2, 0xC6, 0x14, 0x51, 0x45, 0x00, 0x14, 0x51, 0x45, 0x00,
    0x15, 0xF9, 0x37, 0xFF, 0x00, 0x05, 0x3A, 0xF8, 0x6D, 0xF1, 0x5B, 0xE2, 0xF7, 0xED, 0x01, 0x0D,
    0xB5, 0xAF, 0xC2, 0xFD, 0x52, 0xFF, 0x00, 0xC3, 0xDA, 0x25, 0x92, 0x26, 0x8F, 0xE2, 0x1F, 0x0B,
    0x68, 0x17, 0x37, 0x57, 0x37, 0xF6, 0xF3, 0x47, 0x13, 0x3C, 0x77, 0x57, 0x10, 0xF9, 0x83, 0xF7,
    0x57, 0x09, 0x70, 0x12, 0x22, 0xA8, 0x54, 0x48, 0xCD, 0x82, 0x24, 0x0C, 0xDF, 0xAC, 0x95, 0xF9,
    0x8B, 0xFF, 0x00, 0x05, 0x1A, 0xD3, 0xBF, 0x69, 0x3F, 0x16, 0xFC, 0x58, 0xBC, 0xD2, 0x34, 0x4D,
    0x27, 0xC6, 0x4F, 0xF0, 0xAA, 0x4B, 0x26, 0xB1, 0xD3, 0xAD, 0xFC, 0x14, 0x93, 0xCB, 0x16, 0xA2,
    0x8F, 0x04, 0x26, 0xF0, 0xDF, 0xA5, 0xAB, 0x33, 0xB1, 0x2F, 0x23, 0xC4, 0xA9, 0x3A, 0xAA, 0x14,
    0x8C, 0xEC, 0x53, 0x99, 0x19, 0xBE, 0xA7, 0x86, 0x63, 0xCF, 0x99, 0xD3, 0x5C, 0xB4, 0xDE, 0xFF,
    0x00, 0xC5, 0x93, 0x8C, 0x36, 0xDD, 0xB4, 0xD3, 0xBF, 0x65, 0xF8, 0x09, 0xEC, 0x7E, 0x68, 0x59,
    0x68, 0x36, 0x3A, 0x8C, 0x6D, 0x25, 0xBE, 0xA3, 0x77, 0x2A, 0x03, 0x82, 0xC2, 0x42, 0x39, 0xFC,
    0x45, 0x7E, 0x8D, 0xFF, 0x00, 0xC1, 0x1C, 0xFC, 0x59, 0xA9, 0xE9, 0xFE, 0x31, 0xF1, 0xC7, 0x82,
    0x6C, 0x74, 0x8B, 0x0B, 0x9F, 0x0F, 0x35, 0x9B, 0x6B, 0x17, 0xFE, 0x21, 0x5B, 0x27, 0x6B, 0xD4,
    0xBA, 0x0F, 0x04, 0x36, 0xD6, 0x92, 0xDD, 0x06, 0xD9, 0xE5, 0xEC, 0xFB, 0x5B, 0xA4, 0x4C, 0xBB,
    0x81, 0xF3, 0x99, 0x4E, 0x37, 0x57, 0xC7, 0x97, 0x9F, 0xB3, 0x07, 0xC5, 0x6B, 0x9B, 0x11, 0x69,
    0x1F, 0xC2, 0xBF, 0x1F, 0xDB, 0x42, 0x38, 0x22, 0x1F, 0x0B, 0x5F, 0x0C, 0x8F, 0x4F, 0xF5, 0x35,
    0xFA, 0x49, 0xFF, 0x00, 0x04, 0xE1, 0xD4, 0xBF, 0x68, 0x28, 0xF5, 0x2D, 0x5F, 0x48, 0xF8, 0x81,
    0xE1, 0x79, 0x34, 0x1F, 0x86, 0x56, 0xD6, 0x52, 0x2E, 0x9B, 0x1D, 0xDF, 0x86, 0xED, 0x34, 0x07,
    0xB4, 0xBF, 0x13, 0x47, 0x21, 0x48, 0x2D, 0x61, 0x8E, 0x06, 0x31, 0x4A, 0xB7, 0x13, 0x3B, 0x39,
    0x84, 0xA9, 0x78, 0xFE, 0x57, 0x0D, 0xBC, 0x37, 0xEB, 0xFC, 0x6F, 0x0C, 0xB2, 0x96, 0x54, 0xA9,
    0xE1, 0x29, 0xD0, 0x9C, 0xBD, 0xDB, 0xCE, 0x15, 0x75, 0x52, 0xEB, 0xC9, 0x4F, 0x9E, 0x4D, 0xAB,
    0x69, 0x79, 0x37, 0xD5, 0xDB, 0x63, 0x38, 0xDE, 0xE7, 0xDD, 0xB4, 0x51, 0x45, 0x7F, 0x3B, 0x9A,
    0x85, 0x14, 0x51, 0x40, 0x05, 0x14, 0x51, 0x40, 0x05, 0x14, 0x51, 0x40, 0x1F, 0x90, 0x1F, 0xF0,
    0x54, 0xDF, 0x88, 0x9E, 0x0D, 0xF1, 0x3F, 0xC7, 0x0B, 0x9F, 0x06, 0x68, 0x7E, 0x01, 0xB7, 0xD2,
    0xBC, 0x6F, 0xE1, 0xE9, 0xED, 0x6E, 0x35, 0x8F, 0x1D, 0x2B, 0xA4, 0x53, 0x5F, 0x24, 0xB6, 0x6A,
    0xDF, 0x64, 0x68, 0x91, 0x73, 0x3A, 0x88, 0xDA, 0xD0, 0xAC, 0xB2, 0xB6, 0xE4, 0x31, 0xBA, 0x2A,
    0x85, 0x25, 0x9B, 0xE7, 0x0F, 0x84, 0xBF, 0xB3, 0xC7, 0x8E, 0x7F, 0x68, 0x7B, 0xDD, 0x72, 0x2F,
    0x01, 0xF8, 0x43, 0xFE, 0x12, 0xA9, 0xB4, 0x35, 0xB7, 0xFE, 0xD0, 0x6F, 0xB5, 0x5A, 0x5B, 0xF9,
    0x1E, 0x77, 0x98, 0x62, 0x19, 0xB8, 0x95, 0x37, 0x67, 0xCA, 0x93, 0xEE, 0xE7, 0x18, 0xE7, 0x19,
    0x15, 0xFA, 0x0B, 0xFF, 0x00, 0x05, 0x0B, 0xF0, 0x5F, 0xEC, 0xB7, 0xE2, 0x1F, 0x14, 0x3C, 0xBE,
    0x2E, 0xF8, 0x83, 0x63, 0xF0, 0xE7, 0xE3, 0x04, 0xDE, 0x4A, 0xC9, 0xAA, 0xE9, 0x16, 0x77, 0x1A,
    0xAD, 0xC7, 0x95, 0x12, 0xA9, 0x11, 0xDF, 0xD9, 0x5B, 0xE4, 0x7C, 0xD0, 0xCC, 0x9B, 0x1E, 0x4F,
    0x2E, 0x42, 0x16, 0x2D, 0xAE, 0xC9, 0x19, 0x43, 0xF9, 0x4F, 0xAA, 0xEA, 0xFA, 0x5C, 0x1A, 0x95,
    0xD5, 0xBB, 0xC4, 0x9A, 0xBF, 0x91, 0x2B, 0xC2, 0xB7, 0xF6, 0x96, 0xD2, 0x79, 0x17, 0x0A, 0xAC,
    0x40, 0x92, 0x3F, 0x35, 0x12, 0x40, 0x8C, 0x3E, 0x60, 0x1D, 0x15, 0x80, 0x3C, 0xA8, 0x39, 0x15,
    0xFD, 0x0F, 0xC1, 0x59, 0xCE, 0x12, 0x96, 0x47, 0x3C, 0xBE, 0x85, 0x65, 0x46, 0xBF, 0x3F, 0x33,
    0x75, 0x53, 0x9D, 0x39, 0x2F, 0xEE, 0xAD, 0x14, 0x5E, 0xD7, 0xEB, 0xD7, 0x5E, 0x99, 0xC9, 0x6A,
    0x7E, 0x94, 0xFE, 0xC1, 0x3F, 0xB1, 0x97, 0xC7, 0x4F, 0x83, 0x9F, 0x1D, 0x6C, 0xFC, 0x4D, 0xAF,
    0x58, 0x7F, 0xC2, 0x07, 0xE0, 0xEB, 0x7D, 0xDF, 0xDA, 0xDA, 0x5F, 0xF6, 0xEA, 0x3F, 0xF6, 0xD0,
    0x6B, 0x5B, 0xA8, 0xE1, 0x1F, 0x67, 0xB5, 0x79, 0x22, 0x93, 0xC9, 0x96, 0x44, 0x7C, 0xCC, 0x57,
    0x1B, 0xF2, 0x9B, 0x8E, 0x71, 0xFA, 0x71, 0x5F, 0x8C, 0xFF, 0x00, 0xF0, 0x49, 0xEB, 0xED, 0x4E,
    0x6F, 0xDA, 0x3E, 0x59, 0x34, 0x2F, 0x16, 0xE9, 0x5E, 0x18, 0xD1, 0x9A, 0x0F, 0x23, 0x58, 0xF0,
    0xC6, 0xA1, 0x7C, 0x20, 0xBA, 0xF1, 0x02, 0x1B, 0x7B, 0xA7, 0x84, 0xDA, 0xDA, 0x94, 0x22, 0x56,
    0xB7, 0x92, 0x31, 0x23, 0x38, 0x2A, 0xC8, 0x8E, 0xC3, 0x25, 0x5D, 0x94, 0xFE, 0xCC, 0x57, 0xE4,
    0x7C, 0x51, 0x56, 0x55, 0xB3, 0x5A, 0xB2, 0x9D, 0x58, 0x54, 0x7F, 0xCD, 0x4E, 0x3C, 0x91, 0x7F,
    0x2B, 0x2D, 0x7B, 0xBD, 0x6F, 0xDD, 0x94, 0xB6, 0x0A, 0x28, 0xAF, 0x37, 0xFD, 0xA2, 0xBE, 0x2D,
    0x5E, 0xFC, 0x0A, 0xF8, 0x2F, 0xE2, 0x6F, 0x1E, 0x58, 0x78, 0x6A, 0x7F, 0x17, 0x4F, 0xA2, 0x45,
    0x1D, 0xC3, 0xE9, 0x56, 0xF3, 0x34, 0x2C, 0xF1, 0x19, 0x91, 0x25, 0x90, 0xBA, 0xC7, 0x21, 0x54,
    0x8A, 0x36, 0x79, 0x59, 0xB6, 0x10, 0x16, 0x36, 0x27, 0x03, 0x24, 0x7C, 0xB4, 0x22, 0xE7, 0x25,
    0x18, 0xEE, 0xCA, 0x3D, 0x22, 0x8A, 0xFC, 0x86, 0x87, 0xFE, 0x0A, 0xD7, 0xF1, 0xBE, 0x58, 0x51,
    0xFF, 0x00, 0xB0, 0xFE, 0x1E, 0x9D, 0xC0, 0x1F, 0x93, 0x4C, 0xBE, 0x23, 0xF0, 0x3F, 0x6D, 0xE6,
    0xBE, 0x7F, 0xFD, 0xA3, 0xBF, 0x68, 0x6F, 0x17, 0xFE, 0xD5, 0x5E, 0x26, 0xD3, 0xF5, 0x8F, 0x1D,
    0x2E, 0x9B, 0x18, 0xD3, 0xAC, 0x7E, 0xC3, 0x69, 0xA7, 0x69, 0x11, 0xCF, 0x15, 0xA4, 0x40, 0xBB,
    0x3C, 0x92, 0x88, 0xE5, 0x9A, 0x4C, 0x4A, 0xF9, 0x45, 0x67, 0x04, 0x65, 0x61, 0x8C, 0x1F, 0xBA,
    0x2B, 0xF5, 0x9C, 0x07, 0x85, 0xFC, 0x47, 0x8C, 0xAB, 0x18, 0xD6, 0xA4, 0xA9, 0xC2, 0x49, 0xBE,
    0x67, 0x28, 0xB4, 0xB4, 0xBA, 0xD2, 0x2D, 0xBD, 0x5D, 0x96, 0xDA, 0x5C, 0x87, 0x34, 0x7E, 0xFC,
    0xD1, 0x5F, 0x37, 0xFF, 0x00, 0xC1, 0x3A, 0xFC, 0x53, 0xAD, 0x78, 0xD3, 0xF6, 0x3A, 0xF0, 0x0E,
    0xB1, 0xE2, 0x2D, 0x67, 0x50, 0xF1, 0x06, 0xB1, 0x70, 0xFA, 0x90, 0x9F, 0x51, 0xD5, 0x6E, 0xA4,
    0xB9, 0xB9, 0x94, 0x26, 0xA5, 0x74, 0x89, 0xBE, 0x47, 0x25, 0x9B, 0x0A, 0xAA, 0xA3, 0x27, 0x80,
    0xA0, 0x74, 0x15, 0xF4, 0x85, 0x7E, 0x51, 0x52, 0x0E, 0x9C, 0xDC, 0x25, 0xBA, 0x76, 0x2C, 0x2B,
    0xF3, 0x0B, 0xFE, 0x0A, 0x3F, 0xFB, 0x34, 0xEB, 0xDE, 0x21, 0xF8, 0xAD, 0x79, 0xE3, 0x7D, 0x77,
    0xE2, 0xFF, 0x00, 0x82, 0xF4, 0x7F, 0x07, 0xCF, 0x64, 0x6E, 0x74, 0xAD, 0x0F, 0xC6, 0xFA, 0xD5,
    0xD5, 0xBC, 0x96, 0x4D, 0x0C, 0x11, 0x25, 0xDC, 0x76, 0x36, 0xAB, 0x1C, 0xC2, 0x6D, 0xFE, 0x54,
    0x32, 0x37, 0x92, 0xA1, 0xD9, 0xE5, 0x0A, 0x50, 0x90, 0xAC, 0xDF, 0xA7, 0xB5, 0xF8, 0xC9, 0xFF,
    0x00, 0x05, 0x56, 0xB2, 0xB4, 0xD1, 0x3F, 0x69, 0xF9, 0xB5, 0x1B, 0x1F, 0x16, 0x8F, 0x17, 0xEB,
    0x7A, 0x85, 0x8C, 0x42, 0xEF, 0xC3, 0x8B, 0x13, 0xEE, 0xF0, 0xDD, 0xBC, 0x70, 0xC2, 0x20, 0x8B,
    0xCD, 0x32, 0x32, 0x62, 0x76, 0x37, 0x13, 0xF9, 0x41, 0x50, 0xAE, 0xFD, 0xE4, 0x11, 0x2A, 0xB3,
    0x7D, 0x5F, 0x0A, 0x73, 0x7F, 0x6B, 0x53, 0x50, 0xAB, 0xEC, 0xDE, 0xBE, 0xF2, 0xA7, 0xED, 0x5E,
    0xDD, 0x21, 0x67, 0x77, 0xF9, 0x09, 0xEC, 0x7C, 0x8D, 0xA1, 0xE9, 0xD2, 0xEB, 0x32, 0x5A, 0x5B,
    0x26, 0x87, 0xE6, 0xEA, 0x37, 0xB3, 0xA5, 0xB5, 0xA5, 0x85, 0xAC, 0x06, 0x6B, 0x8B, 0x89, 0x5C,
    0x85, 0x48, 0xD2, 0x35, 0x5D, 0xCC, 0xEC, 0xC4, 0x00, 0xA0, 0x12, 0x49, 0x15, 0xFA, 0x71, 0xFF,
    0x00, 0x04, 0xB5, 0xF8, 0x15, 0xF1, 0x7B, 0xE1, 0xD7, 0x8A, 0x35, 0xCF, 0x10, 0x78, 0xA3, 0x48,
    0xD6, 0x3C, 0x1B, 0xF0, 0xFA, 0xF3, 0x4C, 0x9A, 0x3B, 0x5D, 0x07, 0x57, 0xB9, 0x7B, 0x76, 0xB9,
    0xBF, 0x7B, 0x88, 0x57, 0xED, 0x3F, 0xD9, 0xE4, 0xFE, 0xE9, 0x96, 0x3B, 0x56, 0x53, 0x24, 0xAA,
    0x8E, 0xCB, 0x24, 0x7B, 0x37, 0xA9, 0x24, 0x7E, 0x5B, 0x4D, 0xAA, 0xDF, 0xDC, 0x28, 0x59, 0x74,
    0x06, 0x94, 0x03, 0x90, 0x1D, 0x81, 0xC7, 0xE9, 0x5F, 0xA1, 0x7F, 0xF0, 0x47, 0x58, 0xB4, 0xA1,
    0xF1, 0x17, 0xC5, 0xF7, 0x3F, 0xF0, 0x94, 0xCD, 0xA6, 0x78, 0x86, 0x7D, 0x32, 0x68, 0xA5, 0xF0,
    0x2C, 0x7A, 0x7C, 0xEB, 0x0C, 0xD6, 0xB1, 0xCB, 0x68, 0x63, 0xD4, 0x5E, 0xE4, 0x37, 0x92, 0xCC,
    0x8F, 0x34, 0xB0, 0xAC, 0x7B, 0x77, 0xA8, 0x95, 0xC8, 0x38, 0x63, 0x9F, 0xD9, 0xB8, 0xF3, 0x18,
    0xAA, 0x65, 0x3E, 0xC7, 0x0F, 0x3B, 0xC1, 0x72, 0xA6, 0xE5, 0x87, 0x9C, 0x67, 0x29, 0x5F, 0x7E,
    0x77, 0x08, 0xC2, 0x3E, 0x91, 0x49, 0xB5, 0xA5, 0xF5, 0x66, 0x71, 0xDC, 0xFD, 0x5A, 0xA2, 0x8A,
    0x2B, 0xF9, 0xA8, 0xD4, 0x28, 0xA2, 0x8A, 0x00, 0x28, 0xA2, 0x8A, 0x00, 0x28, 0xA2, 0x8A, 0x00,
    0xFC, 0x83, 0xFF, 0x00, 0x82, 0x87, 0x68, 0x9F, 0x07, 0x8F, 0xED, 0x53, 0xE2, 0x39, 0xDB, 0xC5,
    0x3E, 0x35, 0xB3, 0xF1, 0x94, 0xD0, 0xDA, 0xC9, 0xE2, 0x08, 0x2C, 0x74, 0x0B, 0x5D, 0x46, 0xC2,
    0x27, 0xFB, 0x24, 0x09, 0x6F, 0x1C, 0x46, 0x5B, 0xAB, 0x47, 0x47, 0x10, 0xA2, 0x48, 0xFC, 0xCA,
    0xA7, 0xCE, 0x5C, 0x32, 0x95, 0x65, 0x1F, 0x37, 0xFF, 0x00, 0x64, 0xFC, 0x30, 0xFF, 0x00, 0xA1,
    0xCB, 0xC7, 0x1F, 0xF8, 0x44, 0x58, 0xFF, 0x00, 0xF2, 0xEA, 0xBF, 0x59, 0x7E, 0x3B, 0x7F, 0xC1,
    0x39, 0x7E, 0x19, 0x7C, 0x7E, 0xF8, 0x9D, 0xA8, 0xF8, 0xF3, 0x56, 0xD5, 0xBC, 0x53, 0xA1, 0xEB,
    0x7A, 0x94, 0x30, 0xC7, 0x7A, 0x9A, 0x2D, 0xF4, 0x0B, 0x05, 0xC3, 0xC4, 0x82, 0x34, 0x94, 0xA4,
    0xD0, 0x4B, 0xB5, 0xFC, 0xB5, 0x8D, 0x0E, 0xC2, 0xAB, 0x88, 0xD4, 0xED, 0xDC, 0x59, 0x9B, 0xF3,
    0x43, 0xE3, 0x3F, 0xEC, 0xAD, 0xAF, 0x69, 0xDF, 0xB5, 0x17, 0x8C, 0x3E, 0x0C, 0x7C, 0x24, 0xB3,
    0xD5, 0xFC, 0x61, 0xA8, 0xE9, 0x89, 0x04, 0xF6, 0x8B, 0x7B, 0x2D, 0xBF, 0x9E, 0x90, 0xB5, 0x95,
    0xBC, 0xF2, 0x49, 0x3C, 0xBB, 0x62, 0x85, 0x10, 0x3C, 0xC5, 0x43, 0x36, 0xD0, 0x4B, 0x22, 0x0C,
    0xB3, 0x0C, 0xFF, 0x00, 0x42, 0x70, 0x67, 0x10, 0xE5, 0xF4, 0x72, 0xEF, 0xA9, 0xD4, 0xC6, 0x62,
    0x29, 0x4A, 0x9C, 0x67, 0x39, 0x24, 0xE9, 0x72, 0x68, 0xEF, 0x68, 0xF3, 0x45, 0xBB, 0xBD, 0x12,
    0x5D, 0xCC, 0xE4, 0x9D, 0xCF, 0x65, 0xFF, 0x00, 0x82, 0x75, 0x78, 0x6F, 0xE0, 0xCC, 0x9F, 0xB4,
    0xA6, 0x8F, 0xA8, 0x2F, 0x8D, 0xBC, 0x5D, 0x3F, 0x8E, 0x6C, 0xFC, 0xDF, 0xF8, 0x47, 0x74, 0xBD,
    0x47, 0xC3, 0xB0, 0xE9, 0xD6, 0xB7, 0x65, 0xEC, 0xEE, 0xD6, 0xEB, 0x7B, 0xC5, 0x3D, 0xD8, 0x7D,
    0x90, 0xE5, 0x80, 0x69, 0x20, 0xC1, 0x03, 0x1E, 0x6E, 0xE2, 0x17, 0xF5, 0xC6, 0xBF, 0x13, 0x3F,
    0xE0, 0x98, 0x5E, 0x17, 0xD7, 0x7C, 0x65, 0xFB, 0x55, 0x78, 0x2F, 0x5C, 0xD3, 0x74, 0xE9, 0xF5,
    0x0D, 0x33, 0xC3, 0x70, 0x5D, 0x5D, 0xEB, 0x5A, 0x82, 0x00, 0x21, 0xB3, 0x59, 0xAC, 0x6E, 0x60,
    0x88, 0x3B, 0x1C, 0x0D, 0xEF, 0x23, 0x80, 0xA8, 0x32, 0xC4, 0x2B, 0xB6, 0x36, 0xA3, 0x11, 0xFB,
    0x67, 0x5F, 0x9C, 0x71, 0xBA, 0xA5, 0xFD, 0xB3, 0x39, 0xD1, 0xC4, 0x4A, 0xB2, 0x94, 0x63, 0x2E,
    0x69, 0x34, 0xE4, 0x9B, 0x57, 0xE5, 0x7C, 0xB6, 0x57, 0x5B, 0x59, 0x6C, 0x54, 0x76, 0x0A, 0xC0,
    0xF1, 0xEF, 0x8F, 0x7C, 0x3D, 0xF0, 0xBF, 0xC1, 0xDA, 0xAF, 0x8A, 0xBC, 0x55, 0xAA, 0xDB, 0xE8,
    0x9E, 0x1F, 0xD2, 0xE1, 0x33, 0xDD, 0xDF, 0x5C, 0x93, 0xB6, 0x35, 0xC8, 0x00, 0x00, 0x01, 0x2C,
    0xCC, 0xC4, 0x2A, 0xA2, 0x82, 0xCC, 0xCC, 0xAA, 0xA0, 0x92, 0x01, 0xDF, 0xAF, 0x9A, 0xFF, 0x00,
    0xE0, 0xA3, 0x9A, 0x75, 0xDE, 0xA7, 0xFB, 0x18, 0xFC, 0x44, 0x8E, 0xCA, 0xD2, 0xE2, 0xF6, 0x48,
    0x46, 0x9F, 0x75, 0x24, 0x76, 0xD1, 0x34, 0x8C, 0xB0, 0xC3, 0xA8, 0x5B, 0x4B, 0x34, 0x84, 0x28,
    0x27, 0x6A, 0x46, 0x8E, 0xEC, 0x7A, 0x2A, 0xAB, 0x13, 0x80, 0x09, 0xAF, 0x8C, 0xC2, 0xD2, 0x8D,
    0x7C, 0x45, 0x3A, 0x33, 0x97, 0x2A, 0x93, 0x49, 0xBE, 0xC9, 0xBB, 0x5F, 0xE4, 0x51, 0xF2, 0xE4,
    0x7F, 0xB6, 0x7F, 0xEC, 0x74, 0xF1, 0xAB, 0x2F, 0xEC, 0xDA, 0x40, 0x23, 0x20, 0x1F, 0x05, 0xE8,
    0x60, 0xFE, 0x5F, 0x68, 0xAF, 0x91, 0xFF, 0x00, 0x6C, 0x9F, 0x89, 0xDF, 0x0E, 0xBE, 0x24, 0x78,
    0xD7, 0x4C, 0xF1, 0x0F, 0xC1, 0xCF, 0x04, 0xCD, 0xE0, 0xAD, 0x31, 0x34, 0xA1, 0x63, 0x7F, 0xA3,
    0xBE, 0x8B, 0x65, 0xA7, 0x44, 0x26, 0x49, 0x64, 0x75, 0xB8, 0x4F, 0xB2, 0xCC, 0xE2, 0x46, 0x75,
    0x94, 0xA3, 0x06, 0x55, 0x2A, 0x21, 0x4E, 0x58, 0x1C, 0x2F, 0x19, 0xF0, 0xBF, 0xC4, 0x5E, 0x17,
    0xF0, 0xBF, 0x8C, 0x66, 0xD5, 0x3C, 0x65, 0xE0, 0x91, 0xF1, 0x23, 0xC3, 0xD2, 0xD8, 0x34, 0x10,
    0xE8, 0xEB, 0xAF, 0x5C, 0x68, 0xE2, 0x2B, 0x83, 0x24, 0x6C, 0xB7, 0x1E, 0x74, 0x0A, 0x59, 0xF0,
    0x8A, 0xEB, 0xB0, 0xF1, 0xFB, 0xCC, 0xF6, 0x14, 0xEF, 0x8A, 0x3E, 0x26, 0xF0, 0xA7, 0x89, 0x3C,
    0x57, 0x1E, 0xA9, 0xE0, 0xFF, 0x00, 0x04, 0x0F, 0x86, 0xFE, 0x1F, 0x8E, 0xC1, 0x20, 0x97, 0x48,
    0x6D, 0x7A, 0xE3, 0x58, 0xF3, 0x6E, 0x04, 0x8E, 0xCD, 0x71, 0xE7, 0x4E, 0xA1, 0x97, 0x28, 0xC8,
    0x9B, 0x07, 0x1F, 0x26, 0x7A, 0x9A, 0xFE, 0xA0, 0xC0, 0xF0, 0x76, 0x1F, 0x2E, 0xCD, 0x39, 0x30,
    0x90, 0xC4, 0xD3, 0xE5, 0xBA, 0x55, 0xF9, 0xE9, 0xF2, 0x24, 0xE2, 0xEF, 0x2B, 0x5B, 0x6F, 0x9D,
    0xFE, 0x66, 0x3C, 0xD7, 0x47, 0xED, 0xC7, 0xEC, 0x69, 0xE1, 0x2F, 0x08, 0xF8, 0x1F, 0xF6, 0x64,
    0xF0, 0x16, 0x8F, 0xE0, 0x6F, 0x14, 0xFF, 0x00, 0xC2, 0x6B, 0xE1, 0x98, 0xEC, 0xE4, 0x9E, 0xDF,
    0x5E, 0xD8, 0x23, 0xFB, 0x5C, 0x92, 0xCF, 0x24, 0xD3, 0xB7, 0x96, 0x39, 0x8B, 0x13, 0x49, 0x2A,
    0xF9, 0x4D, 0x97, 0x8F, 0x6E, 0xC7, 0x25, 0x95, 0x89, 0xF6, 0x8A, 0xF9, 0x97, 0xFE, 0x09, 0xAD,
    0xA6, 0x5E, 0xE9, 0x3F, 0xB1, 0x37, 0xC3, 0x68, 0x6F, 0xAC, 0xEE, 0x2C, 0x66, 0x95, 0x2F, 0xEE,
    0x92, 0x3B, 0x98, 0x9A, 0x36, 0x68, 0x65, 0xD4, 0x2E, 0x65, 0x86, 0x40, 0x18, 0x02, 0x55, 0xE3,
    0x74, 0x75, 0x6E, 0x8C, 0xAE, 0xA4, 0x64, 0x10, 0x6B, 0xE9, 0xAA, 0xFE, 0x5B, 0xAC, 0xAD, 0x52,
    0x4A, 0xF7, 0xD5, 0xEB, 0xDF, 0xCC, 0xD8, 0x2B, 0xF0, 0xDB, 0xFE, 0x0A, 0x3D, 0xA9, 0x41, 0xA7,
    0xFE, 0xD8, 0xFF, 0x00, 0x15, 0x5D, 0xA6, 0x48, 0xE4, 0x57, 0xD3, 0x88, 0x04, 0xF3, 0x93, 0xA5,
    0x5A, 0x63, 0x8F, 0xC2, 0xBF, 0x72, 0x6B, 0xF1, 0x9F, 0xFE, 0x0A, 0x4D, 0xF1, 0x67, 0xC4, 0x09,
    0xFB, 0x62, 0xEA, 0xB7, 0x16, 0xDA, 0x93, 0x78, 0x72, 0x6F, 0x03, 0x59, 0xDB, 0xE9, 0xFA, 0x4E,
    0xA9, 0xA0, 0x83, 0x65, 0xA8, 0x2A, 0x5C, 0x5A, 0x47, 0x3C, 0xA6, 0x4B, 0xA8, 0xC8, 0x95, 0xB2,
    0x6E, 0x64, 0x40, 0xBB, 0x82, 0x2A, 0x96, 0xC2, 0x83, 0x24, 0x8C, 0xFF, 0x00, 0xA1, 0x70, 0x0D,
    0x6C, 0x75, 0x0C, 0xDA, 0x53, 0xCB, 0xE3, 0x17, 0x3F, 0x67, 0x3B, 0xB9, 0xCB, 0x96, 0x31, 0x56,
    0xD6, 0x4D, 0xAB, 0xBD, 0x3C, 0xBF, 0x0D, 0xC9, 0x95, 0xAD, 0xA9, 0xF3, 0x9F, 0xC1, 0x6F, 0x02,
    0x6A, 0x7F, 0x10, 0xBE, 0x30, 0x78, 0x37, 0xE1, 0xF6, 0xB3, 0x67, 0xAA, 0xDA, 0x6A, 0xDA, 0x9F,
    0x88, 0x61, 0xD2, 0x75, 0x3B, 0x2B, 0x5B, 0x52, 0x97, 0xF6, 0x91, 0x2D, 0xC0, 0x5B, 0xC6, 0x31,
    0xB2, 0x37, 0x96, 0xD0, 0xC4, 0xB2, 0xB3, 0x17, 0x5C, 0x27, 0x96, 0x4B, 0x0C, 0x03, 0x5F, 0x58,
    0x7F, 0xC1, 0x20, 0xA0, 0xBA, 0xD4, 0xBF, 0x68, 0x6F, 0x10, 0xEA, 0x31, 0xDB, 0xCD, 0x35, 0xA5,
    0xAF, 0x84, 0x25, 0x86, 0xEA, 0xEE, 0x38, 0x98, 0xC3, 0x0C, 0xD3, 0x5D, 0xD9, 0xB4, 0x51, 0xBB,
    0x81, 0xB5, 0x59, 0xC4, 0x33, 0x15, 0x52, 0x72, 0x44, 0x6E, 0x40, 0xC2, 0x9A, 0xF2, 0x8B, 0x1F,
    0xD9, 0x43, 0xF6, 0x9C, 0xF8, 0x7F, 0x05, 0xF7, 0xC4, 0xDD, 0x2F, 0xC2, 0xBF, 0x10, 0x34, 0x9D,
    0x4B, 0x55, 0x84, 0x4F, 0x7B, 0xA9, 0x68, 0xFA, 0xC1, 0xFE, 0xDA, 0xBA, 0x5B, 0x99, 0x11, 0xD8,
    0x4D, 0x04, 0x37, 0x06, 0xED, 0x99, 0x9C, 0xA3, 0xC8, 0x8C, 0x9B, 0x94, 0xA9, 0x67, 0x03, 0x69,
    0x23, 0xDE, 0x3F, 0xE0, 0x8F, 0x5F, 0x10, 0xF5, 0x8D, 0x27, 0xC7, 0x9E, 0x29, 0xF8, 0x69, 0x6D,
    0x34, 0x12, 0x78, 0x3A, 0xF3, 0x4B, 0x9B, 0xC4, 0xD1, 0xC0, 0xF0, 0xFE, 0xFA, 0x1B, 0xC4, 0x92,
    0xD2, 0xDD, 0x99, 0x24, 0x18, 0x25, 0x64, 0x8E, 0x44, 0xDC, 0xAD, 0x9C, 0x18, 0x90, 0xAE, 0xDC,
    0xBE, 0xEF, 0xBF, 0xCF, 0x33, 0x2C, 0xE3, 0x19, 0x91, 0x62, 0x57, 0xD6, 0x69, 0x57, 0xA5, 0x1A,
    0x74, 0xA1, 0x3E, 0x4A, 0xB2, 0x94, 0x95, 0xA5, 0xFC, 0x46, 0x9A, 0x57, 0x94, 0xE5, 0x64, 0xDF,
    0x6D, 0x35, 0xDC, 0x84, 0x95, 0xCF, 0xD5, 0x3A, 0x28, 0xA2, 0xBF, 0x9E, 0x0D, 0x42, 0x8A, 0x28,
    0xA0, 0x02, 0x8A, 0x28, 0xA0, 0x02, 0x8A, 0x28, 0xA0, 0x0F, 0xCA, 0x1F, 0xF8, 0x29, 0x27, 0xC5,
    0x1F, 0x8D, 0x9E, 0x06, 0xFD, 0xA6, 0xF4, 0xCF, 0x0E, 0xE9, 0xBE, 0x3C, 0xD6, 0xAD, 0x3C, 0x3B,
    0xAD, 0xC1, 0x0C, 0xBE, 0x16, 0xD0, 0xBC, 0x1D, 0xA9, 0xB4, 0x17, 0xBB, 0xA4, 0x58, 0xA0, 0x92,
    0x29, 0xE1, 0xB6, 0xD9, 0x71, 0x23, 0xBD, 0xC4, 0x6E, 0x62, 0x32, 0x6F, 0x53, 0xBC, 0xAC, 0x6D,
    0x91, 0x2A, 0x2F, 0x89, 0x7D, 0xAB, 0xF6, 0xB3, 0xFF, 0x00, 0x9E, 0x3F, 0x1F, 0xFF, 0x00, 0xEF,
    0x8D, 0x7E, 0xBD, 0x3B, 0xF6, 0xF6, 0xF0, 0x9F, 0xC1, 0x0D, 0x47, 0xF6, 0xD2, 0xD6, 0xDB, 0xC5,
    0x3E, 0x35, 0xF1, 0x66, 0x97, 0x25, 0xE8, 0xD2, 0x7F, 0xE1, 0x29, 0x8F, 0x4D, 0xF0, 0xDC, 0x37,
    0x90, 0x58, 0xFE, 0xEA, 0x24, 0x3E, 0x5D, 0xCB, 0x4F, 0x1B, 0xA7, 0xFA, 0x2A, 0xC1, 0x21, 0xD9,
    0x6F, 0x73, 0xB4, 0xB9, 0x61, 0xBC, 0xE6, 0x24, 0xFD, 0x7D, 0xAF, 0xD2, 0xF0, 0xBC, 0x41, 0x57,
    0x22, 0xCB, 0xF0, 0xF4, 0xE3, 0x83, 0xA3, 0x51, 0x4D, 0x39, 0x5E, 0xA5, 0x0D, 0x7E, 0x26, 0xB4,
    0x95, 0xD7, 0x3A, 0xD3, 0x7E, 0x9B, 0x74, 0x22, 0xD7, 0x3F, 0x33, 0x7F, 0xE0, 0x9F, 0x50, 0x7E,
    0xD4, 0x57, 0xDF, 0x1C, 0x0C, 0x9E, 0x2E, 0xBA, 0xF1, 0xD5, 0x8F, 0xC3, 0xAB, 0x68, 0x0C, 0xBA,
    0xDC, 0x7F, 0x10, 0x05, 0xCE, 0x6E, 0x9B, 0xCA, 0x99, 0x2D, 0xA2, 0xB3, 0x17, 0x88, 0xD2, 0x87,
    0x12, 0xB8, 0x91, 0xCC, 0x45, 0x17, 0x6C, 0x40, 0x48, 0x49, 0x31, 0xAB, 0x7E, 0x99, 0x51, 0x45,
    0x7C, 0x3E, 0x63, 0x8E, 0x96, 0x65, 0x89, 0x96, 0x2A, 0x54, 0xE3, 0x07, 0x2F, 0xB3, 0x08, 0xA8,
    0xC5, 0x7A, 0x24, 0x52, 0x56, 0x0A, 0x28, 0xA2, 0xBC, 0xC1, 0x9E, 0x5A, 0x3F, 0x65, 0x6F, 0x82,
    0xA0, 0x60, 0x7C, 0x1F, 0xF0, 0x16, 0x3F, 0xEC, 0x59, 0xB2, 0xFF, 0x00, 0xE3, 0x54, 0x1F, 0xD9,
    0x57, 0xE0, 0xA3, 0x02, 0x0F, 0xC1, 0xFF, 0x00, 0x01, 0x10, 0x7B, 0x1F, 0x0C, 0x59, 0x7F, 0xF1,
    0xAA, 0xF5, 0x2A, 0x2B, 0x6F, 0x6D, 0x52, 0xD6, 0xE6, 0x7F, 0x78, 0x05, 0x14, 0x51, 0x58, 0x80,
    0x57, 0xE7, 0x4F, 0xED, 0x77, 0xFF, 0x00, 0x04, 0xE1, 0xF8, 0x87, 0xF1, 0xC7, 0xE3, 0xFF, 0x00,
    0x89, 0xBC, 0x73, 0xE1, 0x8D, 0x7F, 0xC2, 0xCD, 0xA2, 0xEB, 0xD0, 0xDA, 0xBC, 0x96, 0x7A, 0xD4,
    0xB7, 0x16, 0xF3, 0x5B, 0xCD, 0x15, 0xBC, 0x76, 0xEC, 0x83, 0xCB, 0x86, 0x55, 0x91, 0x0A, 0xC2,
    0x8E, 0x18, 0x95, 0x39, 0x72, 0xBB, 0x7E, 0x50, 0xCD, 0xFA, 0x2D, 0x5F, 0x97, 0x3F, 0xB7, 0xA7,
    0xED, 0x5B, 0xFB, 0x40, 0xFE, 0xCF, 0x3F, 0xB4, 0x56, 0xAF, 0xA7, 0x58, 0x78, 0xAE, 0xEF, 0xC2,
    0xDE, 0x00, 0xD4, 0xA0, 0x82, 0xE3, 0xC3, 0x8C, 0xDA, 0x3D, 0x84, 0xF0, 0x5C, 0x22, 0xDB, 0xC2,
    0xB7, 0x21, 0x26, 0x78, 0x1D, 0x8B, 0xAC, 0xE6, 0x4D, 0xC8, 0xED, 0xB9, 0x43, 0xA1, 0xC0, 0x56,
    0x42, 0x7E, 0xAF, 0x86, 0x2B, 0x63, 0xE8, 0x66, 0x50, 0x79, 0x75, 0x68, 0x52, 0xA8, 0xD3, 0x57,
    0x9B, 0x8A, 0x8D, 0x9A, 0xD5, 0x3E, 0x6B, 0xAD, 0x7B, 0x58, 0x4E, 0xD6, 0xD4, 0xE3, 0x7C, 0x6D,
    0xFF, 0x00, 0x04, 0xC6, 0xF1, 0xE7, 0x84, 0x7E, 0x08, 0x68, 0x16, 0x9E, 0x22, 0xF1, 0x87, 0xC3,
    0x4D, 0x06, 0xC3, 0x41, 0xF1, 0x0E, 0xAD, 0xAA, 0xDE, 0xDF, 0xEA, 0xDA, 0xCD, 0xCD, 0xB5, 0x84,
    0x50, 0xDE, 0xC3, 0xA5, 0xDB, 0xC0, 0x3C, 0xE7, 0xB5, 0x00, 0x3F, 0x99, 0x66, 0xE0, 0x86, 0x00,
    0x7E, 0xF2, 0x30, 0x09, 0x2C, 0x40, 0xF4, 0xBF, 0xF8, 0x25, 0x47, 0xC1, 0xBB, 0x2B, 0x0F, 0x88,
    0x7E, 0x2F, 0xF1, 0xFE, 0x9D, 0xF1, 0x0F, 0xC3, 0x1E, 0x29, 0xB3, 0xB3, 0xD2, 0xBF, 0xB0, 0x86,
    0x99, 0xA1, 0x47, 0x7A, 0xB3, 0xC4, 0xD3, 0xC9, 0x0C, 0xFE, 0x6C, 0xCB, 0x77, 0x05, 0xBB, 0xA2,
    0x62, 0xDD, 0x55, 0x08, 0x8D, 0x96, 0x42, 0x64, 0xC3, 0x03, 0x11, 0x07, 0xE3, 0x7F, 0x89, 0x9F,
    0xB7, 0x17, 0xC5, 0x0F, 0x8D, 0x1E, 0x09, 0xD4, 0x3C, 0x1B, 0xE3, 0x0F, 0x88, 0xA7, 0x59, 0xF0,
    0xEE, 0xA4, 0xD0, 0xFD, 0xA6, 0xC7, 0xFB, 0x32, 0xC6, 0x0F, 0x34, 0xC7, 0x2A, 0x4B, 0x1F, 0xCF,
    0x15, 0xBA, 0xB8, 0xC3, 0xC6, 0x87, 0x86, 0x19, 0xC6, 0x0F, 0x04, 0x8A, 0xFA, 0x03, 0xFE, 0x09,
    0x2E, 0xAA, 0x3F, 0x6A, 0x2D, 0x75, 0xB0, 0x37, 0x1F, 0x06, 0xDE, 0x82, 0x71, 0xCE, 0x3E, 0xDB,
    0x61, 0x5F, 0xA5, 0x57, 0xC8, 0xB3, 0x3C, 0x17, 0x0D, 0x66, 0x15, 0x27, 0x8C, 0xA4, 0xE1, 0xCD,
    0x09, 0x4A, 0x34, 0xB9, 0x25, 0xCD, 0xCD, 0x2D, 0xA5, 0x28, 0xA4, 0xE2, 0x93, 0xB3, 0x8C, 0x76,
    0xD1, 0xD9, 0x11, 0x75, 0x74, 0x7E, 0xBA, 0xD1, 0x45, 0x15, 0xF8, 0x51, 0xA0, 0x51, 0x45, 0x14,
    0x00, 0x51, 0x45, 0x14, 0x00, 0x51, 0x45, 0x14, 0x01, 0xF8, 0xF5, 0xFB, 0x7E, 0xFC, 0x37, 0xF8,
    0x9B, 0xE2, 0x7F, 0xDB, 0x67, 0x57, 0xF1, 0x67, 0x87, 0xFE, 0x0E, 0xEA, 0x5E, 0x23, 0xD2, 0x74,
    0x11, 0xA4, 0xFD, 0x95, 0xAC, 0xFC, 0x23, 0x77, 0x7B, 0xA7, 0xF8, 0x83, 0xCA, 0x8A, 0x29, 0xDB,
    0xED, 0xAD, 0x1A, 0x95, 0xB9, 0xF9, 0xDD, 0xAD, 0xDB, 0x04, 0x7E, 0xEE, 0x14, 0x4E, 0xA9, 0x9A,
    0xFD, 0x85, 0xAF, 0xCF, 0x9F, 0xDA, 0xB3, 0xFE, 0x09, 0xE5, 0xF1, 0x37, 0xE3, 0xAF, 0xED, 0x3E,
    0xDF, 0x11, 0x7C, 0x3F, 0xE3, 0xED, 0x33, 0x4B, 0xD2, 0x66, 0xFE, 0xCE, 0xFB, 0x35, 0xCD, 0xED,
    0xC5, 0xDA, 0x6A, 0x1A, 0x07, 0x91, 0xB4, 0x37, 0xD8, 0x92, 0x30, 0x55, 0xB0, 0xCA, 0xD7, 0x09,
    0x89, 0x21, 0xCC, 0xB3, 0x38, 0x3B, 0x79, 0x76, 0xFD, 0x06, 0xAF, 0x5F, 0x19, 0x3A, 0x52, 0xC3,
    0xE1, 0x95, 0x39, 0x26, 0xD4, 0x5D, 0xED, 0xCD, 0x74, 0xF9, 0x9B, 0xF7, 0xB9, 0x9D, 0xAF, 0x6D,
    0x7D, 0xDB, 0x2E, 0xFA, 0x88, 0x28, 0xA2, 0x8A, 0xF2, 0x06, 0x14, 0x51, 0x45, 0x00, 0x14, 0x51,
    0x45, 0x00, 0x14, 0x51, 0x45, 0x00, 0x15, 0xF1, 0x67, 0xED, 0x33, 0xFF, 0x00, 0x05, 0x2E, 0xD2,
    0x7E, 0x01, 0x7C, 0x57, 0xD4, 0xBE, 0x1F, 0xE9, 0x9E, 0x04, 0xBC, 0xF1, 0x46, 0xB1, 0xA4, 0x79,
    0x7F, 0xDA, 0x73, 0xDD, 0x6A, 0x69, 0x61, 0x02, 0x79, 0xB0, 0x43, 0x3C, 0x3E, 0x49, 0x54, 0x99,
    0xA4, 0xCA, 0xCC, 0x43, 0x6E, 0x58, 0xF6, 0x94, 0xE3, 0x76, 0x72, 0x3E, 0xD3, 0xAF, 0xC9, 0xBF,
    0xF8, 0x29, 0xD7, 0xC3, 0x6F, 0x8A, 0xDF, 0x17, 0xBE, 0x3F, 0xC3, 0x6D, 0x6B, 0xF0, 0xBF, 0x54,
    0xBF, 0xF0, 0xF6, 0x89, 0x64, 0x89, 0xA3, 0xF8, 0x87, 0xC2, 0xDA, 0x0D, 0xCD, 0xD5, 0xCD, 0xFD,
    0xBC, 0xD1, 0xC4, 0xCF, 0x1D, 0xD5, 0xC4, 0x3E, 0x60, 0xFD, 0xD5, 0xC2, 0x5C, 0x04, 0x88, 0xAA,
    0x15, 0x12, 0x33, 0x60, 0x89, 0x03, 0x37, 0xD3, 0xF0, 0xE6, 0x17, 0x0D, 0x8B, 0xCC, 0xA1, 0x4B,
    0x17, 0x05, 0x28, 0x6B, 0x74, 0xEA, 0x2A, 0x4B, 0x6F, 0xE7, 0x7F, 0x96, 0xEC, 0x4F, 0x63, 0x47,
    0xE2, 0x87, 0xFC, 0x14, 0xF3, 0x42, 0xF8, 0xCD, 0xE0, 0x6D, 0x4B, 0xC1, 0xDE, 0x31, 0xF8, 0x17,
    0x16, 0xB1, 0xE1, 0xCD, 0x44, 0xC4, 0x6E, 0xAC, 0xBF, 0xE1, 0x32, 0x9A, 0x0F, 0x33, 0xCB, 0x95,
    0x25, 0x4F, 0x9E, 0x2B, 0x45, 0x71, 0x87, 0x8D, 0x0F, 0x0C, 0x33, 0x8C, 0x1E, 0x09, 0x15, 0xD7,
    0xFF, 0x00, 0xC1, 0x2B, 0xBC, 0x61, 0xF0, 0x99, 0xBC, 0x69, 0xE2, 0x9F, 0x0E, 0x78, 0x73, 0xC1,
    0xDA, 0xEE, 0x99, 0xF1, 0x02, 0x6B, 0x09, 0x2F, 0xE5, 0xD6, 0x35, 0xBD, 0x4E, 0xDF, 0x54, 0xFF,
    0x00, 0x89, 0x6C, 0x6F, 0x6D, 0x18, 0x81, 0x26, 0x8E, 0x1B, 0x73, 0x16, 0x66, 0x97, 0x71, 0x8C,
    0x41, 0xF3, 0x6C, 0x0C, 0xD2, 0x36, 0xD4, 0x54, 0xFC, 0xBA, 0xB2, 0xD0, 0x6C, 0x75, 0x18, 0xDA,
    0x4B, 0x7D, 0x46, 0xEE, 0x54, 0x07, 0x05, 0x84, 0x84, 0x73, 0xF8, 0x8A, 0xFD, 0x1B, 0xFF, 0x00,
    0x82, 0x39, 0xF8, 0xB3, 0x53, 0xD3, 0xFC, 0x63, 0xE3, 0x8F, 0x04, 0xD8, 0xE9, 0x16, 0x17, 0x3E,
    0x1E, 0x6B, 0x36, 0xD6, 0x2F, 0xFC, 0x42, 0xB6, 0x4E, 0xD7, 0xA9, 0x74, 0x1E, 0x08, 0x6D, 0xAD,
    0x25, 0xBA, 0x0D, 0xB3, 0xCB, 0xD9, 0xF6, 0xB7, 0x48, 0x99, 0x77, 0x03, 0xE7, 0x32, 0x9C, 0x6E,
    0xAF, 0xD5, 0xF8, 0x9B, 0x20, 0xA1, 0x97, 0x64, 0x53, 0xC4, 0x60, 0x70, 0xBE, 0xCE, 0x9C, 0xDC,
    0x5F, 0x32, 0xC4, 0xF3, 0xC6, 0x56, 0x76, 0x5E, 0xED, 0xAD, 0x3D, 0x5F, 0x4D, 0x56, 0xFB, 0x5C,
    0x84, 0xEE, 0xCF, 0xD4, 0xEA, 0x28, 0xA2, 0xBF, 0x01, 0x34, 0x0A, 0x28, 0xA2, 0x80, 0x0A, 0x28,
    0xA2, 0x80, 0x0A, 0x28, 0xA2, 0x80, 0x0A, 0x28, 0xA2, 0x80, 0x0A, 0x28, 0xA2, 0x80, 0x0A, 0x28,
    0xA2, 0x80, 0x0A, 0x28, 0xA2, 0x80, 0x0A, 0x29, 0xB2, 0xCA, 0x90, 0xC6, 0xF2, 0x48, 0xEB, 0x1C,
    0x68, 0x0B, 0x33, 0xB1, 0xC0, 0x50, 0x3A, 0x92, 0x6B, 0x90, 0xBA, 0xF1, 0xE9, 0xD4, 0xB5, 0x78,
    0xF4, 0xAF, 0x0E, 0xC5, 0x1E, 0xA3, 0x70, 0x72, 0x65, 0xBA, 0x90, 0xB0, 0x86, 0x10, 0x18, 0x02,
    0x78, 0x1F, 0x30, 0xC6, 0x79, 0x07, 0x1C, 0xAE, 0x33, 0x9C, 0x57, 0x0E, 0x27, 0x1B, 0x43, 0x08,
    0xA3, 0xED, 0x65, 0xAC, 0xB4, 0x4B, 0x76, 0xDF, 0x64, 0xB7, 0x7F, 0xA7, 0x53, 0xA6, 0x8E, 0x1A,
    0xAE, 0x22, 0xFC, 0x8B, 0x45, 0xBB, 0xE8, 0xBD, 0x59, 0xD8, 0xD7, 0xE6, 0x2F, 0xFC, 0x14, 0x6B,
    0x4E, 0xFD, 0xA4, 0xFC, 0x5B, 0xF1, 0x62, 0xF3, 0x48, 0xD1, 0x34, 0x9F, 0x19, 0x3F, 0xC2, 0xA9,
    0x2C, 0x9A, 0xC7, 0x4E, 0xB7, 0xF0, 0x52, 0x4F, 0x2C, 0x5A, 0x8A, 0x3C, 0x10, 0x9B, 0xC3, 0x7E,
    0x96, 0xAC, 0xCE, 0xC4, 0xBC, 0x8F, 0x12, 0xA4, 0xEA, 0xA8, 0x52, 0x33, 0xB1, 0x4E, 0x64, 0x66,
    0xFD, 0x3A, 0xAF, 0xC5, 0x1F, 0xF8, 0x29, 0xDF, 0x8D, 0x75, 0x9D, 0x7F, 0xF6, 0xA9, 0xF1, 0x86,
    0x99, 0xAB, 0x5E, 0x5C, 0x6A, 0xBA, 0x47, 0x86, 0x22, 0xB4, 0xB6, 0xD2, 0x34, 0xC7, 0xC7, 0x93,
    0x68, 0x93, 0x59, 0x5B, 0x4F, 0x31, 0x44, 0x03, 0x1B, 0x9E, 0x49, 0x09, 0x67, 0x39, 0x62, 0x15,
    0x17, 0x3B, 0x51, 0x40, 0xFD, 0x27, 0x82, 0xF0, 0x2F, 0x1D, 0x9B, 0x25, 0xCB, 0x09, 0x46, 0x11,
    0x94, 0xA5, 0xED, 0x22, 0xE5, 0x1B, 0x45, 0x6A, 0xF9, 0x63, 0x66, 0xDF, 0x64, 0x72, 0x4B, 0x44,
    0x78, 0xE5, 0xE7, 0xEC, 0xC1, 0xF1, 0x5A, 0xE6, 0xC4, 0x5A, 0x47, 0xF0, 0xAF, 0xC7, 0xF6, 0xD0,
    0x8E, 0x08, 0x87, 0xC2, 0xD7, 0xC3, 0x23, 0xD3, 0xFD, 0x4D, 0x7E, 0x92, 0x7F, 0xC1, 0x38, 0x75,
    0x2F, 0xDA, 0x0A, 0x3D, 0x4B, 0x57, 0xD2, 0x3E, 0x20, 0x78, 0x5E, 0x4D, 0x07, 0xE1, 0x95, 0xB5,
    0x94, 0x8B, 0xA6, 0xC7, 0x77, 0xE1, 0xBB, 0x4D, 0x01, 0xED, 0x2F, 0xC4, 0xD1, 0xC8, 0x52, 0x0B,
    0x58, 0x63, 0x81, 0x8C, 0x52, 0xAD, 0xC4, 0xCE, 0xCE, 0x61, 0x2A, 0x5E, 0x3F, 0x95, 0xC3, 0x6F,
    0x0D, 0xF8, 0xF2, 0xDA, 0xD8, 0x8E, 0xCE, 0x1B, 0xA3, 0xA2, 0xDB, 0x98, 0x65, 0x6D, 0x8B, 0xB7,
    0x19, 0xCF, 0xA6, 0x31, 0x5F, 0xA2, 0x9F, 0xF0, 0x48, 0x6F, 0x18, 0xEB, 0x56, 0x9F, 0x19, 0x7C,
    0x4D, 0xE1, 0x18, 0x35, 0x0B, 0x88, 0x3C, 0x2D, 0x7B, 0xE1, 0xE9, 0xB5, 0x99, 0x74, 0x76, 0xC7,
    0x92, 0xB7, 0x91, 0xDC, 0x5A, 0x44, 0xB3, 0x2A, 0x91, 0xF2, 0x3F, 0x97, 0x2B, 0x23, 0x6D, 0xC6,
    0xF0, 0x13, 0x76, 0xED, 0x89, 0xB7, 0xF5, 0x1E, 0x2F, 0xB6, 0x75, 0x95, 0x56, 0xC6, 0xC1, 0xD2,
    0x94, 0xA8, 0xC6, 0x9B, 0x6D, 0x53, 0xAD, 0x09, 0x28, 0x49, 0xDA, 0x3C, 0x9C, 0xF2, 0xE5, 0xB3,
    0xBE, 0xC9, 0x6D, 0x72, 0x23, 0xA3, 0x3F, 0x57, 0xE8, 0xA2, 0x8A, 0xFE, 0x73, 0x35, 0x0A, 0x28,
    0xA2, 0x80, 0x0A, 0x28, 0xA2, 0x80, 0x0A, 0x28, 0xA2, 0x80, 0x0A, 0x28, 0xA2, 0x80, 0x0A, 0x28,
    0xAF, 0x9E, 0xFF, 0x00, 0x69, 0x6F, 0xDA, 0xA3, 0x4C, 0xF8, 0x55, 0x65, 0x7D, 0xE1, 0xFF, 0x00,
    0x0F, 0x5D, 0x41, 0x7F, 0xE3, 0x50, 0xA2, 0x39, 0x23, 0x42, 0x24, 0x4D, 0x33, 0x7A, 0x07, 0x56,
    0x94, 0x74, 0xF3, 0x0A, 0x32, 0xBA, 0xC6, 0x79, 0xC3, 0x23, 0x30, 0xDA, 0xCB, 0xBF, 0xBB, 0x05,
    0x83, 0xAD, 0x98, 0x57, 0x8E, 0x1F, 0x0E, 0xAF, 0x27, 0xFD, 0x5D, 0xF9, 0x21, 0xAD, 0x5A, 0x5D,
    0xCE, 0xC7, 0xE2, 0x77, 0xED, 0x35, 0xF0, 0xF7, 0xE1, 0x26, 0xAE, 0x34, 0x9D, 0x7B, 0x59, 0x6F,
    0xED, 0x70, 0x60, 0x32, 0x58, 0xD9, 0xDB, 0xBC, 0xD2, 0x44, 0x92, 0x3A, 0xAE, 0xF7, 0x20, 0x6D,
    0x50, 0xAA, 0x4C, 0x85, 0x49, 0xDE, 0x50, 0x65, 0x55, 0x8B, 0x28, 0x6E, 0xAF, 0xC0, 0x3F, 0x13,
    0xBC, 0x2D, 0xF1, 0x47, 0x4B, 0x6D, 0x43, 0xC2, 0xDA, 0xDD, 0xB6, 0xAF, 0x6E, 0x9F, 0xEB, 0x16,
    0x22, 0x56, 0x58, 0xB2, 0xCC, 0xA3, 0xCC, 0x89, 0x80, 0x74, 0xC9, 0x46, 0xC6, 0xE5, 0x19, 0x03,
    0x23, 0x23, 0x9A, 0xFC, 0x80, 0xD7, 0x35, 0x0B, 0xAD, 0x5A, 0xFE, 0xE6, 0xF6, 0xF6, 0xE2, 0x5B,
    0xBB, 0xCB, 0x89, 0x1A, 0x59, 0xA7, 0x99, 0xCB, 0xBC, 0x8E, 0xC7, 0x2C, 0xCC, 0xC7, 0x92, 0x49,
    0x24, 0x92, 0x6B, 0xA7, 0xF0, 0x4C, 0xF2, 0x5A, 0xDC, 0xDA, 0xDC, 0x43, 0x23, 0x43, 0x71, 0x04,
    0x89, 0x34, 0x52, 0xC6, 0xC5, 0x5E, 0x39, 0x15, 0x83, 0x2B, 0xA9, 0x1C, 0x86, 0x04, 0x02, 0x08,
    0xE4, 0x10, 0x0D, 0x7D, 0xDE, 0x69, 0xC2, 0xD4, 0x30, 0x18, 0x5E, 0x78, 0x54, 0x6E, 0x6B, 0x7B,
    0xDA, 0xCF, 0xE5, 0x6B, 0xAF, 0xBD, 0x9F, 0xB6, 0x60, 0xB8, 0x07, 0x0B, 0x8E, 0xCB, 0x63, 0x88,
    0x8D, 0x69, 0x46, 0xA7, 0xA2, 0x71, 0xFB, 0xB4, 0x7F, 0xF9, 0x37, 0xDE, 0x7E, 0xC0, 0x57, 0x35,
    0xE2, 0xAF, 0x1E, 0xE9, 0x9E, 0x16, 0x52, 0x92, 0x3F, 0xDA, 0xAF, 0x79, 0x02, 0xD6, 0x16, 0x05,
    0x94, 0xED, 0xC8, 0xDF, 0xFD, 0xD0, 0x72, 0x3D, 0xF9, 0xC8, 0x07, 0x9A, 0xF9, 0x4F, 0xC2, 0xFF,
    0x00, 0xB4, 0x07, 0x8D, 0xEE, 0xBC, 0x3B, 0x1E, 0x91, 0x36, 0xAD, 0xE6, 0xE3, 0x0A, 0x2F, 0x9A,
    0x30, 0x6E, 0xBC, 0xBD, 0x9B, 0x76, 0x19, 0x3B, 0xFA, 0xEF, 0x23, 0x7E, 0x79, 0xDD, 0x5D, 0x2F,
    0x85, 0xEC, 0x2E, 0x75, 0x66, 0x86, 0xD6, 0xD6, 0x26, 0x9E, 0xE6, 0x56, 0xDA, 0xA8, 0xBD, 0x4F,
    0xF8, 0x0F, 0x7E, 0xD5, 0xFC, 0xF7, 0xC4, 0x39, 0xF5, 0x6C, 0xBD, 0x7B, 0x0C, 0x1C, 0x2F, 0x51,
    0xBB, 0x5F, 0x7F, 0xB9, 0x75, 0x7F, 0xD5, 0x99, 0xF2, 0xD1, 0xE1, 0x39, 0xE1, 0x24, 0xE5, 0x8E,
    0x9A, 0xE5, 0x5D, 0xBA, 0xAE, 0xED, 0xBB, 0x59, 0x7F, 0x5A, 0x1D, 0xAD, 0xF7, 0x88, 0xB5, 0xCF,
    0x88, 0xBA, 0xC2, 0xE9, 0xF1, 0x4A, 0x62, 0x82, 0x77, 0xC2, 0x5A, 0x2B, 0x6D, 0x8D, 0x17, 0x83,
    0x97, 0x20, 0x65, 0xB1, 0xB7, 0x39, 0x39, 0xE7, 0x38, 0x03, 0xA5, 0x7A, 0xEF, 0x85, 0xBC, 0x2B,
    0x67, 0xE1, 0x4D, 0x38, 0x5B, 0x5B, 0x0D, 0xF2, 0xB6, 0x0C, 0xD3, 0xB0, 0xF9, 0xA4, 0x6F, 0xE8,
    0x07, 0x61, 0xDB, 0xEA, 0x49, 0x34, 0xFC, 0x11, 0xE0, 0xAB, 0x7F, 0x08, 0xD9, 0x1C, 0x95, 0x9A,
    0xFE, 0x50, 0x3C, 0xE9, 0xC0, 0xE3, 0xFD, 0xD5, 0xFF, 0x00, 0x64, 0x7E, 0xBD, 0x7D, 0x00, 0xE9,
    0xAB, 0xA3, 0x21, 0xC9, 0xEA, 0xE1, 0xEF, 0x8E, 0xCC, 0x5F, 0x3E, 0x22, 0x5D, 0x5E, 0xBC, 0xAB,
    0xB2, 0xE9, 0xEB, 0x6D, 0x16, 0xCB, 0x4D, 0xFE, 0x6F, 0x33, 0xC7, 0xC2, 0xAF, 0xFB, 0x36, 0x15,
    0x72, 0xD2, 0x8F, 0x6E, 0xAF, 0xBB, 0xFF, 0x00, 0x83, 0xEA, 0xC2, 0xBE, 0x35, 0xFD, 0xAA, 0x3F,
    0xE0, 0x9B, 0xDA, 0x47, 0xED, 0x11, 0xF1, 0x35, 0xFC, 0x75, 0xA3, 0xF8, 0xC6, 0x6F, 0x06, 0x6B,
    0x17, 0xD0, 0xA4, 0x7A, 0xBC, 0x73, 0x69, 0xE7, 0x51, 0x82, 0xF1, 0xE3, 0x44, 0x8E, 0x19, 0x51,
    0x4C, 0xF1, 0x18, 0x5C, 0x46, 0x81, 0x18, 0x02, 0x55, 0x82, 0xA1, 0xDA, 0xAC, 0x19, 0x9F, 0xEC,
    0xAA, 0x2B, 0xF4, 0x4C, 0xBF, 0x31, 0xC5, 0xE5, 0x58, 0x85, 0x8A, 0xC1, 0x54, 0x70, 0xA8, 0xBA,
    0xAF, 0x33, 0xE7, 0x9A, 0xB9, 0xF9, 0xA4, 0xDF, 0xF0, 0x46, 0x51, 0x77, 0x14, 0xE6, 0xF3, 0xE3,
    0x14, 0x8D, 0x70, 0x91, 0x83, 0x64, 0xF6, 0xDE, 0x1A, 0x11, 0xA4, 0x53, 0x79, 0x88, 0x4B, 0xC8,
    0xAD, 0x74, 0xC6, 0x45, 0xF2, 0xC4, 0xAB, 0xB5, 0x4A, 0x1D, 0xCE, 0xAD, 0xB8, 0x84, 0x28, 0xFF,
    0x00, 0x44, 0xFE, 0xC7, 0xDF, 0xB0, 0x86, 0x8D, 0xFB, 0x2A, 0xEB, 0x5A, 0xDF, 0x88, 0xAE, 0x3C,
    0x4B, 0x3F, 0x8C, 0x3C, 0x55, 0xA8, 0xC0, 0x6C, 0x22, 0xBE, 0xFB, 0x21, 0xB1, 0x82, 0xD6, 0xCC,
    0xB4, 0x6E, 0xD1, 0x24, 0x02, 0x59, 0x37, 0x3B, 0xC9, 0x1A, 0xB3, 0x48, 0xCC, 0x4E, 0x11, 0x02,
    0x84, 0xC3, 0x97, 0xFA, 0x92, 0x8A, 0xF4, 0xF1, 0x9C, 0x47, 0x9B, 0xE6, 0x10, 0xA9, 0x4B, 0x15,
    0x89, 0x94, 0xA3, 0x51, 0xA7, 0x24, 0xDE, 0x8D, 0xC5, 0x59, 0x5D, 0x79, 0x7E, 0x8B, 0xB0, 0x59,
    0x20, 0xA2, 0x8A, 0x2B, 0xE6, 0xC6, 0x14, 0x51, 0x45, 0x00, 0x14, 0x51, 0x45, 0x00, 0x14, 0x51,
    0x45, 0x00, 0x14, 0x51, 0x5C, 0x37, 0xC5, 0xEF, 0x8B, 0xDA, 0x2F, 0xC1, 0xDF, 0x0B, 0xBE, 0xAB,
    0xAA, 0x37, 0x9F, 0x75, 0x2E, 0x52, 0xCB, 0x4F, 0x8D, 0x80, 0x92, 0xEA, 0x40, 0x3A, 0x0F, 0xEE,
    0xA8, 0xC8, 0x2C, 0xF8, 0xC0, 0x04, 0x75, 0x25, 0x54, 0xF4, 0x61, 0xF0, 0xF5, 0x71, 0x75, 0x63,
    0x42, 0x84, 0x79, 0xA5, 0x27, 0x64, 0x91, 0xCF, 0x88, 0xC4, 0x52, 0xC2, 0x52, 0x95, 0x7A, 0xF2,
    0xE5, 0x8C, 0x55, 0xDB, 0x66, 0x1F, 0xC7, 0xDF, 0x8F, 0x1A, 0x77, 0xC1, 0x6F, 0x0E, 0x6E, 0x51,
    0x1D, 0xF7, 0x88, 0xAE, 0xD4, 0x8B, 0x1D, 0x3D, 0x9B, 0x8F, 0x4F, 0x36, 0x4C, 0x1C, 0x88, 0xC1,
    0xF4, 0xC1, 0x63, 0xC0, 0x23, 0x96, 0x5F, 0xCD, 0x6F, 0x19, 0xF8, 0x9B, 0x53, 0xF1, 0x96, 0xBD,
    0x7D, 0xAC, 0xEB, 0x37, 0x92, 0x5F, 0xEA, 0x57, 0x8F, 0xE6, 0x4D, 0x3C, 0xA7, 0x96, 0x3D, 0x00,
    0x00, 0x70, 0x00, 0x00, 0x00, 0xA3, 0x00, 0x00, 0x00, 0x00, 0x0A, 0xF4, 0x2B, 0xAD, 0x33, 0xC7,
    0x5F, 0xB4, 0x1F, 0x8C, 0x35, 0x8D, 0x5B, 0x4E, 0xD1, 0xAE, 0xB5, 0xED, 0x56, 0x77, 0x69, 0xA5,
    0x8E, 0xD7, 0x09, 0x14, 0x3F, 0x2B, 0x14, 0x8B, 0xCC, 0x91, 0x82, 0x46, 0x36, 0xA1, 0x54, 0xDE,
    0xE3, 0x3B, 0x40, 0xCE, 0x6B, 0xEA, 0xBF, 0x84, 0x3F, 0xB1, 0x4F, 0x87, 0x3C, 0x11, 0xA8, 0x5A,
    0x6B, 0x5E, 0x26, 0xBA, 0xFF, 0x00, 0x84, 0xA3, 0x55, 0x8E, 0x17, 0x43, 0xA7, 0xCB, 0x02, 0x1D,
    0x39, 0x1D, 0xC2, 0x7C, 0xDB, 0x19, 0x4B, 0x48, 0xC8, 0x44, 0x81, 0x59, 0x88, 0x52, 0x24, 0xC9,
    0x8C, 0x32, 0xA9, 0x5F, 0xDB, 0xA8, 0xAC, 0xB3, 0x82, 0xF0, 0x96, 0xAD, 0x25, 0x3C, 0x44, 0x96,
    0xA9, 0x59, 0xCB, 0xD3, 0xFB, 0xB1, 0x5D, 0xDF, 0xC5, 0xBE, 0xB6, 0xB2, 0xF8, 0x0C, 0x87, 0x36,
    0xC6, 0x67, 0xB8, 0xE7, 0x8B, 0xE4, 0x71, 0xA1, 0x07, 0x68, 0xF6, 0x7E, 0x77, 0xEA, 0xFF, 0x00,
    0x2D, 0xBD, 0x7F, 0x3A, 0x35, 0x5B, 0x0B, 0x9B, 0x28, 0xED, 0xE4, 0xB8, 0xB7, 0x96, 0x08, 0xEE,
    0x63, 0x33, 0x40, 0xF2, 0x21, 0x51, 0x2A, 0x6F, 0x64, 0x2C, 0xA4, 0xFD, 0xE1, 0xB9, 0x1D, 0x72,
    0x38, 0xCA, 0xB0, 0xEA, 0x0D, 0x74, 0x9E, 0x11, 0x3F, 0x72, 0xBF, 0x5A, 0x3C, 0x65, 0xE0, 0x7D,
    0x03, 0xE2, 0x16, 0x87, 0x2E, 0x8F, 0xE2, 0x4D, 0x26, 0xD7, 0x59, 0xD3, 0xA4, 0xC9, 0xF2, 0x6E,
    0xA3, 0x0D, 0xB1, 0x8A, 0xB2, 0xEF, 0x46, 0xEA, 0x8E, 0x15, 0x98, 0x07, 0x52, 0x18, 0x64, 0xE0,
    0x8A, 0xF9, 0x8F, 0xC5, 0xDF, 0xB0, 0x55, 0xB5, 0xB5, 0xF5, 0xD5, 0xEF, 0x82, 0x75, 0xE1, 0x69,
    0x0B, 0x95, 0x68, 0xB4, 0x9D, 0x59, 0x59, 0x92, 0x36, 0x32, 0x92, 0xE0, 0x5C, 0x2E, 0x58, 0x22,
    0xC6, 0x40, 0x55, 0x68, 0xDD, 0x89, 0x4F, 0x99, 0xCE, 0xEC, 0xAF, 0xCA, 0x63, 0x78, 0xA2, 0x86,
    0x65, 0x87, 0x94, 0x2A, 0x41, 0xC2, 0x5F, 0x7A, 0xFB, 0xED, 0x7B, 0xFC, 0x8F, 0xEC, 0x4E, 0x1D,
    0xE3, 0x6C, 0xBE, 0x18, 0x6F, 0xA9, 0xE2, 0xD3, 0xA6, 0xEF, 0xA3, 0xDE, 0x3F, 0x36, 0xB5, 0x5F,
    0x75, 0xBC, 0xD1, 0xE4, 0x9E, 0x08, 0xB7, 0x96, 0xF2, 0xE2, 0xDE, 0x08, 0x23, 0x79, 0xA7, 0x95,
    0x82, 0x24, 0x71, 0xA9, 0x66, 0x66, 0x27, 0x00, 0x00, 0x3A, 0x93, 0x5F, 0x6B, 0xFC, 0x2A, 0xF8,
    0x7A, 0xDE, 0x0D, 0xD2, 0x84, 0xF7, 0xDB, 0x4E, 0xAB, 0x3A, 0xE2, 0x45, 0x53, 0x91, 0x0A, 0xF0,
    0x76, 0x67, 0xA1, 0x3C, 0x64, 0x91, 0xC6, 0x78, 0x19, 0xC6, 0x4F, 0x39, 0xF0, 0x47, 0xE0, 0x0C,
    0x3F, 0x0B, 0x24, 0x92, 0xFF, 0x00, 0x50, 0xBC, 0x83, 0x56, 0xD5, 0xA4, 0x85, 0x15, 0x1D, 0x20,
    0x2A, 0xB6, 0x87, 0x07, 0xCC, 0x08, 0xC5, 0x8E, 0xEC, 0xE4, 0x0D, 0xDB, 0x54, 0xE0, 0x1E, 0x06,
    0xE2, 0x2B, 0xD7, 0xEB, 0xF1, 0xC5, 0x96, 0xD2, 0x96, 0x2F, 0xEB, 0x75, 0x15, 0xE4, 0xB6, 0xF2,
    0xF3, 0xF5, 0xFC, 0x8F, 0x85, 0xE2, 0x7E, 0x21, 0x86, 0x61, 0x51, 0xE1, 0xF0, 0x6F, 0xF7, 0x7D,
    0x5F, 0x7F, 0xF8, 0x1F, 0x9F, 0xA6, 0xE5, 0x14, 0x51, 0x5E, 0xC1, 0xF9, 0xE0, 0x51, 0x45, 0x14,
    0x00, 0x51, 0x45, 0x14, 0x00, 0x51, 0x45, 0x14, 0x00, 0x51, 0x45, 0x14, 0x00, 0x51, 0x45, 0x14,
    0x00, 0x51, 0x45, 0x14, 0x01, 0x99, 0xE2, 0x4D, 0x7A, 0x1F, 0x0C, 0x68, 0x77, 0x7A, 0x9C, 0xF6,
    0xF7, 0x57, 0x69, 0x6E, 0xA0, 0x8B, 0x7B, 0x18, 0x1A, 0x69, 0xE6, 0x62, 0x40, 0x54, 0x44, 0x5E,
    0x4B, 0x33, 0x10, 0x07, 0x6E, 0x79, 0x20, 0x64, 0xD7, 0xCE, 0xDA, 0x57, 0xEC, 0xDD, 0xE2, 0x2F,
    0x8B, 0x7E, 0x31, 0x9F, 0xC5, 0x9F, 0x16, 0xAE, 0x8C, 0x11, 0xB1, 0x1F, 0x64, 0xD0, 0x2C, 0x6E,
    0x43, 0x18, 0x50, 0x48, 0x71, 0x13, 0xBA, 0x82, 0xAA, 0x9B, 0x47, 0x48, 0xD8, 0xB3, 0x79, 0x84,
    0x96, 0x56, 0x07, 0x3F, 0x4E, 0x51, 0x5E, 0xCE, 0x07, 0x34, 0xAD, 0x96, 0xC2, 0x7F, 0x55, 0xB4,
    0x67, 0x2D, 0x39, 0xFE, 0xD2, 0x5D, 0xA3, 0xDA, 0xFD, 0x5E, 0xFB, 0x5A, 0xD6, 0xD7, 0xC5, 0xC7,
    0x65, 0x54, 0x33, 0x2A, 0x90, 0x78, 0xAB, 0xCA, 0x11, 0xD7, 0x93, 0xEC, 0xB7, 0xDE, 0x4B, 0xAD,
    0xBA, 0x2D, 0x96, 0xBB, 0xDC, 0xCE, 0xF0, 0xF7, 0x87, 0xB4, 0xDF, 0x09, 0xE8, 0xB6, 0x9A, 0x46,
    0x91, 0x67, 0x16, 0x9F, 0xA6, 0xDA, 0x27, 0x97, 0x0D, 0xBC, 0x23, 0x0A, 0xA3, 0xA9, 0xF7, 0x24,
    0x92, 0x49, 0x27, 0x92, 0x49, 0x24, 0x92, 0x4D, 0x68, 0xD1, 0x45, 0x79, 0x12, 0x94, 0xA7, 0x27,
    0x39, 0xBB, 0xB7, 0xBB, 0x3D, 0x88, 0x42, 0x34, 0xE2, 0xA1, 0x05, 0x64, 0xB4, 0x49, 0x74, 0x0A,
    0x28, 0xA2, 0xA4, 0xA0, 0xA2, 0x8A, 0x28, 0x00, 0xA2, 0x8A, 0x28, 0x00, 0xA2, 0x8A, 0x28, 0x00,
    0xA2, 0x8A, 0x28, 0x00, 0xA2, 0x8A, 0x28, 0x00, 0xA2, 0x8A, 0x28, 0x03, 0xFF, 0xD9
};
