//File: ZapConnToAP.jpg, Size: 23084
#define ZapConnToAP.jpg_len 23084
const uint8_t ZapConnToAP_jpg[] PROGMEM = {
    0xFF, 0xD8, 0xFF, 0xE0, 0x00, 0x10, 0x4A, 0x46, 0x49, 0x46, 0x00, 0x01, 0x01, 0x01, 0x00, 0x19,
    0x00, 0x19, 0x00, 0x00, 0xFF, 0xDB, 0x00, 0x43, 0x00, 0x03, 0x02, 0x02, 0x03, 0x02, 0x02, 0x03,
    0x03, 0x03, 0x03, 0x04, 0x03, 0x03, 0x04, 0x05, 0x08, 0x05, 0x05, 0x04, 0x04, 0x05, 0x0A, 0x07,
    0x07, 0x06, 0x08, 0x0C, 0x0A, 0x0C, 0x0C, 0x0B, 0x0A, 0x0B, 0x0B, 0x0D, 0x0E, 0x12, 0x10, 0x0D,
    0x0E, 0x11, 0x0E, 0x0B, 0x0B, 0x10, 0x16, 0x10, 0x11, 0x13, 0x14, 0x15, 0x15, 0x15, 0x0C, 0x0F,
    0x17, 0x18, 0x16, 0x14, 0x18, 0x12, 0x14, 0x15, 0x14, 0xFF, 0xDB, 0x00, 0x43, 0x01, 0x03, 0x04,
    0x04, 0x05, 0x04, 0x05, 0x09, 0x05, 0x05, 0x09, 0x14, 0x0D, 0x0B, 0x0D, 0x14, 0x14, 0x14, 0x14,
    0x14, 0x14, 0x14, 0x14, 0x14, 0x14, 0x14, 0x14, 0x14, 0x14, 0x14, 0x14, 0x14, 0x14, 0x14, 0x14,
    0x14, 0x14, 0x14, 0x14, 0x14, 0x14, 0x14, 0x14, 0x14, 0x14, 0x14, 0x14, 0x14, 0x14, 0x14, 0x14,
    0x14, 0x14, 0x14, 0x14, 0x14, 0x14, 0x14, 0x14, 0x14, 0x14, 0x14, 0x14, 0x14, 0x14, 0xFF, 0xC0,
    0x00, 0x11, 0x08, 0x01, 0x40, 0x00, 0xAA, 0x03, 0x01, 0x22, 0x00, 0x02, 0x11, 0x01, 0x03, 0x11,
    0x01, 0xFF, 0xC4, 0x00, 0x1F, 0x00, 0x00, 0x01, 0x05, 0x01, 0x01, 0x01, 0x01, 0x01, 0x01, 0x00,
    0x00, 0x00, 0x00, 0x00, 0x00, 0x00, 0x00, 0x01, 0x02, 0x03, 0x04, 0x05, 0x06, 0x07, 0x08, 0x09,
    0x0A, 0x0B, 0xFF, 0xC4, 0x00, 0xB5, 0x10, 0x00, 0x02, 0x01, 0x03, 0x03, 0x02, 0x04, 0x03, 0x05,
    0x05, 0x04, 0x04, 0x00, 0x00, 0x01, 0x7D, 0x01, 0x02, 0x03, 0x00, 0x04, 0x11, 0x05, 0x12, 0x21,
    0x31, 0x41, 0x06, 0x13, 0x51, 0x61, 0x07, 0x22, 0x71, 0x14, 0x32, 0x81, 0x91, 0xA1, 0x08, 0x23,
    0x42, 0xB1, 0xC1, 0x15, 0x52, 0xD1, 0xF0, 0x24, 0x33, 0x62, 0x72, 0x82, 0x09, 0x0A, 0x16, 0x17,
    0x18, 0x19, 0x1A, 0x25, 0x26, 0x27, 0x28, 0x29, 0x2A, 0x34, 0x35, 0x36, 0x37, 0x38, 0x39, 0x3A,
    0x43, 0x44, 0x45, 0x46, 0x47, 0x48, 0x49, 0x4A, 0x53, 0x54, 0x55, 0x56, 0x57, 0x58, 0x59, 0x5A,
    0x63, 0x64, 0x65, 0x66, 0x67, 0x68, 0x69, 0x6A, 0x73, 0x74, 0x75, 0x76, 0x77, 0x78, 0x79, 0x7A,
    0x83, 0x84, 0x85, 0x86, 0x87, 0x88, 0x89, 0x8A, 0x92, 0x93, 0x94, 0x95, 0x96, 0x97, 0x98, 0x99,
    0x9A, 0xA2, 0xA3, 0xA4, 0xA5, 0xA6, 0xA7, 0xA8, 0xA9, 0xAA, 0xB2, 0xB3, 0xB4, 0xB5, 0xB6, 0xB7,
    0xB8, 0xB9, 0xBA, 0xC2, 0xC3, 0xC4, 0xC5, 0xC6, 0xC7, 0xC8, 0xC9, 0xCA, 0xD2, 0xD3, 0xD4, 0xD5,
    0xD6, 0xD7, 0xD8, 0xD9, 0xDA, 0xE1, 0xE2, 0xE3, 0xE4, 0xE5, 0xE6, 0xE7, 0xE8, 0xE9, 0xEA, 0xF1,
    0xF2, 0xF3, 0xF4, 0xF5, 0xF6, 0xF7, 0xF8, 0xF9, 0xFA, 0xFF, 0xC4, 0x00, 0x1F, 0x01, 0x00, 0x03,
    0x01, 0x01, 0x01, 0x01, 0x01, 0x01, 0x01, 0x01, 0x01, 0x00, 0x00, 0x00, 0x00, 0x00, 0x00, 0x01,
    0x02, 0x03, 0x04, 0x05, 0x06, 0x07, 0x08, 0x09, 0x0A, 0x0B, 0xFF, 0xC4, 0x00, 0xB5, 0x11, 0x00,
    0x02, 0x01, 0x02, 0x04, 0x04, 0x03, 0x04, 0x07, 0x05, 0x04, 0x04, 0x00, 0x01, 0x02, 0x77, 0x00,
    0x01, 0x02, 0x03, 0x11, 0x04, 0x05, 0x21, 0x31, 0x06, 0x12, 0x41, 0x51, 0x07, 0x61, 0x71, 0x13,
    0x22, 0x32, 0x81, 0x08, 0x14, 0x42, 0x91, 0xA1, 0xB1, 0xC1, 0x09, 0x23, 0x33, 0x52, 0xF0, 0x15,
    0x62, 0x72, 0xD1, 0x0A, 0x16, 0x24, 0x34, 0xE1, 0x25, 0xF1, 0x17, 0x18, 0x19, 0x1A, 0x26, 0x27,
    0x28, 0x29, 0x2A, 0x35, 0x36, 0x37, 0x38, 0x39, 0x3A, 0x43, 0x44, 0x45, 0x46, 0x47, 0x48, 0x49,
    0x4A, 0x53, 0x54, 0x55, 0x56, 0x57, 0x58, 0x59, 0x5A, 0x63, 0x64, 0x65, 0x66, 0x67, 0x68, 0x69,
    0x6A, 0x73, 0x74, 0x75, 0x76, 0x77, 0x78, 0x79, 0x7A, 0x82, 0x83, 0x84, 0x85, 0x86, 0x87, 0x88,
    0x89, 0x8A, 0x92, 0x93, 0x94, 0x95, 0x96, 0x97, 0x98, 0x99, 0x9A, 0xA2, 0xA3, 0xA4, 0xA5, 0xA6,
    0xA7, 0xA8, 0xA9, 0xAA, 0xB2, 0xB3, 0xB4, 0xB5, 0xB6, 0xB7, 0xB8, 0xB9, 0xBA, 0xC2, 0xC3, 0xC4,
    0xC5, 0xC6, 0xC7, 0xC8, 0xC9, 0xCA, 0xD2, 0xD3, 0xD4, 0xD5, 0xD6, 0xD7, 0xD8, 0xD9, 0xDA, 0xE2,
    0xE3, 0xE4, 0xE5, 0xE6, 0xE7, 0xE8, 0xE9, 0xEA, 0xF2, 0xF3, 0xF4, 0xF5, 0xF6, 0xF7, 0xF8, 0xF9,
    0xFA, 0xFF, 0xDA, 0x00, 0x0C, 0x03, 0x01, 0x00, 0x02, 0x11, 0x03, 0x11, 0x00, 0x3F, 0x00, 0xFD,
    0x53, 0xA2, 0x8A, 0x28, 0x00, 0xA2, 0x8A, 0x28, 0x00, 0xA2, 0x8A, 0x28, 0x00, 0xA2, 0x8A, 0x28,
    0x00, 0xA2, 0x8A, 0x28, 0x00, 0xA2, 0x8A, 0x28, 0x00, 0xA2, 0xB9, 0xEB, 0x3F, 0x18, 0xDB, 0xEB,
    0x1A, 0xC7, 0xD8, 0x74, 0xA8, 0x8D, 0xFC, 0x71, 0xF3, 0x73, 0x76, 0xAD, 0xB6, 0x28, 0x86, 0x48,
    0xC0, 0x38, 0xF9, 0x89, 0xC7, 0x00, 0x70, 0x7D, 0x7A, 0xE3, 0xA1, 0xAE, 0x5C, 0x3E, 0x2A, 0x8E,
    0x29, 0x4A, 0x54, 0x65, 0xCC, 0x93, 0xB5, 0xFA, 0x5F, 0xC9, 0xEC, 0xFD, 0x55, 0xD5, 0xEE, 0xB7,
    0x4C, 0xDA, 0xAD, 0x1A, 0x94, 0x5A, 0x55, 0x15, 0x9B, 0xFB, 0xFE, 0xEE, 0x9F, 0x30, 0xA2, 0x8A,
    0xF9, 0x47, 0xFE, 0x0A, 0x59, 0xF1, 0x0F, 0xE2, 0x0F, 0xC3, 0x3F, 0xD9, 0xC9, 0x75, 0x6F, 0x87,
    0x9A, 0x9D, 0xFE, 0x8D, 0x79, 0x2E, 0xAD, 0x15, 0x96, 0xA7, 0x7F, 0xA7, 0xC0, 0xAE, 0xF0, 0xD8,
    0xCB, 0x05, 0xC2, 0x31, 0xF3, 0x0A, 0x93, 0x06, 0x65, 0x30, 0x01, 0x2A, 0x95, 0x65, 0x72, 0x81,
    0x58, 0x12, 0x33, 0xE8, 0x51, 0xA4, 0xEB, 0xD4, 0x8D, 0x38, 0xEE, 0xCE, 0x79, 0x3E, 0x55, 0x76,
    0x7D, 0x5D, 0x45, 0x7E, 0x4D, 0xFE, 0xC0, 0x5F, 0xB7, 0xFF, 0x00, 0x89, 0xFC, 0x3F, 0xE3, 0x68,
    0x7C, 0x19, 0xF1, 0x8B, 0xC6, 0x57, 0x1A, 0x9F, 0x84, 0xEF, 0x61, 0x30, 0x58, 0xEB, 0x1A, 0xD0,
    0xF3, 0xA7, 0xB1, 0xBB, 0x32, 0xEE, 0x53, 0x3D, 0xDB, 0x10, 0xE6, 0x17, 0x0E, 0xEA, 0x5A, 0x5F,
    0x33, 0x61, 0x10, 0xE0, 0xC7, 0x1A, 0xB9, 0xAF, 0xD6, 0x4A, 0xDF, 0x15, 0x84, 0xA9, 0x84, 0x9F,
    0x24, 0xFE, 0x4C, 0x50, 0x9A, 0x9A, 0xBA, 0x0A, 0x28, 0xA2, 0xB8, 0x8B, 0x0A, 0x28, 0xA2, 0x80,
    0x0A, 0x28, 0xA2, 0x80, 0x0A, 0x28, 0xA2, 0x80, 0x0A, 0x28, 0xAC, 0xEF, 0x10, 0x78, 0x83, 0x4E,
    0xF0, 0xA6, 0x89, 0x7B, 0xAB, 0xEA, 0xD7, 0x71, 0xD8, 0xE9, 0xB6, 0x71, 0x99, 0x67, 0xB8, 0x97,
    0xA2, 0x28, 0xF6, 0x1C, 0x93, 0xD8, 0x01, 0x92, 0x49, 0x00, 0x02, 0x4D, 0x54, 0x62, 0xE6, 0xD4,
    0x62, 0xAE, 0xD8, 0x1A, 0x34, 0x57, 0xE5, 0xE7, 0xED, 0x35, 0xFB, 0x46, 0xEA, 0x5F, 0x1C, 0xB5,
    0xD5, 0xB7, 0x84, 0x4B, 0xA7, 0xF8, 0x52, 0xC6, 0x42, 0xD6, 0x5A, 0x7B, 0x37, 0x2E, 0xDC, 0x8F,
    0x3A, 0x6C, 0x70, 0x64, 0x20, 0x90, 0x07, 0x21, 0x01, 0x20, 0x13, 0x96, 0x66, 0xE1, 0xBE, 0x12,
    0xFC, 0x48, 0xF1, 0x37, 0xC3, 0x6D, 0x5A, 0x4B, 0xCF, 0x0C, 0xEB, 0x57, 0x5A, 0x4C, 0xB2, 0x11,
    0xE6, 0xA4, 0x4C, 0x1A, 0x29, 0xB0, 0x18, 0x0F, 0x32, 0x36, 0x05, 0x1F, 0x01, 0xDB, 0x1B, 0x81,
    0xC1, 0x39, 0x18, 0x3C, 0xD7, 0xDE, 0x4F, 0x84, 0x71, 0x14, 0xB0, 0x9E, 0xDE, 0xAD, 0x44, 0xA7,
    0x6F, 0x86, 0xDB, 0x7A, 0xBB, 0xFE, 0x87, 0xE9, 0xD9, 0x4F, 0x03, 0x57, 0xCD, 0xB0, 0x4F, 0x13,
    0x0A, 0xEA, 0x33, 0xE9, 0x16, 0xB4, 0xF9, 0xC9, 0x3D, 0x3F, 0xF0, 0x16, 0x7E, 0xBE, 0x51, 0x5F,
    0x29, 0xF8, 0x13, 0xF6, 0xD6, 0xB9, 0x9A, 0xC6, 0xF1, 0xFC, 0x51, 0xE1, 0xB6, 0xBC, 0x99, 0x11,
    0xE5, 0x80, 0x78, 0x7B, 0x6A, 0xBC, 0x84, 0x05, 0xDB, 0x17, 0x97, 0x3C, 0xA1, 0x72, 0x4E, 0xFF,
    0x00, 0x9C, 0xC8, 0x07, 0x2A, 0x30, 0x39, 0x6A, 0xEA, 0xB5, 0xEF, 0x8F, 0xD7, 0x9E, 0x25, 0xB9,
    0x6B, 0x7D, 0x05, 0x1F, 0x4D, 0xD3, 0xC8, 0x03, 0xCE, 0x95, 0x47, 0xDA, 0x1F, 0x20, 0xEE, 0xE8,
    0x48, 0x41, 0xCF, 0x18, 0xE7, 0xE5, 0x07, 0x23, 0x38, 0x1F, 0x98, 0x66, 0x78, 0xFA, 0x39, 0x54,
    0x25, 0x3A, 0xFB, 0xAE, 0x8B, 0x73, 0xE7, 0xA7, 0xC2, 0xD9, 0xA5, 0x2A, 0xEE, 0x8D, 0x5A, 0x7C,
    0xB6, 0xEB, 0x7D, 0x3E, 0xF5, 0xF9, 0x6E, 0x7A, 0xF7, 0x8A, 0xBC, 0x79, 0xA6, 0xF8, 0x56, 0x36,
    0x49, 0x1C, 0x5D, 0x5E, 0xF2, 0x16, 0xD6, 0x26, 0x1B, 0x81, 0xC6, 0x46, 0xFF, 0x00, 0xEE, 0x8E,
    0x47, 0x3D, 0x79, 0xE0, 0x1A, 0xF3, 0x2B, 0xBD, 0x7B, 0x5E, 0xF8, 0x99, 0xAA, 0xAD, 0x85, 0xBF,
    0xEE, 0x2D, 0x9B, 0x27, 0xEC, 0xF1, 0xB1, 0x11, 0xAA, 0x64, 0x1D, 0xD2, 0x1F, 0xE2, 0xC7, 0x1C,
    0x9E, 0xFD, 0x00, 0x26, 0xB9, 0x2D, 0x3B, 0x4E, 0xB9, 0xD5, 0x6E, 0xE2, 0xB4, 0xB3, 0x85, 0xA7,
    0xB8, 0x93, 0x84, 0x8D, 0x31, 0xCF, 0xF4, 0x1F, 0x53, 0xC5, 0x7D, 0x05, 0xE1, 0x0F, 0x0B, 0xDB,
    0xF8, 0x57, 0x49, 0x8E, 0xDE, 0x34, 0x5F, 0xB4, 0xBA, 0x86, 0xB8, 0x94, 0x1C, 0x97, 0x7C, 0x73,
    0xCE, 0x07, 0xCA, 0x39, 0xC0, 0xFE, 0xA4, 0xD7, 0xE6, 0x78, 0x5C, 0x46, 0x61, 0xC5, 0xF5, 0x9C,
    0x66, 0xFD, 0x96, 0x1A, 0x3B, 0xA5, 0xD7, 0xCA, 0xFD, 0x5F, 0x7E, 0x8B, 0x7B, 0x5E, 0xC7, 0x75,
    0x7A, 0x58, 0x5C, 0x8A, 0x9A, 0x94, 0x57, 0x3D, 0x67, 0xB3, 0x7D, 0x3C, 0xED, 0xD3, 0xF3, 0xF3,
    0x2C, 0x78, 0x6F, 0x40, 0xB7, 0xF0, 0xD6, 0x91, 0x0D, 0x8C, 0x18, 0x6D, 0xA3, 0x32, 0x49, 0x8C,
    0x19, 0x1F, 0xBB, 0x1F, 0xF3, 0xC0, 0xC0, 0xAD, 0x4A, 0x2B, 0xF1, 0xFF, 0x00, 0xFE, 0x1E, 0x67,
    0xF1, 0xC5, 0x7E, 0x36, 0xFF, 0x00, 0x6F, 0x30, 0xB2, 0xFF, 0x00, 0x84, 0x14, 0xDD, 0xEF, 0x1E,
    0x0E, 0x16, 0xD0, 0x98, 0xBE, 0xCD, 0x8D, 0xBE, 0x5F, 0xDA, 0xFC, 0xBF, 0x3B, 0xCC, 0xC7, 0xCF,
    0xE6, 0x67, 0x6F, 0x99, 0xCF, 0x97, 0xB3, 0xF7, 0x55, 0xFB, 0x36, 0x5B, 0x95, 0x4A, 0x74, 0xBD,
    0x8E, 0x12, 0x29, 0x46, 0x09, 0x2B, 0x7E, 0x4B, 0xD7, 0x4E, 0xBF, 0x36, 0x7C, 0x1D, 0x7C, 0x45,
    0xE6, 0xE7, 0x55, 0xDD, 0xB2, 0x4F, 0xF8, 0x2A, 0x2D, 0xFF, 0x00, 0xC5, 0xBD, 0x3B, 0xF6, 0x8A,
    0x8A, 0x59, 0xF5, 0x9D, 0x77, 0x4E, 0xF0, 0x5C, 0x0D, 0x67, 0xA8, 0x78, 0x55, 0x6D, 0xAE, 0x9A,
    0x2B, 0x58, 0xE6, 0x82, 0x15, 0xDF, 0x3C, 0x5E, 0x59, 0x00, 0x5C, 0x47, 0x3C, 0x93, 0x7C, 0xED,
    0xFB, 0xD5, 0x0E, 0x9C, 0x84, 0x31, 0xD7, 0xD4, 0x1F, 0xF0, 0x4E, 0xCF, 0xDA, 0x66, 0xE3, 0xE3,
    0xF7, 0xC3, 0xAD, 0x53, 0xE1, 0xBF, 0xC4, 0x5B, 0x9F, 0xF8, 0x48, 0xBC, 0x51, 0xA6, 0x5A, 0xB8,
    0xDF, 0x7F, 0x69, 0xE6, 0x2E, 0xA7, 0xA4, 0x95, 0x8E, 0x23, 0xF6, 0x87, 0x62, 0xCB, 0x2C, 0x8A,
    0xD2, 0x14, 0x72, 0xE1, 0x4B, 0xA3, 0xC6, 0x4F, 0x98, 0xDE, 0x6B, 0x57, 0xBB, 0xFC, 0x75, 0xF8,
    0x51, 0xE1, 0xFF, 0x00, 0xDA, 0xCB, 0xE0, 0x54, 0x76, 0x96, 0xB7, 0x2D, 0x32, 0x5E, 0xDB, 0xC7,
    0xAD, 0xF8, 0x7A, 0xFF, 0x00, 0xCD, 0x96, 0xDD, 0x16, 0xE1, 0xA0, 0x6F, 0xB3, 0xC9, 0x22, 0xED,
    0x24, 0xC6, 0xCB, 0x29, 0x0C, 0x8E, 0x84, 0x85, 0x72, 0x40, 0x0E, 0xAA, 0x57, 0xF2, 0x67, 0xE0,
    0x57, 0x8D, 0x2E, 0xBE, 0x0F, 0x7C, 0x60, 0xF0, 0xA7, 0x8B, 0x62, 0xF3, 0x62, 0x87, 0x4B, 0xBF,
    0x49, 0x2E, 0x85, 0xB4, 0x49, 0x24, 0x92, 0x5A, 0xB7, 0xC9, 0x70, 0x88, 0xAF, 0xF2, 0xEE, 0x68,
    0x9A, 0x45, 0x19, 0x23, 0x05, 0xB2, 0x08, 0x20, 0x11, 0xF6, 0xB9, 0x7E, 0x5E, 0xF3, 0x9C, 0x0C,
    0xA9, 0xD3, 0x8D, 0xAA, 0x53, 0xFC, 0xED, 0xA7, 0xDF, 0x66, 0x9F, 0x9E, 0xA7, 0x97, 0x5E, 0xBA,
    0xC3, 0x54, 0x4E, 0x5B, 0x33, 0x5F, 0xF6, 0xB1, 0xFD, 0x94, 0xA4, 0xFD, 0x9B, 0x3E, 0x24, 0xA6,
    0x97, 0x15, 0xD4, 0xFA, 0x97, 0x87, 0xF5, 0x08, 0x8D, 0xDE, 0x95, 0xA8, 0xCF, 0x11, 0x56, 0x78,
    0xF7, 0x10, 0xD0, 0xC8, 0xC1, 0x42, 0x19, 0xA3, 0x38, 0xDD, 0xB3, 0x82, 0x1E, 0x36, 0xC2, 0x6F,
    0xDA, 0x3F, 0x47, 0xBF, 0x60, 0x4F, 0x8D, 0x9A, 0x87, 0xC6, 0x2F, 0x81, 0xEB, 0x0E, 0xBD, 0xA9,
    0x1D, 0x4B, 0xC4, 0x9E, 0x1E, 0xBA, 0x6D, 0x3A, 0xEA, 0xE2, 0xE2, 0xE5, 0x65, 0xBA, 0xB8, 0x87,
    0x68, 0x78, 0x27, 0x95, 0x40, 0x0C, 0x32, 0xAC, 0xD1, 0x06, 0x6D, 0xC5, 0xCC, 0x0E, 0xC5, 0x8B,
    0x16, 0xC5, 0x0F, 0xF8, 0x28, 0xC7, 0xC3, 0xAB, 0x4F, 0x18, 0xFE, 0xCF, 0xB2, 0xEB, 0x4F, 0xE4,
    0xC7, 0x7F, 0xE1, 0xCB, 0xE8, 0x2E, 0xE1, 0x95, 0xAD, 0xC3, 0xCA, 0xF1, 0xCA, 0xE2, 0xDD, 0xE1,
    0x57, 0xC8, 0x28, 0xA4, 0xCB, 0x1B, 0x9C, 0x64, 0x13, 0x0A, 0x82, 0x3A, 0x11, 0xF2, 0xF7, 0xFC,
    0x13, 0x73, 0xC4, 0x8D, 0xE1, 0x1F, 0x8F, 0x53, 0x68, 0xD2, 0xC9, 0x79, 0xF6, 0x6F, 0x10, 0xE9,
    0x93, 0x5B, 0x24, 0x10, 0xB7, 0xEE, 0x4C, 0xF1, 0x62, 0x74, 0x92, 0x55, 0x2C, 0x07, 0xCB, 0x1C,
    0x73, 0xAA, 0xB6, 0x09, 0x06, 0x4C, 0x0C, 0x06, 0x63, 0x5D, 0xBF, 0x54, 0xFE, 0xD9, 0xC8, 0xE7,
    0x8D, 0xFB, 0x74, 0xEF, 0x7D, 0x3B, 0x6A, 0xFE, 0xF8, 0xBB, 0xF6, 0xB9, 0x8B, 0xAA, 0xF0, 0xF8,
    0xB5, 0x4B, 0xA4, 0xBF, 0xAF, 0xCC, 0xFD, 0x46, 0xA2, 0x8A, 0x2B, 0xF3, 0x43, 0xDB, 0x0A, 0x28,
    0xA2, 0x80, 0x0A, 0x28, 0xA2, 0x80, 0x0A, 0x28, 0xA2, 0x80, 0x22, 0xBB, 0xBB, 0x82, 0xC2, 0xD6,
    0x6B, 0x9B, 0x99, 0xA3, 0xB7, 0xB6, 0x85, 0x1A, 0x49, 0x66, 0x95, 0x82, 0xA4, 0x6A, 0x06, 0x4B,
    0x31, 0x3C, 0x00, 0x00, 0x24, 0x93, 0x5F, 0x9E, 0x1F, 0xB5, 0x77, 0xED, 0x13, 0xFF, 0x00, 0x0B,
    0x73, 0x56, 0x8F, 0x46, 0xD1, 0x0C, 0x90, 0xF8, 0x5B, 0x4E, 0x76, 0xD9, 0x21, 0x66, 0x53, 0x7D,
    0x27, 0x03, 0xCD, 0x64, 0xE8, 0x14, 0x63, 0x08, 0x08, 0xDD, 0x82, 0xC4, 0xE3, 0x76, 0xD5, 0xEA,
    0xFF, 0x00, 0x6B, 0x1F, 0xDA, 0x19, 0xBC, 0x6D, 0xA8, 0x4F, 0xE1, 0x2F, 0x0E, 0xDE, 0xA4, 0x9E,
    0x1B, 0xB5, 0x75, 0xFB, 0x45, 0xD5, 0xB3, 0x9C, 0x5E, 0xCA, 0x3A, 0x8C, 0xF4, 0x68, 0xD4, 0xF4,
    0xEA, 0x0B, 0x2E, 0xE0, 0x48, 0x0A, 0x47, 0x82, 0x78, 0x23, 0xE1, 0x7F, 0x89, 0xFE, 0x29, 0x6B,
    0x03, 0x4E, 0xF0, 0xDE, 0x93, 0x3E, 0xA0, 0xE1, 0x82, 0xCB, 0x38, 0x5D, 0xB0, 0x5B, 0x82, 0x18,
    0x83, 0x24, 0x87, 0xE5, 0x40, 0x42, 0xB6, 0x32, 0x72, 0x71, 0x81, 0x93, 0xC5, 0x7E, 0xDF, 0xC3,
    0x5C, 0x39, 0x4F, 0x2D, 0xA2, 0xB3, 0x5C, 0xC5, 0xF2, 0xCA, 0xD7, 0x49, 0xE8, 0xA2, 0xBB, 0xBB,
    0xF5, 0x7D, 0xBA, 0x7A, 0xED, 0xF0, 0xB4, 0x78, 0x8A, 0x9E, 0x63, 0x99, 0x7D, 0x4F, 0x09, 0xAC,
    0x20, 0xEC, 0xDF, 0x76, 0xBB, 0x79, 0x2E, 0xFD, 0x7A, 0x69, 0xBF, 0x9D, 0x5E, 0x77, 0xAB, 0x1E,
    0x1D, 0xFF, 0x00, 0x5F, 0xF8, 0xD7, 0xD8, 0xF7, 0x7F, 0xF0, 0x4E, 0x8B, 0x89, 0xBC, 0x2F, 0x13,
    0x45, 0xE3, 0x38, 0xD7, 0xC4, 0x62, 0x37, 0x79, 0x23, 0x7B, 0x32, 0x6D, 0x1D, 0xCA, 0x2E, 0xC8,
    0x83, 0xEE, 0xDE, 0xA0, 0x38, 0x70, 0x64, 0xDA, 0x49, 0x0C, 0xA7, 0xCB, 0x05, 0x48, 0x6F, 0x9D,
    0x3C, 0x65, 0xF0, 0x3B, 0xC6, 0x7F, 0x06, 0xF5, 0x66, 0x83, 0xC4, 0xDA, 0x34, 0xB6, 0xD6, 0xAD,
    0x29, 0x8E, 0x0D, 0x4A, 0x0F, 0xDE, 0xDA, 0x5C, 0x72, 0xE1, 0x76, 0xCA, 0x38, 0x05, 0x84, 0x6C,
    0xC1, 0x1B, 0x6B, 0xED, 0xE4, 0xA8, 0xAE, 0xCC, 0x56, 0x75, 0x80, 0xCC, 0x29, 0x4E, 0x18, 0x7A,
    0xA9, 0xBE, 0xDA, 0xA7, 0xF2, 0xBD, 0xAF, 0xF2, 0x3F, 0xB4, 0xF8, 0x2B, 0x36, 0xC0, 0xD5, 0xC3,
    0x3C, 0x2C, 0x6A, 0xAF, 0x69, 0x6F, 0x85, 0xE8, 0xFE, 0x57, 0xDF, 0xE5, 0x73, 0xA3, 0xF0, 0xAF,
    0xF0, 0x57, 0xB5, 0x78, 0x1A, 0xC6, 0x7D, 0x4A, 0xF6, 0xDA, 0xD2, 0xDA, 0x33, 0x2C, 0xF3, 0x38,
    0x44, 0x40, 0x7A, 0x93, 0xC7, 0xF9, 0x35, 0xE3, 0x3E, 0x0B, 0xB6, 0x9A, 0xFA, 0xE6, 0xDE, 0xDE,
    0xDE, 0x27, 0x9E, 0xE2, 0x67, 0x11, 0xC7, 0x14, 0x6A, 0x59, 0x9D, 0x89, 0xC0, 0x00, 0x0E, 0x49,
    0x27, 0xB5, 0x7D, 0xDD, 0xF0, 0x6B, 0xE1, 0x12, 0x78, 0x17, 0x4E, 0x8A, 0xFF, 0x00, 0x54, 0x44,
    0x97, 0x5D, 0x91, 0x79, 0x00, 0x86, 0x5B, 0x50, 0x47, 0xDD, 0x53, 0xDD, 0xB0, 0x70, 0x58, 0x7B,
    0x81, 0xC6, 0x4B, 0x7F, 0x32, 0xF1, 0x06, 0x5D, 0x3C, 0xCB, 0x13, 0xEC, 0x56, 0x91, 0xEA, 0xFC,
    0xBF, 0xCF, 0xB1, 0xCD, 0xC5, 0x39, 0xA5, 0x2C, 0xB2, 0x93, 0x94, 0x9D, 0xE6, 0xFE, 0x15, 0xDF,
    0xFE, 0x02, 0xEA, 0x75, 0x5E, 0x08, 0xF0, 0x4D, 0xBF, 0x84, 0x6C, 0x79, 0x2B, 0x3E, 0xA1, 0x28,
    0x1E, 0x74, 0xE0, 0x71, 0xFE, 0xEA, 0xFF, 0x00, 0xB3, 0xFC, 0xFA, 0x9E, 0xC0, 0x79, 0x77, 0xED,
    0xB3, 0xF1, 0x4B, 0xC4, 0xFF, 0x00, 0x07, 0x3F, 0x67, 0xBD, 0x6B, 0xC4, 0xFE, 0x13, 0x67, 0xB3,
    0xD4, 0x20, 0xB8, 0xB6, 0x8A, 0x5D, 0x55, 0x04, 0x0E, 0x74, 0xE8, 0x9E, 0x55, 0x53, 0x37, 0x95,
    0x32, 0xB2, 0xCB, 0xB9, 0xB6, 0x45, 0xB7, 0x04, 0x8F, 0x3B, 0x77, 0xF0, 0x1A, 0xF7, 0x7A, 0x2B,
    0xDC, 0xCB, 0x68, 0xE1, 0xF2, 0xC5, 0x4E, 0x14, 0xA9, 0xA7, 0x08, 0x7D, 0x97, 0xB3, 0xF5, 0xF5,
    0xEB, 0xDF, 0xAD, 0xCF, 0xE7, 0x3C, 0x4D, 0x5A, 0x98, 0xA9, 0x4A, 0x75, 0x25, 0xEF, 0x3E, 0xA7,
    0xE7, 0x8F, 0xFC, 0x12, 0xE7, 0xF6, 0x85, 0xF8, 0x81, 0xF1, 0x3F, 0x57, 0xD7, 0xBC, 0x2D, 0xE2,
    0x1F, 0x12, 0x6A, 0x7E, 0x33, 0xF0, 0xFE, 0x97, 0xA6, 0x9B, 0xA4, 0xD4, 0xF5, 0x58, 0x4C, 0xD3,
    0x5A, 0xCE, 0xD7, 0x03, 0x64, 0x6D, 0x74, 0x4E, 0xE6, 0xF3, 0x15, 0xE6, 0x21, 0x65, 0x2C, 0x71,
    0x00, 0x08, 0x55, 0x51, 0x81, 0xF3, 0x6F, 0xF8, 0x28, 0x9F, 0x84, 0x7C, 0x25, 0xE0, 0x7F, 0xDA,
    0x0D, 0xA6, 0x82, 0x09, 0x2D, 0x27, 0xD7, 0x74, 0xC8, 0x75, 0x7B, 0xA8, 0xED, 0xE2, 0x41, 0x19,
    0x99, 0xA5, 0x96, 0x27, 0x60, 0x06, 0x39, 0x6F, 0x27, 0x7B, 0x13, 0x92, 0x5D, 0x9D, 0x89, 0xE6,
    0xBF, 0x4E, 0x3C, 0x19, 0xE0, 0x0F, 0x0B, 0xFC, 0x38, 0xD2, 0xE5, 0xD3, 0x3C, 0x27, 0xE1, 0xBD,
    0x23, 0xC2, 0xFA, 0x6C, 0xB3, 0x1B, 0x89, 0x2C, 0xF4, 0x6B, 0x18, 0xAD, 0x21, 0x79, 0x4A, 0xAA,
    0x99, 0x0A, 0x46, 0xAA, 0x0B, 0x10, 0xAA, 0x33, 0x8C, 0xE1, 0x40, 0xEC, 0x2B, 0xF0, 0x5F, 0xC6,
    0xDA, 0x6F, 0xC5, 0xEF, 0x88, 0xDF, 0xB4, 0x9E, 0xA5, 0xE0, 0xFF, 0x00, 0x11, 0xE8, 0xFA, 0xAE,
    0xAB, 0xF1, 0x57, 0x50, 0xD4, 0x4C, 0x17, 0x36, 0x17, 0x0A, 0xBE, 0x7C, 0x93, 0x6D, 0x04, 0x10,
    0x41, 0x11, 0xAC, 0x22, 0x30, 0x19, 0x5D, 0x48, 0x89, 0x62, 0x01, 0x81, 0x11, 0x80, 0x6B, 0xF4,
    0x2C, 0x97, 0x32, 0x85, 0x3C, 0x7C, 0xF1, 0x90, 0x82, 0x8C, 0x54, 0x6C, 0xE3, 0xD1, 0xF9, 0xBF,
    0xBA, 0xEC, 0xF1, 0xF1, 0x38, 0x77, 0x3A, 0x4A, 0x9B, 0x77, 0x77, 0xDC, 0xFD, 0x7D, 0xFD, 0x80,
    0x35, 0x09, 0x2F, 0xFF, 0x00, 0x65, 0xEF, 0x0D, 0x01, 0x60, 0xD6, 0x76, 0x10, 0x5C, 0x5E, 0x45,
    0x65, 0x33, 0x4A, 0xAC, 0x6E, 0xE2, 0xFB, 0x4C, 0x8C, 0xD2, 0xED, 0x1F, 0x73, 0x12, 0x34, 0xB1,
    0xED, 0x3C, 0xFE, 0xEB, 0x77, 0x46, 0x15, 0xF9, 0xDF, 0xF1, 0xEF, 0x5C, 0xD0, 0xE1, 0xF8, 0xE9,
    0xF1, 0x11, 0x25, 0x99, 0x84, 0xCB, 0xE2, 0x3D, 0x45, 0x5C, 0x08, 0xC9, 0xC1, 0x17, 0x32, 0x66,
    0xBF, 0x50, 0xBC, 0x3B, 0xA6, 0x78, 0x63, 0xF6, 0x42, 0xFD, 0x9C, 0x6D, 0xED, 0xAF, 0x2E, 0xBF,
    0xE2, 0x45, 0xE1, 0x0D, 0x29, 0xA5, 0xB9, 0xB9, 0x04, 0x46, 0xF7, 0x93, 0x72, 0xF2, 0x14, 0x59,
    0x64, 0x20, 0x49, 0x3C, 0xCE, 0xDB, 0x23, 0xDF, 0x8D, 0xD2, 0xAA, 0x29, 0xC6, 0x2B, 0xF1, 0x57,
    0x4B, 0x3A, 0xDF, 0xC6, 0xCF, 0x8A, 0xF6, 0x96, 0xB2, 0xDE, 0xC1, 0x2F, 0x88, 0xFC, 0x5B, 0xAD,
    0x24, 0x4F, 0x77, 0x72, 0x04, 0x51, 0x35, 0xD5, 0xD4, 0xE0, 0x17, 0x71, 0x1A, 0xFC, 0xAB, 0xBE,
    0x4C, 0x9D, 0xAB, 0xC0, 0xE8, 0x3B, 0x57, 0xB3, 0xC3, 0x99, 0xA4, 0x29, 0xE3, 0xF1, 0x98, 0xF7,
    0x14, 0xA3, 0x37, 0xE7, 0xD5, 0xB7, 0xFF, 0x00, 0x0F, 0xEB, 0xA1, 0xC9, 0x8C, 0xA1, 0x27, 0x4A,
    0x9D, 0x25, 0xBA, 0x3F, 0x65, 0xBC, 0x51, 0xAB, 0x47, 0xE3, 0x7F, 0xD8, 0xD2, 0xFB, 0x5A, 0xD7,
    0x4C, 0x5A, 0x93, 0x5F, 0x78, 0x1F, 0xFB, 0x52, 0xE2, 0x59, 0xE0, 0x5C, 0x3C, 0xDF, 0x61, 0xF3,
    0x84, 0xBB, 0x00, 0xC2, 0xB0, 0x70, 0x1C, 0x60, 0x0D, 0xA4, 0x02, 0x31, 0x81, 0x5F, 0x03, 0x7E,
    0xC7, 0x5E, 0x27, 0xB4, 0x1F, 0xB4, 0xA7, 0x82, 0x17, 0x47, 0xB7, 0x6D, 0x52, 0xFA, 0x4B, 0x89,
    0xA3, 0xF2, 0x37, 0x79, 0x38, 0x8D, 0xAD, 0xE5, 0x59, 0x64, 0xDC, 0xC3, 0x1F, 0xBB, 0x8C, 0xBC,
    0x9B, 0x7A, 0xB6, 0xCD, 0xA3, 0x92, 0x2B, 0xED, 0x2F, 0xF8, 0x28, 0x7F, 0x8D, 0x22, 0xF0, 0x7F,
    0xEC, 0xAB, 0xE2, 0x88, 0xBF, 0xB4, 0xA7, 0xD3, 0x2F, 0xF5, 0x99, 0xAD, 0x74, 0xBB, 0x33, 0x6E,
    0xD2, 0x2B, 0x4E, 0xCD, 0x32, 0xC9, 0x2C, 0x45, 0x93, 0xA2, 0xB4, 0x11, 0x4E, 0x18, 0x31, 0x0A,
    0xCB, 0x95, 0x39, 0xDD, 0x83, 0xF0, 0x87, 0xFC, 0x13, 0x5F, 0xC3, 0x57, 0x9E, 0x25, 0xFD, 0xAA,
    0x74, 0x6B, 0xFB, 0x69, 0x61, 0x48, 0x74, 0x1D, 0x3E, 0xF7, 0x51, 0xBA, 0x59, 0x58, 0x86, 0x78,
    0xDA, 0x13, 0x6C, 0x02, 0x60, 0x1C, 0xB6, 0xFB, 0x98, 0xCE, 0x09, 0x03, 0x68, 0x6E, 0x72, 0x00,
    0x33, 0x91, 0xE3, 0xA1, 0x87, 0xC9, 0xB1, 0xD2, 0x94, 0x55, 0xAA, 0x73, 0xD9, 0x74, 0x5E, 0xED,
    0xBA, 0x5B, 0xBD, 0xB4, 0xB6, 0xC3, 0xC5, 0x53, 0x94, 0xB1, 0x34, 0x92, 0xE9, 0x6B, 0xBF, 0x99,
    0xFB, 0x05, 0x45, 0x14, 0x57, 0xE5, 0x27, 0xBC, 0x14, 0x51, 0x45, 0x00, 0x14, 0x51, 0x45, 0x00,
    0x15, 0xF1, 0xD7, 0xED, 0x27, 0xFB, 0x48, 0xCB, 0xE2, 0xF9, 0x93, 0xC1, 0x1F, 0x0F, 0x6E, 0xD3,
    0x55, 0xB2, 0xBF, 0x48, 0xD2, 0x7D, 0x4B, 0x49, 0x90, 0x5C, 0x7D, 0xBB, 0xCC, 0x03, 0x6C, 0x30,
    0x32, 0x64, 0x32, 0x10, 0xC0, 0x12, 0xA4, 0x96, 0x27, 0x6F, 0x00, 0x1D, 0xDF, 0x4E, 0x7C, 0x44,
    0xD1, 0x3C, 0x45, 0xE2, 0x4D, 0x04, 0xE9, 0x7E, 0x1C, 0xD6, 0x62, 0xF0, 0xEC, 0xB7, 0x4C, 0x63,
    0xB9, 0xD5, 0x0C, 0x6D, 0x2C, 0xF0, 0x45, 0xB4, 0xFF, 0x00, 0xA9, 0x50, 0x40, 0xDE, 0x5B, 0x68,
    0xDC, 0x58, 0x6D, 0x05, 0x88, 0xF9, 0xB1, 0x8C, 0xFF, 0x00, 0x86, 0x1F, 0x06, 0x3C, 0x2D, 0xF0,
    0x96, 0xC0, 0xC3, 0xA1, 0xD8, 0xEE, 0xBC, 0x7D, 0xC2, 0x5D, 0x4E, 0xEC, 0x2C, 0x97, 0x72, 0x86,
    0x20, 0x95, 0x69, 0x00, 0x18, 0x5F, 0x95, 0x7E, 0x55, 0x01, 0x7E, 0x5C, 0xE3, 0x24, 0x93, 0xF5,
    0x59, 0x36, 0x27, 0x01, 0x96, 0xFF, 0x00, 0xB6, 0xE2, 0x63, 0xED, 0x2A, 0x2F, 0x82, 0x1D, 0x13,
    0xFE, 0x69, 0x3B, 0x5B, 0xD1, 0x2B, 0xBE, 0xAD, 0x2D, 0x19, 0xF2, 0xD9, 0xCE, 0x1B, 0x1F, 0x99,
    0xAF, 0xA8, 0xE1, 0xA5, 0xEC, 0xE9, 0xBF, 0x8E, 0x7D, 0x5A, 0xFE, 0x58, 0xAB, 0xDF, 0x5E, 0xAD,
    0xD9, 0x74, 0x57, 0xD5, 0x1F, 0x34, 0x7C, 0x0C, 0xFD, 0x8D, 0x64, 0xF1, 0x05, 0x8D, 0x96, 0xBF,
    0xE3, 0xB3, 0x3D, 0x95, 0x8D, 0xC4, 0x51, 0xDC, 0x41, 0xA2, 0x26, 0xE8, 0x6E, 0x48, 0x27, 0x3B,
    0x6E, 0x43, 0x28, 0x68, 0xB2, 0xA3, 0x98, 0xC6, 0x1C, 0x6F, 0xE4, 0xA3, 0x29, 0x15, 0xF5, 0xCF,
    0x85, 0xFC, 0x27, 0xA3, 0x78, 0x2B, 0x47, 0x8B, 0x4B, 0xD0, 0xB4, 0xDB, 0x7D, 0x2E, 0xC2, 0x20,
    0x31, 0x0D, 0xBA, 0x05, 0x0C, 0x40, 0x03, 0x73, 0x1E, 0xAC, 0xC4, 0x01, 0x96, 0x62, 0x49, 0xC7,
    0x24, 0xD6, 0xBD, 0x15, 0xCB, 0x9B, 0x67, 0xB8, 0xDC, 0xE6, 0xA3, 0x9E, 0x22, 0x7E, 0xEF, 0x48,
    0xAF, 0x85, 0x7C, 0xBF, 0x57, 0xA9, 0xD7, 0x94, 0xE4, 0x98, 0x2C, 0x9A, 0x97, 0xB3, 0xC2, 0xC3,
    0x5E, 0xB2, 0x7A, 0xC9, 0xFA, 0xBF, 0xD1, 0x59, 0x79, 0x05, 0x14, 0x51, 0x5F, 0x3E, 0x7B, 0xC7,
    0x3D, 0xA5, 0x7C, 0x3B, 0xF0, 0xA6, 0x85, 0x7B, 0x0D, 0xE6, 0x9B, 0xE1, 0x9D, 0x1F, 0x4E, 0xBC,
    0x87, 0x26, 0x2B, 0x8B, 0x4B, 0x08, 0xA2, 0x91, 0x32, 0xA5, 0x4E, 0xD6, 0x55, 0x04, 0x64, 0x12,
    0x38, 0xEC, 0x48, 0xAE, 0x86, 0x8A, 0x29, 0xB7, 0x7D, 0x59, 0xAD, 0x4A, 0xB5, 0x2A, 0xBE, 0x6A,
    0x92, 0x6D, 0xF9, 0xBB, 0x85, 0x14, 0x51, 0x48, 0xC8, 0x28, 0xA2, 0x8A, 0x00, 0xFC, 0x8E, 0xFF,
    0x00, 0x82, 0xA7, 0xFE, 0xD6, 0x1E, 0x29, 0xBE, 0xF8, 0xA5, 0xAB, 0x7C, 0x1B, 0xB3, 0x6F, 0xEC,
    0x9F, 0x0A, 0xE8, 0xBF, 0x65, 0x96, 0xF1, 0x20, 0x90, 0x97, 0xD5, 0x66, 0x92, 0x08, 0xAE, 0x10,
    0xCA, 0x70, 0x31, 0x1C, 0x7E, 0x62, 0x85, 0x8F, 0x90, 0x59, 0x77, 0xB1, 0x63, 0xB0, 0x47, 0xD7,
    0xFF, 0x00, 0xC1, 0x26, 0xBF, 0x67, 0x1B, 0xBD, 0x5B, 0x52, 0x97, 0xE3, 0x5E, 0xB8, 0xBE, 0x5D,
    0x85, 0xA7, 0xDA, 0x34, 0xED, 0x06, 0xDE, 0x48, 0xE5, 0x47, 0x96, 0x62, 0xA1, 0x26, 0xBB, 0x56,
    0xCA, 0xA3, 0x46, 0xA8, 0xD2, 0xC2, 0x07, 0xCE, 0x0B, 0xB4, 0xB9, 0xD8, 0xD1, 0x0C, 0xFD, 0xE1,
    0xF1, 0x57, 0xF6, 0x5F, 0xF8, 0x59, 0xF1, 0xBF, 0xC5, 0x1A, 0x0F, 0x88, 0xBC, 0x73, 0xE0, 0xCB,
    0x0F, 0x11, 0x6B, 0x3A, 0x26, 0x05, 0x9D, 0xCD, 0xC3, 0x48, 0xBF, 0x20, 0x71, 0x20, 0x8E, 0x55,
    0x46, 0x0B, 0x3C, 0x61, 0x81, 0x22, 0x39, 0x43, 0xA0, 0xDE, 0xFC, 0x61, 0xDF, 0x3E, 0x29, 0xFF,
    0x00, 0x05, 0x1E, 0xF8, 0xB9, 0xAE, 0xFE, 0xCD, 0x9F, 0xB2, 0xDD, 0x82, 0xFC, 0x3D, 0x7B, 0x7F,
    0x0C, 0xB5, 0xF6, 0xA5, 0x6F, 0xE1, 0xC8, 0xA5, 0xB0, 0x84, 0x44, 0xDA, 0x7D, 0xA1, 0xB6, 0x9D,
    0xF1, 0x6A, 0x17, 0x02, 0x16, 0x0B, 0x02, 0xA2, 0xB0, 0x1F, 0x22, 0x93, 0xB7, 0x6B, 0x05, 0x65,
    0xF7, 0xA1, 0x8B, 0xF6, 0x94, 0x63, 0x83, 0xA0, 0xB9, 0x5B, 0xD1, 0xBF, 0xCF, 0xEF, 0xFF, 0x00,
    0x80, 0x60, 0xE1, 0x69, 0x73, 0xB3, 0xE4, 0x8F, 0xF8, 0x29, 0x97, 0xED, 0x3B, 0x6F, 0xF1, 0x37,
    0xE2, 0x7C, 0x3E, 0x02, 0xD0, 0xAE, 0xE6, 0x6D, 0x03, 0xC2, 0x33, 0x4D, 0x05, 0xE8, 0x65, 0x92,
    0x25, 0x9F, 0x53, 0x0C, 0x52, 0x63, 0xB4, 0xB6, 0x1D, 0x62, 0x0B, 0xE5, 0xAB, 0x14, 0x04, 0x33,
    0x4F, 0x82, 0xC8, 0xCA, 0x4F, 0xD0, 0x5F, 0xF0, 0x4A, 0x0F, 0x83, 0xF3, 0xE8, 0x3F, 0x0E, 0xF5,
    0xFF, 0x00, 0x89, 0x1A, 0x84, 0x30, 0x6F, 0xF1, 0x24, 0xAB, 0x65, 0xA5, 0x96, 0x85, 0x1A, 0x54,
    0xB5, 0xB7, 0x77, 0x59, 0x9D, 0x65, 0x0C, 0x58, 0x2C, 0x93, 0x65, 0x4C, 0x65, 0x57, 0x9B, 0x55,
    0x63, 0xB8, 0x32, 0xE3, 0xF3, 0xCB, 0xF6, 0x31, 0xFD, 0x9B, 0xF5, 0x6F, 0xDA, 0xB3, 0xE2, 0xFD,
    0x9E, 0x85, 0xB2, 0xFE, 0xD7, 0xC2, 0x96, 0x5F, 0xE9, 0x3A, 0xF6, 0xB3, 0x67, 0x1A, 0x9F, 0xB1,
    0xC1, 0x86, 0x28, 0x81, 0x9C, 0xED, 0x12, 0x4A, 0xCB, 0xE5, 0xA7, 0x0C, 0x46, 0x59, 0xF6, 0x32,
    0xC6, 0xE2, 0xBF, 0x7D, 0x74, 0xCD, 0x32, 0xCF, 0x44, 0xD3, 0x6D, 0x34, 0xED, 0x3A, 0xD2, 0x0B,
    0x0D, 0x3E, 0xD2, 0x14, 0xB7, 0xB6, 0xB4, 0xB5, 0x8D, 0x63, 0x8A, 0x18, 0x91, 0x42, 0xA2, 0x22,
    0x28, 0x01, 0x55, 0x40, 0x00, 0x00, 0x30, 0x00, 0x02, 0xBA, 0xB1, 0xF5, 0xE3, 0x86, 0xC3, 0xAC,
    0x15, 0x27, 0xEB, 0xF9, 0xFD, 0xED, 0xFF, 0x00, 0x5A, 0x99, 0xC2, 0x1C, 0xD3, 0xF6, 0x8C, 0xB5,
    0x45, 0x14, 0x57, 0xCB, 0x9D, 0x61, 0x45, 0x14, 0x50, 0x01, 0x45, 0x14, 0x50, 0x01, 0x45, 0x14,
    0x50, 0x07, 0xCF, 0x9E, 0x21, 0xFD, 0xBF, 0xBE, 0x00, 0x78, 0x67, 0x59, 0xB8, 0xD3, 0x2E, 0xFE,
    0x23, 0xD9, 0x5C, 0xDC, 0x41, 0xB7, 0x74, 0xBA, 0x65, 0x95, 0xD5, 0xFD, 0xBB, 0x6E, 0x50, 0xC3,
    0x64, 0xF0, 0x44, 0xF1, 0x3F, 0x0C, 0x33, 0xB5, 0x8E, 0x0E, 0x41, 0xC1, 0x04, 0x0E, 0x42, 0xFF,
    0x00, 0xFE, 0x0A, 0x81, 0xF0, 0x1A, 0xCB, 0xC5, 0x56, 0x9A, 0x52, 0x6B, 0x1A, 0xCD, 0xDE, 0x9B,
    0x34, 0x26, 0x59, 0x75, 0xF8, 0x34, 0x69, 0xFE, 0xC7, 0x6C, 0xD8, 0x7F, 0xDD, 0xBA, 0x30, 0x17,
    0x05, 0xBE, 0x45, 0x1F, 0x24, 0x2C, 0xBF, 0xBC, 0x4E, 0x7E, 0xF6, 0xDF, 0x21, 0xF8, 0x65, 0xE1,
    0xEF, 0xD9, 0x53, 0xF6, 0x47, 0xD3, 0xB5, 0x4F, 0x02, 0x7C, 0x4A, 0xF1, 0x67, 0x83, 0xFE, 0x24,
    0xF8, 0xA3, 0xFB, 0x42, 0x4B, 0xB9, 0x2F, 0xEE, 0x3C, 0x22, 0x6F, 0xA4, 0xB2, 0x50, 0xA9, 0x01,
    0xB4, 0x76, 0x8D, 0x2E, 0x44, 0x6C, 0x92, 0x41, 0x23, 0x18, 0xD9, 0xD5, 0x94, 0xC8, 0x72, 0x83,
    0x20, 0xB7, 0x49, 0xE0, 0x2F, 0x82, 0xDF, 0xB3, 0xBF, 0xED, 0x1F, 0xFB, 0x44, 0x68, 0x7E, 0x3F,
    0xF8, 0x79, 0xAE, 0x78, 0x3A, 0xE7, 0x41, 0xD0, 0xB4, 0xE9, 0x2C, 0xF5, 0x0F, 0x87, 0x51, 0xF8,
    0x62, 0x3B, 0x65, 0xBE, 0x60, 0xB3, 0x03, 0x76, 0xF0, 0x4B, 0xE5, 0x92, 0xA0, 0xDE, 0x40, 0x3C,
    0xC3, 0x03, 0x2E, 0xE8, 0x55, 0x77, 0xE7, 0x85, 0xFD, 0x51, 0xE4, 0xF9, 0x16, 0x1E, 0x13, 0xAB,
    0x56, 0x86, 0x25, 0xD2, 0x51, 0x95, 0xAA, 0xDA, 0xD0, 0x93, 0xB3, 0xE5, 0xB2, 0xF6, 0x77, 0x5C,
    0xCE, 0xC9, 0x5E, 0x56, 0x5D, 0x5D, 0x88, 0xBB, 0x3E, 0xE2, 0xD2, 0xF5, 0x4B, 0x3D, 0x6F, 0x4D,
    0xB4, 0xD4, 0x74, 0xEB, 0xB8, 0x2F, 0xF4, 0xFB, 0xC8, 0x52, 0xE2, 0xDA, 0xEE, 0xD6, 0x45, 0x92,
    0x29, 0xE2, 0x75, 0x0C, 0x8E, 0x8E, 0xA4, 0x86, 0x56, 0x04, 0x10, 0x41, 0xC1, 0x04, 0x11, 0x50,
    0xF8, 0x83, 0x57, 0xFE, 0xC0, 0xD0, 0x75, 0x2D, 0x53, 0xEC, 0x57, 0x9A, 0x97, 0xD8, 0xAD, 0xA5,
    0xB9, 0xFB, 0x16, 0x9F, 0x17, 0x9B, 0x73, 0x71, 0xB1, 0x0B, 0x79, 0x71, 0x26, 0x46, 0xE7, 0x6C,
    0x61, 0x57, 0x23, 0x24, 0x81, 0x53, 0x69, 0x7A, 0x5D, 0x96, 0x87, 0xA6, 0x5A, 0x69, 0xDA, 0x75,
    0xA4, 0x1A, 0x7E, 0x9F, 0x67, 0x0A, 0x5B, 0xDB, 0x5A, 0x5A, 0xC4, 0xB1, 0xC5, 0x04, 0x48, 0xA1,
    0x51, 0x11, 0x14, 0x00, 0xAA, 0xA0, 0x00, 0x00, 0x18, 0x00, 0x00, 0x2A, 0x87, 0x8C, 0xED, 0x75,
    0x9B, 0xDF, 0x07, 0xEB, 0xB6, 0xFE, 0x1C, 0xBB, 0x86, 0xC3, 0xC4, 0x33, 0x58, 0x4F, 0x1E, 0x9B,
    0x77, 0x70, 0x01, 0x8E, 0x1B, 0x93, 0x1B, 0x08, 0x9D, 0xB2, 0xAE, 0x36, 0xAB, 0xED, 0x27, 0x2A,
    0xDC, 0x0F, 0xBA, 0x7A, 0x57, 0xE5, 0x75, 0x2C, 0xAF, 0xC9, 0xF2, 0xEE, 0x6F, 0x4D, 0x27, 0x38,
    0xA9, 0x6D, 0x74, 0x79, 0x37, 0xFC, 0x35, 0x47, 0xFD, 0x52, 0x0F, 0x8A, 0xDF, 0xF8, 0x4C, 0xFF,
    0x00, 0xF6, 0xDA, 0xE7, 0xFC, 0x29, 0xFB, 0x74, 0xF8, 0x5B, 0xC7, 0x82, 0xE4, 0xF8, 0x67, 0xC0,
    0xBE, 0x3E, 0xF1, 0x10, 0xB6, 0x08, 0x67, 0x3A, 0x4E, 0x91, 0x15, 0xD0, 0x88, 0x3E, 0xED, 0x85,
    0x8C, 0x73, 0x9C, 0x6E, 0xDA, 0xD8, 0xCF, 0x5D, 0xA7, 0xD0, 0xD7, 0x33, 0xFF, 0x00, 0x0A, 0xDB,
    0xF6, 0xBE, 0xFF, 0x00, 0xA2, 0xA7, 0xE1, 0x7F, 0xFB, 0xE2, 0x1F, 0xFE, 0x55, 0xD6, 0xEF, 0xEC,
    0xED, 0xF0, 0xA2, 0xE7, 0xC2, 0xFF, 0x00, 0x19, 0xBC, 0x43, 0xE2, 0x8F, 0x1E, 0x7C, 0x43, 0xD1,
    0x7C, 0x4B, 0xF1, 0x72, 0xF7, 0x4D, 0x36, 0xD7, 0xFA, 0x26, 0x91, 0x34, 0x39, 0xB6, 0xB7, 0xDD,
    0x06, 0x25, 0x75, 0x09, 0x1B, 0xB6, 0x63, 0x8A, 0xCB, 0x07, 0xCA, 0x89, 0x57, 0x79, 0x07, 0xCC,
    0xDC, 0xAF, 0x5F, 0x37, 0x1A, 0xB8, 0xE9, 0xD4, 0x8C, 0x55, 0xD2, 0x6F, 0x57, 0x28, 0xC5, 0x74,
    0xE9, 0xEF, 0x3B, 0xBF, 0x2B, 0x1F, 0xA5, 0x54, 0xC2, 0xE4, 0x34, 0x30, 0xF5, 0x6A, 0xC9, 0x42,
    0x72, 0x4A, 0xF1, 0x54, 0xEA, 0x55, 0x95, 0xDD, 0xD2, 0x77, 0xBD, 0x38, 0xA4, 0xAC, 0xF7, 0x72,
    0x5A, 0xD9, 0x59, 0xDF, 0x4F, 0x76, 0xF8, 0x75, 0xE3, 0x6F, 0xF8, 0x58, 0x9E, 0x10, 0xB3, 0xD7,
    0xFF, 0x00, 0xB0, 0x75, 0xBF, 0x0C, 0xFD, 0xA6, 0x49, 0xE3, 0xFE, 0xCB, 0xF1, 0x1D, 0x9F, 0xD9,
    0x2F, 0x62, 0xF2, 0xE6, 0x78, 0xB7, 0x3C, 0x5B, 0x9B, 0x68, 0x7D, 0x9B, 0xD4, 0xE7, 0x94, 0x75,
    0x3C, 0x67, 0x15, 0xCC, 0xFE, 0xD0, 0x5F, 0xB4, 0x17, 0x85, 0x7F, 0x66, 0xBF, 0x00, 0x8F, 0x16,
    0x78, 0xB4, 0x5F, 0x4B, 0x65, 0x25, 0xDC, 0x76, 0x36, 0xF6, 0xDA, 0x6C, 0x02, 0x59, 0xEE, 0x26,
    0x70, 0xCD, 0xB5, 0x77, 0x32, 0xA0, 0xC2, 0x47, 0x23, 0x92, 0xEC, 0xA3, 0x08, 0x40, 0x25, 0x8A,
    0xA9, 0xF4, 0xBA, 0xF9, 0x47, 0xFE, 0x0A, 0x63, 0xE1, 0xAD, 0x77, 0xC5, 0x7F, 0xB3, 0x2C, 0xB6,
    0x1A, 0x1E, 0x8F, 0xA2, 0xEA, 0x5B, 0xB5, 0x8B, 0x47, 0xBC, 0xBC, 0xD6, 0xAF, 0xAD, 0x2C, 0x57,
    0x4D, 0x84, 0x6F, 0xC4, 0xF1, 0x5C, 0x5D, 0x4D, 0x14, 0x71, 0xC8, 0xD2, 0xF9, 0x50, 0x67, 0x24,
    0x94, 0xB8, 0x91, 0x42, 0x9D, 0xD9, 0x1F, 0x73, 0x94, 0x51, 0xC3, 0xD7, 0xC7, 0xD0, 0xA5, 0x8C,
    0x7F, 0xBB, 0x72, 0x4A, 0x4D, 0x69, 0xA5, 0xF5, 0xE8, 0xFF, 0x00, 0x2F, 0x43, 0xF3, 0x29, 0xB4,
    0xDB, 0x71, 0x56, 0x1F, 0xF0, 0xE3, 0xF6, 0xF9, 0xB1, 0xF1, 0x1E, 0xAD, 0x17, 0x85, 0xBC, 0x63,
    0xF0, 0xC3, 0xC6, 0xDE, 0x06, 0xF8, 0x87, 0x26, 0x93, 0x79, 0xAB, 0xC1, 0xE1, 0xB9, 0xB4, 0xE7,
    0x9D, 0xAF, 0xD6, 0x05, 0x96, 0x41, 0x15, 0xA3, 0x32, 0xC5, 0x24, 0xB2, 0x49, 0x1C, 0x12, 0x15,
    0xDF, 0x14, 0x68, 0x5D, 0x1D, 0x03, 0x92, 0x17, 0x77, 0xB0, 0x7E, 0xCF, 0xBF, 0xB4, 0x17, 0x85,
    0x7F, 0x69, 0x5F, 0x00, 0x1F, 0x16, 0xF8, 0x48, 0x5F, 0x45, 0x65, 0x1D, 0xDC, 0x96, 0x37, 0x16,
    0xDA, 0x94, 0x02, 0x29, 0xE0, 0x99, 0x02, 0xB6, 0xD6, 0xDA, 0xCC, 0x87, 0x29, 0x24, 0x6E, 0x0A,
    0x33, 0x0C, 0x38, 0x04, 0x86, 0x0C, 0xA3, 0xF3, 0x7A, 0xCB, 0xC5, 0x1E, 0x04, 0xB3, 0xF1, 0x5F,
    0x85, 0xFC, 0x59, 0xFF, 0x00, 0x0D, 0x91, 0x75, 0x79, 0xE2, 0x7F, 0x0D, 0x43, 0x71, 0x6F, 0xA6,
    0x6B, 0x7A, 0x8F, 0xC3, 0x4B, 0xCB, 0xBB, 0xE4, 0x8A, 0x6F, 0x33, 0x7C, 0x72, 0x4D, 0x36, 0xE9,
    0x27, 0x51, 0xE7, 0x4B, 0xB1, 0x65, 0x2E, 0x23, 0xF3, 0x1B, 0x60, 0x5C, 0xD7, 0xDE, 0x3F, 0xB1,
    0xCF, 0xC0, 0xFF, 0x00, 0x0C, 0xFC, 0x1F, 0xF8, 0x77, 0xA8, 0x5F, 0x68, 0x7E, 0x31, 0xB7, 0xF8,
    0x95, 0xA9, 0x78, 0x9B, 0x50, 0x9B, 0x51, 0xD4, 0xBC, 0x69, 0x11, 0x8E, 0x43, 0xA9, 0x48, 0x1D,
    0x90, 0x2F, 0x9A, 0xAF, 0x23, 0x3A, 0xA3, 0x09, 0x32, 0x1E, 0x57, 0x3E, 0x6C, 0x93, 0xB6, 0x46,
    0xF2, 0xA3, 0xED, 0x78, 0x87, 0x25, 0xCB, 0xF2, 0xCC, 0x22, 0xAB, 0x08, 0xCA, 0x35, 0x25, 0xCB,
    0x65, 0xCB, 0x55, 0x2D, 0xE5, 0xCD, 0xAD, 0x4A, 0x50, 0xBA, 0x71, 0xE4, 0x6B, 0x56, 0xD4, 0xAE,
    0xB5, 0x5A, 0x90, 0x9D, 0xCF, 0x7B, 0xAF, 0x0C, 0xFD, 0xAC, 0x7E, 0x3E, 0xFC, 0x29, 0xF8, 0x2F,
    0xE0, 0xB8, 0x2C, 0x7E, 0x2A, 0x69, 0xC3, 0xC4, 0x56, 0x1A, 0xE0, 0x63, 0x6F, 0xE1, 0xD6, 0xD2,
    0xD6, 0xF9, 0x75, 0x01, 0x04, 0xB0, 0x97, 0xCA, 0xCA, 0x04, 0x03, 0xCB, 0x32, 0x45, 0x27, 0xEF,
    0x5D, 0x7E, 0xEE, 0x57, 0x73, 0x0C, 0x57, 0xB9, 0xD7, 0xC8, 0x3F, 0xF0, 0x50, 0xEF, 0x85, 0x27,
    0xC4, 0xDA, 0x37, 0x82, 0x3E, 0x21, 0x41, 0xF1, 0x23, 0x43, 0xF8, 0x77, 0xAA, 0x78, 0x12, 0xEE,
    0x6B, 0xDD, 0x36, 0x5D, 0x7E, 0x2C, 0xC3, 0x77, 0x74, 0x5E, 0xDE, 0x74, 0x08, 0xC0, 0x3B, 0x19,
    0x11, 0x6C, 0xDD, 0xD6, 0x25, 0x86, 0x63, 0x29, 0x1B, 0x76, 0x81, 0x93, 0x5F, 0x23, 0x92, 0x50,
    0xC3, 0x62, 0xB3, 0x1A, 0x54, 0x71, 0x6D, 0xA8, 0x37, 0xD2, 0xF7, 0xBD, 0x9F, 0x2A, 0xBA, 0x52,
    0x69, 0x39, 0x59, 0x36, 0x93, 0x69, 0x36, 0xEC, 0x37, 0xB1, 0xC7, 0x78, 0x33, 0xF6, 0xB2, 0xF1,
    0x37, 0xC3, 0x8D, 0x46, 0x5D, 0x1B, 0xC2, 0x5F, 0xB1, 0x97, 0x8A, 0xBC, 0x2F, 0xE0, 0xE9, 0x75,
    0x33, 0x2C, 0x8D, 0xA2, 0xE9, 0x52, 0xDA, 0x4A, 0xF1, 0x16, 0x54, 0x37, 0x26, 0xD2, 0x3B, 0x15,
    0x8C, 0xCE, 0x62, 0x45, 0x3B, 0x3C, 0xDC, 0x65, 0x42, 0xF9, 0xB8, 0x01, 0xAB, 0xDF, 0xBE, 0x03,
    0xFE, 0xD8, 0x7E, 0x04, 0xFD, 0xA0, 0x7C, 0x51, 0xAB, 0xF8, 0x5B, 0x47, 0xB7, 0xD7, 0x74, 0x1F,
    0x17, 0x69, 0x22, 0x77, 0xBB, 0xD0, 0x3C, 0x41, 0xA7, 0x1B, 0x7B, 0x98, 0xA3, 0x85, 0xE2, 0x8E,
    0x47, 0x62, 0x85, 0xE3, 0x5C, 0x49, 0x2A, 0xA1, 0x46, 0x71, 0x20, 0x2A, 0xD9, 0x40, 0x06, 0x6B,
    0xCC, 0xFE, 0x1C, 0x7F, 0xC1, 0x42, 0x7E, 0x1E, 0xEB, 0x7E, 0x07, 0xD3, 0xF4, 0xEF, 0x14, 0x7C,
    0x4B, 0xF0, 0xAE, 0x9F, 0xF1, 0x1A, 0xF7, 0xCD, 0xB6, 0xFB, 0x5E, 0x9D, 0xA1, 0xEA, 0xDF, 0xD8,
    0xB0, 0x4C, 0xF2, 0xBA, 0xDB, 0x3B, 0x7D, 0xA2, 0x38, 0x9B, 0xCB, 0x0A, 0x62, 0x32, 0x6F, 0x92,
    0x31, 0x90, 0xFF, 0x00, 0x3A, 0x2E, 0x18, 0x69, 0xFE, 0xCA, 0xDF, 0xB3, 0xC7, 0x8A, 0xB4, 0x8F,
    0x8A, 0xFE, 0x2E, 0xF8, 0xE7, 0xF1, 0x03, 0xC5, 0xBA, 0x17, 0x89, 0x3C, 0x51, 0xE2, 0xFB, 0x45,
    0x82, 0xCC, 0x78, 0x45, 0xCC, 0x9A, 0x57, 0xD8, 0x1D, 0x6D, 0xDE, 0x39, 0x12, 0x46, 0x45, 0x67,
    0xF9, 0x60, 0x85, 0x13, 0x19, 0xF9, 0x13, 0x73, 0x3C, 0xAD, 0x26, 0x53, 0xEA, 0x33, 0x0C, 0x0E,
    0x12, 0x8E, 0x1E, 0xBF, 0xD7, 0x70, 0x92, 0xC3, 0x54, 0x8A, 0x5C, 0x97, 0x75, 0x2F, 0x52, 0x57,
    0xB6, 0xD3, 0x8E, 0xAA, 0xD7, 0x6D, 0xDE, 0x36, 0xD2, 0xC9, 0xDE, 0xC2, 0x5E, 0x47, 0xD5, 0x54,
    0x51, 0x45, 0x7E, 0x76, 0x50, 0x51, 0x45, 0x14, 0x00, 0x51, 0x45, 0x14, 0x00, 0x51, 0x45, 0x14,
    0x01, 0xF9, 0x4F, 0xF0, 0xC7, 0xE0, 0xFF, 0x00, 0xC4, 0x4F, 0xD9, 0x43, 0xC2, 0xFA, 0xDE, 0x99,
    0xE3, 0xDF, 0xD9, 0x53, 0x43, 0xF8, 0xD3, 0x61, 0x71, 0xAB, 0xED, 0xB0, 0xD5, 0x6D, 0x21, 0xB7,
    0xD4, 0xAE, 0x90, 0x88, 0xCA, 0x36, 0xD0, 0x90, 0x5C, 0x4D, 0xF6, 0x67, 0x10, 0xAB, 0xA6, 0xF8,
    0xA2, 0xD8, 0xCE, 0xDB, 0xFE, 0x69, 0x15, 0x57, 0xD8, 0xFE, 0x0C, 0x7C, 0x17, 0xF1, 0x97, 0x8C,
    0x3F, 0x6A, 0x4F, 0x86, 0xFF, 0x00, 0x14, 0x63, 0xF8, 0x0B, 0xA2, 0x7C, 0x0C, 0xF0, 0x86, 0x8D,
    0xA4, 0x5C, 0xC9, 0x3C, 0x36, 0xD7, 0x90, 0x89, 0xEF, 0x5A, 0x7B, 0x79, 0xA3, 0x8D, 0x5E, 0xDA,
    0x25, 0x4F, 0x2E, 0x51, 0xF6, 0x85, 0x3B, 0x5E, 0x08, 0xDD, 0x42, 0xC8, 0x24, 0x76, 0x22, 0x38,
    0xD7, 0xEF, 0x5A, 0x2B, 0xED, 0xAB, 0xF1, 0x5E, 0x22, 0xBF, 0xB5, 0x9B, 0xA3, 0x05, 0x52, 0xA4,
    0x65, 0x19, 0x4E, 0xF5, 0x2E, 0xD4, 0x95, 0x9F, 0xBA, 0xEA, 0x38, 0x2B, 0xAB, 0xFD, 0x9B, 0x2B,
    0xE8, 0x95, 0x91, 0x36, 0x0A, 0xF3, 0xAF, 0xDA, 0x23, 0xC1, 0xDA, 0xFF, 0x00, 0xC4, 0x1F, 0x82,
    0x3E, 0x32, 0xF0, 0xEF, 0x86, 0x6F, 0x45, 0x9E, 0xB3, 0xA8, 0xE9, 0xEF, 0x0C, 0x40, 0xC1, 0x14,
    0xC2, 0xE5, 0x32, 0x0C, 0xB6, 0xB8, 0x94, 0x84, 0x5F, 0x3E, 0x30, 0xF0, 0x79, 0x84, 0x8D, 0x9E,
    0x6E, 0xF1, 0xCA, 0x8A, 0xF4, 0x5A, 0xE1, 0x7E, 0x3A, 0x78, 0x8F, 0x5A, 0xF0, 0x7F, 0xC1, 0xBF,
    0x1A, 0x6B, 0x9E, 0x1E, 0x36, 0xF1, 0xEA, 0xFA, 0x76, 0x93, 0x71, 0x77, 0x0C, 0xD7, 0x52, 0xF9,
    0x69, 0x00, 0x44, 0x2C, 0xF2, 0x8C, 0xC7, 0x20, 0x66, 0x45, 0x0C, 0xEA, 0x8C, 0xBB, 0x5D, 0x95,
    0x55, 0x8A, 0x06, 0x2C, 0xBF, 0x09, 0x56, 0xDE, 0xCE, 0x57, 0xDA, 0xCC, 0xEC, 0xC2, 0x73, 0x7D,
    0x62, 0x9F, 0x25, 0xAF, 0xCC, 0xAD, 0x7D, 0xAF, 0x7E, 0xBE, 0x5D, 0xCF, 0x09, 0xF8, 0x27, 0xFB,
    0x10, 0xF8, 0x0E, 0xE3, 0xE1, 0x86, 0x88, 0xFF, 0x00, 0x10, 0x7E, 0x1F, 0xCB, 0x69, 0xE3, 0x0C,
    0x4C, 0xB7, 0xF1, 0x4D, 0xAD, 0xC9, 0x29, 0xC8, 0x99, 0xC2, 0x30, 0x36, 0xD2, 0x24, 0x41, 0x59,
    0x02, 0x32, 0xAA, 0x82, 0x54, 0x30, 0x56, 0x67, 0x65, 0x67, 0x6E, 0x63, 0x42, 0xFD, 0x87, 0x34,
    0x7B, 0x8F, 0xDA, 0x43, 0xC4, 0xD0, 0x6B, 0x1E, 0x06, 0x3F, 0xF0, 0xA7, 0xC6, 0x96, 0x7F, 0xB2,
    0xF3, 0xAA, 0xB6, 0x1A, 0xEC, 0xAD, 0x9E, 0x71, 0xB6, 0x7F, 0xB4, 0x75, 0x17, 0x9F, 0x7F, 0xE5,
    0xFF, 0x00, 0xC7, 0x6A, 0xA7, 0xC2, 0xEF, 0x80, 0xBE, 0x37, 0xF8, 0xED, 0xE0, 0x5D, 0x33, 0xC7,
    0xDA, 0x77, 0xED, 0x1B, 0xE2, 0xA4, 0x87, 0x5D, 0x12, 0x5D, 0x4B, 0x0D, 0xBB, 0xDF, 0x47, 0x14,
    0x17, 0x1E, 0x63, 0x2C, 0xF0, 0xA2, 0xAD, 0xE4, 0x68, 0x16, 0x39, 0x56, 0x44, 0x1B, 0x11, 0x53,
    0x0A, 0x36, 0x00, 0xBB, 0x6B, 0x13, 0xE1, 0xCF, 0xEC, 0xED, 0xF1, 0x53, 0xC2, 0xFF, 0x00, 0xB5,
    0x0F, 0x89, 0xED, 0x74, 0xCF, 0x19, 0x6B, 0x7A, 0x6D, 0xD2, 0x68, 0xCE, 0xAD, 0xF1, 0x17, 0x53,
    0xD0, 0xA4, 0xBF, 0x4D, 0x45, 0x58, 0x58, 0xB7, 0xD9, 0xF7, 0x5C, 0xC8, 0xEA, 0xCC, 0x0F, 0x00,
    0xF9, 0x8C, 0x40, 0xB5, 0x20, 0x00, 0x37, 0x01, 0xF2, 0xAE, 0x95, 0x1F, 0xDC, 0xDB, 0x08, 0xED,
    0x75, 0x67, 0xEE, 0x6B, 0xA3, 0xDF, 0x5F, 0x9E, 0xB6, 0xD7, 0xA9, 0xFA, 0xF2, 0xC5, 0xE3, 0x53,
    0xC6, 0xF3, 0x67, 0x31, 0xE7, 0xE5, 0x77, 0x8F, 0xEF, 0xED, 0x1F, 0x7E, 0x37, 0xE5, 0xBC, 0x55,
    0x9A, 0x7A, 0x2B, 0x73, 0x3B, 0x5D, 0x5A, 0xD7, 0x6B, 0xEF, 0xDA, 0xF9, 0x77, 0xFE, 0x0A, 0x27,
    0xF0, 0x27, 0xC6, 0x3F, 0x1F, 0xFE, 0x05, 0xE9, 0xBA, 0x2F, 0x81, 0xEC, 0x20, 0xD5, 0x75, 0x9D,
    0x3B, 0x5E, 0xB7, 0xD4, 0x9A, 0xCA, 0x5B, 0x94, 0xB7, 0x79, 0x62, 0x10, 0xCF, 0x03, 0x79, 0x4D,
    0x21, 0x09, 0xB9, 0x4C, 0xEA, 0xF8, 0x76, 0x51, 0xB5, 0x1F, 0x04, 0xB6, 0xD5, 0x6F, 0xA8, 0xAB,
    0xE5, 0x5F, 0xF8, 0x29, 0x6F, 0xFC, 0x27, 0x5F, 0xF0, 0xCB, 0xBA, 0xA7, 0xFC, 0x21, 0x3F, 0x6D,
    0xFB, 0x3F, 0xDA, 0xD3, 0xFE, 0x12, 0x2F, 0xB0, 0x6D, 0xDF, 0xFD, 0x93, 0xE4, 0xCD, 0xE7, 0x6E,
    0xFE, 0x3F, 0x2B, 0x7F, 0x93, 0xE6, 0x6C, 0xE7, 0xCB, 0xDF, 0xBB, 0xF7, 0x7E, 0x65, 0x7E, 0x9D,
    0x90, 0x3A, 0xAB, 0x36, 0xC3, 0x3A, 0x13, 0x50, 0x9F, 0x3C, 0x6C, 0xE5, 0xF0, 0xA7, 0x7E, 0xBF,
    0xD2, 0xF5, 0x5B, 0x9F, 0x8B, 0x3D, 0x89, 0xB4, 0xEF, 0x83, 0x1A, 0x74, 0x1F, 0x01, 0x6C, 0xFC,
    0x49, 0xA8, 0xFE, 0xCB, 0x3F, 0x0F, 0xAF, 0xBE, 0x2A, 0x24, 0x51, 0xA5, 0xCF, 0x83, 0xED, 0x2D,
    0x74, 0xBB, 0x78, 0xA4, 0x93, 0xED, 0x02, 0x27, 0x74, 0xBA, 0x64, 0x78, 0xD1, 0x4C, 0x59, 0x9C,
    0x21, 0x67, 0x20, 0x62, 0x3D, 0xCC, 0xDC, 0x9B, 0xDF, 0xB0, 0x1F, 0xC1, 0x3F, 0x15, 0x7C, 0x0D,
    0xF8, 0x39, 0xAC, 0xE9, 0xBE, 0x2F, 0xD1, 0xAC, 0xBC, 0x37, 0xA9, 0xEA, 0xDE, 0x21, 0xBA, 0xD5,
    0xA3, 0xD1, 0xAC, 0x6E, 0x8D, 0xCA, 0xD8, 0xC0, 0xD1, 0xC3, 0x12, 0x44, 0x5C, 0xBC, 0x99, 0xC7,
    0x92, 0x48, 0xFD, 0xEC, 0x87, 0x61, 0x4D, 0xCE, 0x5F, 0x70, 0x1F, 0x37, 0x59, 0x7C, 0x03, 0xFD,
    0x95, 0x74, 0xAF, 0xD8, 0xC1, 0xFE, 0x2F, 0x5C, 0x78, 0x4B, 0xC6, 0x7A, 0x8E, 0x84, 0xC9, 0x24,
    0x03, 0x53, 0xB8, 0xBF, 0x51, 0xAE, 0x2B, 0x49, 0xA8, 0x35, 0x92, 0x48, 0x22, 0x8E, 0x64, 0xB3,
    0xCC, 0x72, 0x32, 0x95, 0xCA, 0x95, 0x28, 0x8A, 0x59, 0x5D, 0xB7, 0x06, 0xF6, 0x9F, 0xF8, 0x25,
    0xCF, 0xFC, 0x26, 0x5F, 0xF0, 0xCD, 0x32, 0x7F, 0xC2, 0x65, 0xFD, 0xB5, 0xE6, 0x7F, 0x6A, 0xFF,
    0x00, 0xC4, 0xA7, 0xFB, 0x67, 0xCF, 0xDB, 0xFD, 0x9D, 0xF6, 0x2B, 0x4F, 0x23, 0xEC, 0xBE, 0x6F,
    0xFC, 0xBB, 0x7D, 0xFD, 0x9B, 0x3E, 0x4F, 0xBD, 0x8E, 0xF5, 0xF5, 0x39, 0x8A, 0x50, 0xCB, 0x71,
    0x71, 0xA1, 0x52, 0x56, 0xF6, 0xA9, 0x49, 0x4E, 0x0E, 0x2D, 0x35, 0xCD, 0x68, 0xC2, 0xF5, 0x6A,
    0x5F, 0x97, 0x5B, 0xDD, 0x73, 0x5A, 0xD7, 0x93, 0x12, 0xDC, 0xFA, 0xFA, 0xBE, 0x4C, 0xFD, 0xB8,
    0xFE, 0x07, 0xF8, 0xBF, 0xE2, 0x6F, 0x8B, 0x7E, 0x10, 0x78, 0xA3, 0xC3, 0x3E, 0x06, 0xD2, 0xFE,
    0x25, 0x59, 0x78, 0x53, 0x51, 0xBA, 0x7D, 0x4F, 0xC3, 0x1A, 0x9D, 0xF2, 0x5A, 0xAD, 0xDC, 0x53,
    0x79, 0x0C, 0xA4, 0x97, 0x64, 0x42, 0x80, 0xDB, 0x90, 0x43, 0x16, 0x1B, 0x9A, 0x3D, 0xD1, 0x4A,
    0x9E, 0x62, 0xD7, 0xD6, 0x75, 0xF2, 0x27, 0xED, 0xF9, 0xE2, 0xDF, 0x81, 0x5E, 0x16, 0x6F, 0x01,
    0xFF, 0x00, 0xC2, 0xE9, 0xF0, 0x56, 0xB9, 0xE3, 0x03, 0x38, 0xBF, 0xFE, 0xC8, 0xFE, 0xC6, 0x9D,
    0xA3, 0xFB, 0x3E, 0xDF, 0xB3, 0x79, 0xFB, 0xF1, 0x75, 0x06, 0x77, 0x6E, 0x87, 0x1F, 0x7B, 0xEE,
    0x9E, 0x9D, 0xFE, 0x7B, 0x86, 0xA5, 0x5A, 0x39, 0xAD, 0x2F, 0x61, 0x17, 0x29, 0x3E, 0x65, 0x68,
    0xC7, 0x99, 0xB4, 0xE3, 0x24, 0xD2, 0x5C, 0xF0, 0x7B, 0x37, 0xAA, 0x9C, 0x5A, 0xDD, 0x3B, 0xA1,
    0xBD, 0x8F, 0x09, 0xF1, 0x74, 0x3E, 0x28, 0xF8, 0xA5, 0xA4, 0x78, 0xC3, 0xC0, 0x9E, 0x11, 0xFD,
    0x86, 0x74, 0x4F, 0x06, 0xF8, 0xA2, 0x5B, 0x4B, 0x8B, 0x41, 0xE2, 0x1B, 0xBB, 0x1B, 0x58, 0x60,
    0xB5, 0xF9, 0xC4, 0x32, 0x4B, 0x6F, 0x70, 0xF6, 0xB6, 0xF1, 0x4B, 0x28, 0x0C, 0x4C, 0x4D, 0x1C,
    0xE7, 0x9C, 0x48, 0xA1, 0xD1, 0x48, 0x3F, 0x64, 0x7E, 0xC6, 0x9F, 0x0B, 0x75, 0xFF, 0x00, 0x83,
    0x1F, 0xB3, 0x57, 0x82, 0xFC, 0x21, 0xE2, 0x88, 0x2D, 0xED, 0x75, 0xEB, 0x28, 0xEE, 0x66, 0xBA,
    0xB6, 0xB6, 0x98, 0x4A, 0xB0, 0x34, 0xF7, 0x53, 0x4E, 0x23, 0x2E, 0x3E, 0x52, 0xCA, 0xB2, 0x85,
    0x6D, 0xA4, 0xAE, 0xE0, 0xDB, 0x59, 0x86, 0x18, 0xFE, 0x5D, 0xFC, 0x5D, 0xF1, 0x87, 0xEC, 0x89,
    0xE2, 0x6F, 0x0D, 0xDD, 0x37, 0x83, 0x3C, 0x19, 0xF1, 0x13, 0xC1, 0xBA, 0xF5, 0xBD, 0x9D, 0xCF,
    0xD8, 0xBC, 0xB9, 0xED, 0xA4, 0xB3, 0xB9, 0xB9, 0x64, 0x1E, 0x47, 0xDA, 0xBC, 0xFB, 0xA9, 0xDC,
    0x46, 0xAE, 0xA3, 0x3E, 0x56, 0xD3, 0xB5, 0xDF, 0xEF, 0x1D, 0xB8, 0xFD, 0x31, 0xFD, 0x84, 0x74,
    0x3D, 0x4B, 0xC3, 0x5F, 0xB2, 0x8F, 0x80, 0xF4, 0xBD, 0x5F, 0xC3, 0x97, 0x1E, 0x13, 0xD4, 0xAD,
    0x23, 0xBB, 0x8A, 0x7D, 0x2E, 0xEE, 0xDE, 0x7B, 0x79, 0x91, 0x85, 0xE4, 0xFF, 0x00, 0xBC, 0x78,
    0xE7, 0x25, 0xD5, 0xA5, 0x18, 0x94, 0xF4, 0x5C, 0xC9, 0x94, 0x55, 0x4D, 0xAA, 0x3E, 0xDF, 0x8A,
    0xB0, 0xB3, 0xC2, 0x65, 0x34, 0xE0, 0xA0, 0xE9, 0x45, 0xD4, 0x4D, 0xC2, 0x50, 0x94, 0x64, 0xDF,
    0x2B, 0xF7, 0x93, 0x9D, 0x7A, 0xCD, 0xAD, 0xFE, 0x1B, 0x2B, 0xB5, 0xCD, 0xAD, 0x89, 0x5B, 0x9E,
    0xF9, 0x45, 0x14, 0x57, 0xE4, 0x25, 0x85, 0x14, 0x51, 0x40, 0x05, 0x14, 0x51, 0x40, 0x05, 0x14,
    0x51, 0x40, 0x1F, 0x99, 0x1F, 0x02, 0x35, 0x1F, 0x8B, 0x1F, 0xB7, 0xB6, 0x97, 0xA8, 0x6A, 0x97,
    0x9F, 0xB4, 0x94, 0xFF, 0x00, 0x0F, 0xB5, 0xBD, 0x3F, 0x50, 0xBA, 0x36, 0xFE, 0x13, 0xF0, 0xED,
    0xB0, 0xB7, 0x91, 0x6D, 0x19, 0x6D, 0xDF, 0xCF, 0x0B, 0x05, 0xD4, 0x32, 0xC9, 0x02, 0xB4, 0xA2,
    0x25, 0x69, 0xBC, 0xC2, 0xA5, 0x0F, 0xCE, 0x59, 0xDB, 0x3D, 0x6F, 0xC0, 0xBF, 0x1F, 0xF8, 0xEB,
    0xE0, 0xB7, 0xED, 0x9B, 0xE1, 0xDF, 0x82, 0x92, 0xFC, 0x66, 0x6F, 0x8C, 0x9E, 0x1A, 0xD6, 0x2D,
    0x6F, 0x27, 0xD4, 0xEE, 0x75, 0x02, 0x2E, 0x26, 0xD3, 0xEF, 0xA3, 0x8A, 0xE7, 0x75, 0xBA, 0xC8,
    0xD3, 0xCD, 0x2C, 0x72, 0xC6, 0x6C, 0x53, 0x74, 0x4C, 0xFB, 0x00, 0x9D, 0xFF, 0x00, 0x76, 0x1C,
    0xEF, 0xAC, 0xDF, 0x81, 0x5E, 0x36, 0xF8, 0x8F, 0xF1, 0xEF, 0xE3, 0x47, 0x8C, 0xBE, 0x2B, 0xFC,
    0x0F, 0xF8, 0x55, 0xF0, 0xEF, 0xC2, 0x5A, 0x54, 0x82, 0xE3, 0x46, 0x3E, 0x21, 0xF1, 0x23, 0xDD,
    0x45, 0x35, 0xD6, 0x64, 0x82, 0xE6, 0x44, 0xB9, 0x86, 0xD2, 0xE3, 0x6B, 0xDC, 0xCA, 0xD2, 0xA4,
    0xC6, 0x5F, 0x20, 0xE0, 0x7E, 0xEC, 0xCC, 0xFB, 0x06, 0xED, 0xAF, 0xD9, 0xCF, 0xC7, 0x9E, 0x23,
    0xF8, 0x47, 0xFB, 0x63, 0x5E, 0x7C, 0x37, 0xF1, 0xD7, 0xC2, 0x1F, 0x07, 0x68, 0x1E, 0x30, 0xF1,
    0xCC, 0xF7, 0xDA, 0xCB, 0x78, 0xA7, 0xC3, 0xF7, 0x52, 0xBC, 0xD2, 0xC4, 0xFF, 0x00, 0x6A, 0x9A,
    0x59, 0x83, 0x4D, 0x2C, 0xEE, 0xD0, 0x4F, 0x2D, 0x90, 0x2B, 0x06, 0xEB, 0x71, 0x19, 0x05, 0x8C,
    0x79, 0x38, 0x1F, 0xB4, 0xE3, 0xF9, 0xAD, 0x89, 0xA0, 0xE9, 0x53, 0xE4, 0x8D, 0x39, 0x35, 0x45,
    0x7B, 0x1E, 0x7A, 0x72, 0xE5, 0xD5, 0xF3, 0x28, 0xF3, 0x3F, 0x67, 0xAC, 0x9D, 0xA5, 0xCE, 0xED,
    0x69, 0x75, 0x20, 0xFD, 0x02, 0xAF, 0x9C, 0xFF, 0x00, 0x69, 0xB3, 0xF1, 0x4B, 0xE1, 0xFF, 0x00,
    0x86, 0xFC, 0x5B, 0xE3, 0xDF, 0x0E, 0xFC, 0x46, 0xBF, 0x83, 0x46, 0xB1, 0x8A, 0x29, 0x2D, 0xFC,
    0x33, 0xA7, 0x78, 0x5A, 0xD6, 0xF6, 0x48, 0xB3, 0xE5, 0xC4, 0xCC, 0xD3, 0x3B, 0x6E, 0xF2, 0x83,
    0x96, 0x9A, 0x49, 0x08, 0x3E, 0x5C, 0x7B, 0xC8, 0x0C, 0x10, 0x03, 0xF4, 0x65, 0x62, 0xF8, 0xDA,
    0xE3, 0x43, 0xB4, 0xF0, 0x66, 0xBF, 0x3F, 0x89, 0xE1, 0xB7, 0xB8, 0xF0, 0xD4, 0x5A, 0x7D, 0xC3,
    0xEA, 0x90, 0xDD, 0xDB, 0xFD, 0xA2, 0x17, 0xB4, 0x11, 0xB1, 0x99, 0x5E, 0x2D, 0xAD, 0xE6, 0x29,
    0x4D, 0xC0, 0xA6, 0x0E, 0x46, 0x46, 0x0E, 0x71, 0x5F, 0x87, 0x57, 0xA4, 0xAA, 0xD3, 0x71, 0x93,
    0x6B, 0xCD, 0x36, 0xBF, 0x26, 0xBF, 0xC8, 0xF5, 0x72, 0xFC, 0x54, 0xF0, 0x78, 0x88, 0xD4, 0x84,
    0x23, 0x3B, 0xE9, 0x69, 0x46, 0x33, 0xBA, 0xBA, 0xD1, 0x29, 0x46, 0x49, 0x37, 0xB5, 0xD2, 0xBF,
    0x63, 0xE3, 0x6F, 0x85, 0x5F, 0x14, 0x3C, 0x77, 0xE3, 0x6F, 0x08, 0x41, 0xAC, 0xF8, 0x8F, 0xF6,
    0xA3, 0xF0, 0x87, 0x84, 0xAE, 0xEE, 0x5C, 0xF9, 0x5A, 0x64, 0x9A, 0x76, 0x9E, 0xD3, 0xA2, 0x00,
    0x01, 0xF3, 0x92, 0x75, 0x81, 0xA3, 0x90, 0x38, 0x91, 0x76, 0x85, 0x75, 0x2A, 0xAA, 0xEB, 0x23,
    0x87, 0x18, 0xD8, 0xFD, 0x96, 0x7E, 0x3A, 0xF8, 0xEF, 0xC7, 0x3F, 0xB4, 0xA7, 0x8A, 0x3C, 0x1D,
    0xAD, 0x78, 0xF2, 0xD3, 0xC6, 0xFE, 0x17, 0xD3, 0x34, 0xCB, 0xE7, 0xB5, 0xBD, 0xB4, 0xD3, 0xE2,
    0xB6, 0x4B, 0xA9, 0x22, 0xBA, 0xB5, 0x8D, 0x26, 0x4D, 0xB0, 0xA3, 0x15, 0xC4, 0x92, 0x8C, 0x82,
    0xD1, 0x92, 0x72, 0xAD, 0x22, 0xEC, 0x90, 0xF6, 0x1E, 0x0F, 0xF8, 0x01, 0xFB, 0x38, 0x7C, 0x7C,
    0x8F, 0x54, 0xF1, 0x4F, 0x86, 0x7C, 0x3E, 0x2F, 0x6D, 0x9A, 0xE4, 0x59, 0xDC, 0x1D, 0x3E, 0xEB,
    0x51, 0xD2, 0xED, 0xE3, 0x95, 0x22, 0x8F, 0xE5, 0x8E, 0xD9, 0x5E, 0x24, 0x8F, 0xE4, 0x68, 0xC9,
    0x31, 0xA0, 0x04, 0xB1, 0x24, 0x96, 0x2C, 0x6B, 0xA5, 0xFD, 0x9E, 0x3E, 0x22, 0x7C, 0x0B, 0xD4,
    0x35, 0x03, 0xE1, 0x8F, 0x85, 0x06, 0xC6, 0x1B, 0xF1, 0xA6, 0xA4, 0xF3, 0x2D, 0xB6, 0x95, 0x71,
    0x04, 0xF7, 0x16, 0xD0, 0x14, 0x8D, 0x5E, 0x69, 0xE5, 0x8D, 0x5A, 0x66, 0x53, 0x3A, 0xF3, 0x23,
    0xB3, 0x93, 0x23, 0x1E, 0x49, 0x63, 0x5E, 0x16, 0x1E, 0x8D, 0x48, 0xD4, 0xA5, 0x29, 0x56, 0x56,
    0xE9, 0xEF, 0xC9, 0xF3, 0xE9, 0xD9, 0xBB, 0x79, 0xE9, 0x73, 0xF4, 0x1C, 0xC7, 0x19, 0x86, 0xA9,
    0x86, 0xC5, 0xD3, 0xA7, 0x82, 0x97, 0x32, 0x56, 0x69, 0xD0, 0xA5, 0x0F, 0x62, 0xDC, 0x93, 0x57,
    0x9C, 0x22, 0xA5, 0xB2, 0x71, 0xF7, 0xB9, 0x6F, 0x73, 0xDD, 0xAB, 0xE5, 0xDF, 0xF8, 0x28, 0x97,
    0xC7, 0x7F, 0x18, 0x7E, 0xCF, 0xDF, 0x03, 0x34, 0xDD, 0x6B, 0xC1, 0x17, 0xF0, 0x69, 0x7A, 0xCE,
    0xA5, 0xAF, 0x5B, 0xE9, 0x86, 0xF6, 0x5B, 0x64, 0x9D, 0xE2, 0x88, 0xC1, 0x3C, 0xED, 0xE5, 0x2C,
    0x80, 0xA6, 0xF6, 0x36, 0xEA, 0x99, 0x65, 0x61, 0xB5, 0x9F, 0x00, 0x36, 0xD6, 0x5F, 0xA8, 0xAB,
    0xE7, 0xAF, 0xDB, 0xAF, 0xE3, 0x56, 0x8D, 0xF0, 0x3F, 0xE0, 0x0D, 0xF6, 0xA5, 0xAC, 0xF8, 0x52,
    0xC7, 0xC6, 0x83, 0x54, 0xBB, 0x8F, 0x4C, 0xB3, 0xD2, 0x75, 0x7B, 0x74, 0xB8, 0xB0, 0x6B, 0x92,
    0xAF, 0x3C, 0x72, 0x5C, 0xC6, 0xDF, 0x7A, 0x34, 0xFB, 0x39, 0x7D, 0xAA, 0x37, 0x33, 0x2A, 0x00,
    0x53, 0x3B, 0xD3, 0xF4, 0x1C, 0x8E, 0x1E, 0xD3, 0x33, 0xC3, 0xC1, 0xD2, 0xF6, 0xB7, 0x9A, 0xF7,
    0x1D, 0x92, 0x96, 0xBB, 0x5D, 0xE9, 0xF7, 0xE9, 0xDF, 0x43, 0xF2, 0xB7, 0xB1, 0xF0, 0x57, 0x8A,
    0x97, 0xC7, 0xF0, 0x7C, 0x7A, 0xF0, 0x77, 0x85, 0x75, 0x9F, 0xDA, 0xCE, 0xFA, 0x2D, 0x27, 0xC6,
    0x1A, 0x4B, 0xEB, 0x97, 0xBE, 0x31, 0xD2, 0x7C, 0x41, 0x34, 0x7A, 0x35, 0x84, 0xE5, 0xAF, 0x04,
    0xB0, 0x40, 0x52, 0xEA, 0x38, 0x9A, 0x31, 0x35, 0xA1, 0x89, 0x4A, 0xF9, 0x40, 0x17, 0x00, 0x46,
    0xA5, 0x76, 0x57, 0xDB, 0x3F, 0xF0, 0x4F, 0xFF, 0x00, 0x8F, 0x1E, 0x30, 0xF8, 0xEB, 0xF0, 0xC7,
    0xC4, 0x53, 0xF8, 0xC6, 0xEE, 0x1F, 0x10, 0x5D, 0xE8, 0x7A, 0xDC, 0xDA, 0x6C, 0x1E, 0x28, 0xB3,
    0xB7, 0x4B, 0x7B, 0x7D, 0x4E, 0x3D, 0x89, 0x20, 0xC4, 0x78, 0x47, 0x0C, 0xA1, 0xC1, 0xCB, 0x41,
    0x08, 0x31, 0xC9, 0x0F, 0x0C, 0xE2, 0x5D, 0xBF, 0x27, 0x7C, 0x68, 0xF0, 0xDF, 0x85, 0xAF, 0xEF,
    0x3E, 0x19, 0xFC, 0x1D, 0xD3, 0xBE, 0x01, 0xF8, 0x77, 0x58, 0xF8, 0xE9, 0x17, 0x85, 0xE0, 0xB6,
    0x97, 0x4A, 0xB1, 0xF1, 0x5D, 0xCC, 0x5A, 0x5E, 0x8C, 0x15, 0xA6, 0xBB, 0x36, 0xCE, 0x22, 0xBA,
    0x84, 0xCB, 0x3B, 0xC6, 0x6E, 0x6E, 0x24, 0xF3, 0x25, 0x0C, 0x0C, 0xF1, 0xB7, 0x9D, 0x75, 0xBB,
    0x73, 0x7D, 0xAD, 0xFB, 0x17, 0xFC, 0x60, 0xB2, 0xF8, 0xC1, 0xF0, 0xB3, 0x54, 0x96, 0xC3, 0xE1,
    0xCC, 0x1F, 0x0A, 0xED, 0xF4, 0x0D, 0x72, 0xE7, 0x44, 0x3E, 0x19, 0xB7, 0xC2, 0x8B, 0x79, 0x11,
    0x22, 0x9A, 0x5C, 0xC6, 0x21, 0x87, 0xCA, 0x7F, 0x32, 0x77, 0x0C, 0x85, 0x32, 0x19, 0x58, 0x93,
    0x92, 0x40, 0xFB, 0xFC, 0xFE, 0xB7, 0xD6, 0x72, 0x5A, 0x55, 0x25, 0x87, 0x8A, 0x7A, 0x7B, 0xC9,
    0x51, 0x8D, 0x92, 0x9C, 0xD7, 0x32, 0x50, 0xF7, 0xDC, 0x65, 0xA4, 0x53, 0x69, 0x43, 0xDD, 0xBA,
    0x57, 0xD5, 0xCA, 0xDC, 0xF7, 0xCA, 0xF0, 0xEF, 0xDA, 0x63, 0x53, 0xD4, 0xF4, 0xE3, 0xE1, 0xBF,
    0xEC, 0xEF, 0x8F, 0xBA, 0x1F, 0xC0, 0xED, 0xFF, 0x00, 0x69, 0xF3, 0x06, 0xB3, 0x61, 0x61, 0x73,
    0xFD, 0xA9, 0x8F, 0x2B, 0x1B, 0x3E, 0xD5, 0x22, 0x6D, 0xF2, 0xB2, 0x73, 0xB3, 0x39, 0xF3, 0x86,
    0x71, 0x81, 0x9F, 0x71, 0xAF, 0x92, 0xFF, 0x00, 0x6E, 0xCF, 0x1F, 0xCF, 0xE1, 0xFD, 0x57, 0xE1,
    0xC7, 0x85, 0x34, 0x5F, 0x83, 0xDE, 0x1B, 0xF8, 0xB1, 0xE3, 0x2F, 0x14, 0x4B, 0x79, 0x0E, 0x8C,
    0x3C, 0x47, 0x64, 0x97, 0x91, 0xD8, 0x34, 0x4D, 0x6A, 0x65, 0xC4, 0x2C, 0xA3, 0x2A, 0xF1, 0xB9,
    0x2C, 0xFE, 0x6C, 0x4B, 0x18, 0x88, 0x3B, 0x96, 0x55, 0x20, 0x7C, 0x0E, 0x47, 0x4A, 0x55, 0xB3,
    0x0A, 0x70, 0x8A, 0x4F, 0x7D, 0xD4, 0x1A, 0xB2, 0x8B, 0x6D, 0xB5, 0x52, 0xF0, 0xB2, 0x57, 0x6D,
    0xCB, 0x64, 0xAF, 0xBA, 0x45, 0x33, 0xCB, 0xBE, 0x26, 0x7C, 0x49, 0xF8, 0x81, 0xE0, 0xFF, 0x00,
    0x00, 0x6B, 0xFA, 0xEF, 0x87, 0xBF, 0x6D, 0xAF, 0x04, 0x78, 0xAB, 0x58, 0xD3, 0x6D, 0x1E, 0xEE,
    0x0D, 0x15, 0x74, 0x9D, 0x16, 0x17, 0xBD, 0xD8, 0x37, 0x34, 0x51, 0xB2, 0x3C, 0xAC, 0x64, 0x2A,
    0x1B, 0x62, 0x84, 0x3B, 0x9F, 0x6A, 0xE5, 0x43, 0x6E, 0x1F, 0x4A, 0x7E, 0xC4, 0xDF, 0x12, 0x3C,
    0x49, 0xF1, 0x73, 0xF6, 0x64, 0xF0, 0x77, 0x8B, 0x3C, 0x5D, 0xA8, 0x8D, 0x5B, 0xC4, 0x37, 0xED,
    0x7C, 0x2E, 0x6F, 0x04, 0x31, 0xC3, 0xE6, 0x79, 0x77, 0xD7, 0x11, 0x27, 0xC9, 0x1A, 0xAA, 0x8C,
    0x24, 0x68, 0x38, 0x03, 0xA7, 0x39, 0x39, 0x35, 0xF0, 0x07, 0x89, 0x7E, 0x24, 0xF8, 0xFF, 0x00,
    0xC3, 0x5E, 0x3B, 0xF1, 0x57, 0x83, 0x64, 0xFD, 0x9B, 0xBE, 0x05, 0xCF, 0xE2, 0x0F, 0x0A, 0xE8,
    0x07, 0xC4, 0x7A, 0xDC, 0x30, 0xF8, 0x62, 0x12, 0x96, 0x16, 0x8B, 0x6F, 0x04, 0xF2, 0x96, 0x66,
    0xB9, 0x51, 0x23, 0x46, 0x2E, 0x63, 0x56, 0x58, 0x8B, 0xE5, 0x83, 0x6C, 0xDE, 0x00, 0x63, 0xFA,
    0x4B, 0xFB, 0x36, 0x7C, 0x4D, 0xD1, 0xFE, 0x30, 0xFC, 0x0D, 0xF0, 0x87, 0x8A, 0xF4, 0x0D, 0x0F,
    0xFE, 0x11, 0x9D, 0x26, 0xEE, 0xD0, 0xC1, 0x0E, 0x8C, 0xA1, 0x02, 0x59, 0x79, 0x12, 0x35, 0xBB,
    0x43, 0x1E, 0xC0, 0x17, 0xCB, 0x56, 0x89, 0x82, 0x10, 0x17, 0x28, 0x14, 0xED, 0x43, 0xF2, 0x8F,
    0xB6, 0xE2, 0x6C, 0x3C, 0x68, 0x65, 0xD0, 0x4A, 0x94, 0x1B, 0x73, 0x8B, 0xE7, 0x8A, 0xA3, 0x1B,
    0x29, 0x41, 0xCA, 0x31, 0x6A, 0x9C, 0x62, 0xED, 0x24, 0xF9, 0x93, 0x7A, 0x69, 0xF7, 0x24, 0x7A,
    0x5D, 0x14, 0x51, 0x5F, 0x96, 0x14, 0x14, 0x51, 0x45, 0x00, 0x14, 0x51, 0x45, 0x00, 0x14, 0x51,
    0x45, 0x00, 0x7E, 0x60, 0xCB, 0xE0, 0x0F, 0x87, 0x76, 0x3E, 0x3F, 0xD5, 0xBC, 0x61, 0xE1, 0x0F,
    0x85, 0x7F, 0xB5, 0x2F, 0xC3, 0x6B, 0xFD, 0x4C, 0x32, 0xBD, 0xB7, 0x83, 0xB4, 0x38, 0xB4, 0xF8,
    0x61, 0x8D, 0xCA, 0x33, 0xC5, 0x1E, 0x32, 0xEB, 0x13, 0x3A, 0x2B, 0xF9, 0x7B, 0x8A, 0x02, 0x00,
    0x50, 0xAA, 0xAA, 0xAB, 0xD2, 0xFE, 0xCC, 0x9A, 0xB7, 0xC1, 0x2B, 0x3F, 0xDA, 0xDE, 0xC2, 0xC6,
    0x6D, 0x1B, 0xE3, 0x0D, 0xF7, 0xC6, 0x4B, 0xC2, 0xFE, 0x46, 0xA3, 0xF1, 0x35, 0xE2, 0x59, 0xEC,
    0x4A, 0x69, 0xF3, 0x16, 0xF3, 0x02, 0x4A, 0xAE, 0xDB, 0xED, 0x8E, 0xD1, 0xE6, 0xA4, 0x98, 0x02,
    0x3D, 0xBB, 0x07, 0x35, 0xD8, 0x2F, 0xC2, 0xCF, 0xDB, 0xDC, 0x28, 0x07, 0xE2, 0xF7, 0x80, 0x49,
    0xEE, 0x7C, 0xB8, 0xFF, 0x00, 0xF9, 0x53, 0x54, 0x3E, 0x1E, 0x7C, 0x2F, 0xD6, 0xB4, 0x5F, 0xDB,
    0x2F, 0xE1, 0x96, 0xB1, 0xF1, 0xA3, 0xE3, 0x46, 0x9F, 0xAE, 0xFC, 0x68, 0x8B, 0x49, 0xB9, 0xFB,
    0x37, 0x86, 0x34, 0xCF, 0x0E, 0xC9, 0xF6, 0x79, 0xAC, 0x4C, 0x5A, 0x82, 0x46, 0x12, 0xFA, 0x38,
    0xE1, 0x8C, 0x60, 0x1B, 0x89, 0x0E, 0xF8, 0x83, 0x65, 0x4A, 0x72, 0x36, 0x31, 0xFD, 0xA2, 0x79,
    0x9E, 0x1B, 0x15, 0x84, 0xAF, 0x47, 0xEB, 0x2A, 0x6D, 0xD3, 0x97, 0xC1, 0x2A, 0xEE, 0x4E, 0xD1,
    0xBA, 0x52, 0xE6, 0xA3, 0x14, 0xE3, 0xA7, 0xBD, 0x79, 0x24, 0xA3, 0xAB, 0xBA, 0x56, 0x71, 0x63,
    0xEF, 0x8A, 0xE2, 0x7E, 0x33, 0x78, 0xEF, 0x58, 0xF8, 0x69, 0xF0, 0xE3, 0x54, 0xF1, 0x16, 0x81,
    0xE1, 0x4B, 0xCF, 0x1B, 0xEA, 0xD6, 0xB2, 0x5B, 0x24, 0x3A, 0x1D, 0x81, 0x71, 0x35, 0xC0, 0x92,
    0xE2, 0x38, 0x9D, 0x81, 0x48, 0xE4, 0x6C, 0x22, 0xC8, 0xD2, 0x1C, 0x21, 0xE1, 0x0F, 0x41, 0xC8,
    0xED, 0xAB, 0x9C, 0xF8, 0x83, 0xF1, 0x0B, 0xC3, 0xFF, 0x00, 0x0A, 0xFC, 0x25, 0x79, 0xE2, 0x6F,
    0x14, 0x5F, 0xFF, 0x00, 0x66, 0x68, 0x96, 0x6F, 0x0C, 0x73, 0xDD, 0x79, 0x32, 0x4D, 0xB1, 0xA5,
    0x95, 0x21, 0x8C, 0x6C, 0x8D, 0x59, 0x8E, 0x5E, 0x44, 0x5E, 0x01, 0xC6, 0x72, 0x70, 0x01, 0x35,
    0xF8, 0xA4, 0xDD, 0xA2, 0xDD, 0xED, 0xE7, 0xD8, 0xE9, 0xA2, 0xAF, 0x56, 0x2B, 0x97, 0x9B, 0x55,
    0xA6, 0xBA, 0xF9, 0x69, 0xAE, 0xBB, 0x69, 0xA9, 0xE4, 0xFE, 0x0D, 0xFD, 0xB6, 0xFE, 0x17, 0x78,
    0xA7, 0x55, 0x9B, 0x4A, 0xD4, 0x75, 0x0B, 0xDF, 0x06, 0x6A, 0xD1, 0x5E, 0x4D, 0x66, 0xF6, 0x7E,
    0x26, 0xB6, 0xFB, 0x37, 0x96, 0xF1, 0x21, 0x67, 0x32, 0x4A, 0xA5, 0xE2, 0x87, 0x05, 0x5D, 0x36,
    0xCA, 0xE8, 0xDB, 0xD0, 0xAE, 0xDC, 0x95, 0xDD, 0xEE, 0x3A, 0x56, 0xAB, 0x65, 0xAE, 0xE9, 0x76,
    0x7A, 0x96, 0x9B, 0x79, 0x6F, 0xA8, 0x69, 0xD7, 0x90, 0xA5, 0xC5, 0xB5, 0xE5, 0xA4, 0xAB, 0x2C,
    0x33, 0xC4, 0xEA, 0x19, 0x24, 0x47, 0x52, 0x43, 0x2B, 0x29, 0x04, 0x10, 0x70, 0x41, 0x04, 0x57,
    0x9D, 0xFF, 0x00, 0xC5, 0xA7, 0xFD, 0xA5, 0xB4, 0x70, 0x7F, 0xE2, 0x9E, 0xF1, 0xC4, 0x50, 0x5A,
    0xFF, 0x00, 0xB1, 0x25, 0xDE, 0x9F, 0x1D, 0xCA, 0xFE, 0x13, 0x5A, 0xBB, 0x08, 0xFF, 0x00, 0xD8,
    0x70, 0x63, 0xEC, 0xC9, 0xC7, 0x90, 0x1F, 0xD8, 0x86, 0xF7, 0xE1, 0x9E, 0xB7, 0x7D, 0xE2, 0x1F,
    0x83, 0x3F, 0x10, 0x75, 0x3F, 0x06, 0xEA, 0xB7, 0x02, 0x79, 0x25, 0xD3, 0xF5, 0x04, 0x4B, 0x9B,
    0x4B, 0xA6, 0x01, 0xFE, 0xCD, 0x0B, 0x90, 0x07, 0xEE, 0xE3, 0xF3, 0x65, 0x50, 0xD3, 0x25, 0xC3,
    0x2E, 0xF0, 0xC3, 0xE6, 0x52, 0x5B, 0xCF, 0x8D, 0x4C, 0x4C, 0x17, 0x35, 0x95, 0x48, 0xF7, 0x8E,
    0x8F, 0xEE, 0x6E, 0xCF, 0xEF, 0x5E, 0x87, 0xD2, 0xD4, 0xC2, 0xE5, 0x55, 0xE6, 0xE9, 0xF3, 0x4F,
    0x0D, 0x51, 0x6F, 0x1A, 0x89, 0xCA, 0x37, 0xFF, 0x00, 0x14, 0x52, 0x9C, 0x7D, 0x1C, 0x25, 0xEA,
    0x7D, 0x5B, 0x5F, 0x3D, 0x7E, 0xDD, 0x5A, 0xEF, 0xC2, 0xBD, 0x13, 0xE0, 0x1D, 0xE2, 0xFC, 0x5C,
    0xD3, 0xEF, 0xF5, 0x2D, 0x06, 0xFA, 0xF2, 0x2B, 0x3B, 0x28, 0xF4, 0x88, 0x15, 0xEF, 0xE3, 0xBD,
    0x65, 0x72, 0x92, 0xDB, 0x3B, 0x90, 0x91, 0xC8, 0x91, 0xAC, 0xCF, 0xB9, 0xD8, 0x29, 0x55, 0x74,
    0x21, 0xC3, 0xF9, 0x6F, 0xEA, 0xFF, 0x00, 0x09, 0xED, 0x7C, 0x6B, 0x63, 0xF0, 0xFB, 0x48, 0xB7,
    0xF8, 0x87, 0x77, 0xA5, 0x6A, 0x1E, 0x30, 0x85, 0x64, 0x8E, 0xF6, 0xEF, 0x45, 0x0E, 0x2D, 0xA7,
    0x02, 0x47, 0x11, 0x38, 0xDC, 0xA8, 0x77, 0xB4, 0x5E, 0x59, 0x7C, 0x2A, 0xAE, 0xF2, 0xFB, 0x54,
    0x2E, 0x05, 0x7C, 0x5B, 0xFB, 0x58, 0x7E, 0xD1, 0xDF, 0xB3, 0x47, 0xED, 0x55, 0xF0, 0xB6, 0x0F,
    0x09, 0x5C, 0xFC, 0x5C, 0xBC, 0xF0, 0xF4, 0xB6, 0xDA, 0x84, 0x5A, 0x9D, 0xAD, 0xF4, 0x3E, 0x17,
    0xD4, 0xAE, 0x10, 0x48, 0xA9, 0x24, 0x65, 0x64, 0x8C, 0xC0, 0xA5, 0xD4, 0xC7, 0x34, 0x83, 0x87,
    0x52, 0x1B, 0x69, 0xC9, 0x00, 0xAB, 0x7D, 0xBF, 0x0E, 0xE1, 0x6A, 0xE2, 0x73, 0x0A, 0x35, 0x14,
    0x2A, 0x72, 0x46, 0x51, 0x72, 0x74, 0xD4, 0x9C, 0xA2, 0xAF, 0xBF, 0xBA, 0x9B, 0x4F, 0x4E, 0x9A,
    0xF6, 0xB9, 0xF2, 0xB5, 0x12, 0x83, 0x71, 0xBD, 0xFF, 0x00, 0x23, 0x8D, 0x87, 0xC2, 0x9F, 0xB3,
    0xBF, 0xC0, 0xFF, 0x00, 0x0A, 0xDA, 0xDD, 0x6B, 0xBA, 0x2F, 0xC5, 0x3D, 0x5F, 0xC6, 0xFF, 0x00,
    0x10, 0xF4, 0x89, 0xFC, 0x2F, 0xA7, 0x78, 0x6B, 0xC4, 0x16, 0xB6, 0xD3, 0x78, 0x9F, 0x49, 0xB2,
    0x64, 0x97, 0x4E, 0x12, 0x43, 0x6C, 0x42, 0x24, 0x3E, 0x62, 0x22, 0xC3, 0x09, 0x6D, 0xEC, 0xC9,
    0xB5, 0x23, 0x5D, 0x9E, 0x72, 0xD7, 0xD3, 0x5F, 0xF0, 0x4F, 0x71, 0xF0, 0xB0, 0x7C, 0x01, 0x6F,
    0xF8, 0x54, 0xCD, 0xAE, 0xB6, 0x8B, 0xFD, 0xAF, 0x72, 0x6F, 0xCF, 0x89, 0x76, 0x7D, 0xBF, 0xED,
    0x9B, 0x63, 0xCF, 0x99, 0xE5, 0xFE, 0xE7, 0x1E, 0x4F, 0xD9, 0xF6, 0xF9, 0x3F, 0x2E, 0xDD, 0xBB,
    0xBF, 0x79, 0xE6, 0x57, 0xC5, 0xDF, 0x08, 0xBE, 0x2C, 0x78, 0x30, 0xFC, 0x4B, 0xD5, 0xFE, 0x2A,
    0x7C, 0x56, 0xFD, 0xA3, 0x2D, 0x75, 0x4F, 0x89, 0x4B, 0xA4, 0xDD, 0x69, 0x7A, 0x0D, 0xDE, 0x99,
    0xE1, 0x6D, 0x5A, 0xE6, 0x0D, 0x22, 0x57, 0x80, 0x45, 0x0D, 0xDA, 0xAB, 0x5A, 0x41, 0x1B, 0x04,
    0x12, 0x5C, 0x83, 0x6D, 0xE4, 0xF9, 0x6C, 0x64, 0x32, 0x16, 0xDE, 0xC4, 0x8F, 0xB4, 0xBF, 0x60,
    0x1D, 0x27, 0xC1, 0x7A, 0x57, 0xC1, 0xAD, 0x60, 0xF8, 0x33, 0xE2, 0x06, 0xA1, 0xF1, 0x30, 0x5D,
    0xF8, 0x86, 0xEA, 0xEF, 0x57, 0xF1, 0x0E, 0xA5, 0x63, 0x3D, 0x9C, 0x93, 0x5F, 0xBC, 0x70, 0x97,
    0x1E, 0x5C, 0xE3, 0xCC, 0xFF, 0x00, 0x57, 0xE4, 0xB3, 0x33, 0x33, 0x96, 0x76, 0x76, 0xDD, 0xCE,
    0xD5, 0xFB, 0x6E, 0x23, 0xA1, 0x3A, 0x58, 0x09, 0xBA, 0xD2, 0xAB, 0x29, 0xDE, 0x17, 0x93, 0x55,
    0x14, 0x24, 0xFD, 0xEF, 0x75, 0x29, 0x53, 0x8A, 0xE5, 0x84, 0x6C, 0xA2, 0xDB, 0x4D, 0xC9, 0xBB,
    0x46, 0xC6, 0x68, 0xFA, 0x5E, 0xBE, 0x42, 0xFF, 0x00, 0x82, 0x82, 0x0F, 0x85, 0x8C, 0xDF, 0x0B,
    0xC7, 0x8E, 0x4F, 0x8E, 0x47, 0x8B, 0x7F, 0xB5, 0xA5, 0xFF, 0x00, 0x84, 0x5C, 0xFC, 0x3C, 0xDB,
    0xFD, 0xA9, 0xE6, 0xFE, 0xEB, 0xCC, 0xD9, 0xE6, 0x7E, 0xEF, 0xFD, 0x6F, 0xD9, 0x36, 0xE3, 0xF7,
    0xBB, 0xFC, 0xBF, 0x2F, 0x8F, 0x32, 0xBE, 0xBD, 0xAF, 0x9E, 0xBF, 0x6B, 0x6F, 0xD9, 0xDF, 0xC5,
    0x7F, 0x19, 0x07, 0x83, 0x3C, 0x51, 0xF0, 0xEF, 0xC5, 0x83, 0xC2, 0x5F, 0x11, 0x3C, 0x19, 0x79,
    0x25, 0xC6, 0x93, 0x73, 0x72, 0xE5, 0x2D, 0x25, 0x49, 0xCC, 0x4B, 0x3A, 0x4A, 0x55, 0x1D, 0x87,
    0xCB, 0x10, 0xC0, 0xDA, 0xE8, 0xE3, 0x7C, 0x6E, 0x85, 0x64, 0xDC, 0x9F, 0x09, 0x90, 0xD6, 0xA3,
    0x87, 0xCC, 0x69, 0x54, 0xC4, 0x54, 0x74, 0xE2, 0xAF, 0xAA, 0x6D, 0x6B, 0xCA, 0xED, 0x76, 0x94,
    0x9F, 0x2B, 0x76, 0x52, 0xB2, 0x7E, 0xEB, 0x7A, 0x14, 0xF6, 0x3E, 0x14, 0xF8, 0xD5, 0x79, 0xE1,
    0xCF, 0x1F, 0x7C, 0x53, 0xF1, 0xF7, 0xC4, 0x5F, 0x89, 0xFF, 0x00, 0x08, 0x7E, 0x39, 0x7C, 0x3F,
    0xF0, 0xBE, 0xAD, 0x0C, 0x56, 0xD7, 0x3A, 0xB6, 0x98, 0xD1, 0x47, 0x14, 0xD1, 0xC6, 0xF6, 0xB1,
    0x5B, 0x47, 0x3C, 0x17, 0x36, 0x49, 0x1C, 0x6A, 0xE6, 0x08, 0x1C, 0x86, 0xB8, 0x90, 0x09, 0x96,
    0x30, 0xBB, 0xB8, 0x65, 0xFD, 0x2D, 0xFD, 0x9F, 0x75, 0x2F, 0x87, 0xDA, 0xB7, 0xC1, 0xEF, 0x0E,
    0x4F, 0xF0, 0xAD, 0x21, 0x8F, 0xC0, 0x49, 0x1C, 0xB6, 0xFA, 0x60, 0x82, 0xDA, 0x68, 0x17, 0x11,
    0xCC, 0xF1, 0xCA, 0x4A, 0xCC, 0xAB, 0x21, 0x63, 0x2A, 0x48, 0x59, 0xDC, 0x6E, 0x76, 0x25, 0xC9,
    0x6D, 0xDB, 0x8F, 0x99, 0x7E, 0xD1, 0xDE, 0x0F, 0xF8, 0x91, 0xAC, 0xFE, 0xCA, 0xD6, 0x1A, 0x4D,
    0xCF, 0x8E, 0xB4, 0x9F, 0x0F, 0x5F, 0xDB, 0xE9, 0xD1, 0x8F, 0x88, 0x3E, 0x20, 0x92, 0xCC, 0xDC,
    0xC5, 0x3E, 0x9A, 0xB6, 0x32, 0xAE, 0xA8, 0xD6, 0xF0, 0xAC, 0x05, 0x99, 0x99, 0x8F, 0x98, 0xAA,
    0x8B, 0x11, 0x21, 0x70, 0x1A, 0x3C, 0xE2, 0xBA, 0x7F, 0xD8, 0xD7, 0x47, 0xF0, 0x8E, 0x81, 0xFB,
    0x35, 0x78, 0x2F, 0x4F, 0xF0, 0x2F, 0x88, 0xAE, 0x3C, 0x59, 0xE1, 0x98, 0x63, 0xB9, 0x10, 0xEB,
    0x37, 0x36, 0x8F, 0x6A, 0xF7, 0x52, 0x9B, 0xA9, 0x8D, 0xC3, 0x08, 0x5D, 0x55, 0xA3, 0x51, 0x39,
    0x94, 0x2A, 0xB0, 0x24, 0x28, 0x51, 0xB9, 0xFE, 0xF1, 0xFA, 0x1C, 0xE7, 0x1F, 0x4F, 0x30, 0xCA,
    0x69, 0x4A, 0x2D, 0xA7, 0x4E, 0x6A, 0x2A, 0x2A, 0x52, 0x94, 0x14, 0x54, 0x6C, 0x9B, 0x72, 0x56,
    0x52, 0xF7, 0x52, 0x8F, 0xBC, 0xDB, 0x8D, 0xF4, 0x49, 0x21, 0x2D, 0xCF, 0x69, 0xA2, 0x8A, 0x2B,
    0xF3, 0xF2, 0x82, 0x8A, 0x28, 0xA0, 0x02, 0x8A, 0x28, 0xA0, 0x02, 0x8A, 0x28, 0xA0, 0x0F, 0x9A,
    0xD7, 0xFE, 0x09, 0xC5, 0xFB, 0x3B, 0x2A, 0x80, 0x3E, 0x1E, 0x70, 0x06, 0x07, 0xFC, 0x4E, 0xB5,
    0x1F, 0xFE, 0x48, 0xAF, 0x9E, 0xBE, 0x28, 0xFF, 0x00, 0xC1, 0x33, 0x74, 0xAD, 0x7B, 0xF6, 0x98,
    0xF0, 0xBD, 0x87, 0x85, 0xFC, 0x2F, 0x7D, 0xE1, 0xDF, 0x83, 0x53, 0x69, 0x1F, 0xF1, 0x39, 0xD4,
    0xF4, 0xCD, 0x5A, 0x37, 0xB8, 0x86, 0xF4, 0x7D, 0xAD, 0x86, 0xD1, 0x74, 0xF2, 0xC8, 0x77, 0x11,
    0x68, 0xA7, 0x08, 0xCB, 0x86, 0x38, 0xC1, 0xDC, 0x47, 0x33, 0xFF, 0x00, 0x04, 0xE4, 0xFF, 0x00,
    0x85, 0xF3, 0xFF, 0x00, 0x0A, 0x47, 0x5B, 0xFF, 0x00, 0x85, 0x59, 0xFF, 0x00, 0x0A, 0xE7, 0xFE,
    0x11, 0xFF, 0x00, 0xF8, 0x48, 0x25, 0xFB, 0x47, 0xFC, 0x25, 0xFF, 0x00, 0x6F, 0xFB, 0x57, 0xDA,
    0xBE, 0xC9, 0x6B, 0xBB, 0x67, 0xD9, 0xFE, 0x5F, 0x2F, 0x67, 0x95, 0x8C, 0xFC, 0xDB, 0xB7, 0xF6,
    0xC5, 0x7B, 0xBF, 0x86, 0x7F, 0x66, 0xCF, 0x8D, 0x5E, 0x25, 0xFD, 0xAF, 0xBC, 0x11, 0xF1, 0x9F,
    0xE2, 0x4D, 0xDF, 0xC3, 0xF5, 0x4F, 0x0F, 0xE9, 0xD3, 0x69, 0x6D, 0x6D, 0xE1, 0x69, 0x6F, 0x43,
    0xB4, 0x4D, 0x0D, 0xE2, 0xA1, 0x55, 0x9E, 0x33, 0x96, 0xF3, 0x2E, 0xCE, 0x7E, 0x70, 0x36, 0xAF,
    0x03, 0x23, 0x9F, 0xD8, 0xEA, 0xE2, 0xF3, 0x8C, 0x8F, 0x19, 0x88, 0xA5, 0x3C, 0xDB, 0x99, 0x42,
    0x33, 0x4B, 0x9A, 0x73, 0x6D, 0xBE, 0x56, 0x95, 0xA1, 0xCD, 0xA4, 0xAF, 0xF0, 0xBB, 0xB5, 0x17,
    0x66, 0xEF, 0x62, 0x34, 0x7D, 0x0D, 0xBF, 0xF8, 0x26, 0xB4, 0x9F, 0x10, 0x20, 0xFD, 0x9D, 0xA5,
    0xD2, 0xBE, 0x21, 0x58, 0x6B, 0xFA, 0x5D, 0xDE, 0x91, 0xAB, 0xC9, 0x61, 0xA5, 0x5A, 0x78, 0x8F,
    0x4F, 0x96, 0xCE, 0xE2, 0x2B, 0x05, 0xB7, 0xB7, 0x68, 0xD1, 0x16, 0x54, 0x57, 0x68, 0x95, 0xDE,
    0x65, 0x52, 0x72, 0x00, 0x5D, 0x8A, 0x42, 0xA0, 0x55, 0xFA, 0x8F, 0x55, 0xD2, 0xAC, 0xB5, 0xDD,
    0x32, 0xF3, 0x4D, 0xD4, 0xAC, 0xE0, 0xD4, 0x34, 0xEB, 0xC8, 0x5E, 0xDE, 0xE6, 0xD2, 0xEA, 0x25,
    0x96, 0x19, 0xE2, 0x75, 0x2A, 0xF1, 0xBA, 0x30, 0x21, 0x95, 0x94, 0x90, 0x41, 0x18, 0x20, 0x90,
    0x6B, 0x90, 0xF8, 0x41, 0xFF, 0x00, 0x0B, 0x2B, 0xFE, 0x11, 0xBB, 0xAF, 0xF8, 0x5A, 0x7F, 0xF0,
    0x8A, 0x7F, 0xC2, 0x41, 0xF6, 0xB6, 0xFB, 0x3F, 0xFC, 0x22, 0x1F, 0x69, 0xFB, 0x2F, 0xD9, 0xB6,
    0x26, 0xDD, 0xFF, 0x00, 0x68, 0xF9, 0xBC, 0xCD, 0xFE, 0x6E, 0x71, 0xC6, 0xDD, 0x9D, 0xF3, 0x51,
    0xFC, 0x7E, 0x60, 0xBF, 0x02, 0x7E, 0x23, 0x96, 0x20, 0x28, 0xF0, 0xDE, 0xA4, 0x49, 0x3D, 0x00,
    0xFB, 0x2C, 0x95, 0xF9, 0x66, 0x6F, 0x8A, 0x95, 0x7C, 0x5D, 0x7C, 0x4C, 0xD4, 0x6E, 0xDB, 0x93,
    0xE4, 0xF8, 0x6F, 0xBF, 0xBB, 0xE4, 0x75, 0x61, 0xA9, 0x7B, 0x6A, 0xD0, 0xA5, 0x7B, 0x73, 0x34,
    0xAF, 0xDA, 0xEE, 0xC7, 0x03, 0xE3, 0x4F, 0xD8, 0x93, 0xE1, 0x77, 0x8A, 0xF5, 0x58, 0x35, 0x5D,
    0x3F, 0x4F, 0xBD, 0xF0, 0x66, 0xAF, 0x0D, 0xDC, 0x37, 0x89, 0x79, 0xE1, 0x9B, 0x9F, 0xB3, 0x79,
    0x6D, 0x12, 0x80, 0x82, 0x38, 0x98, 0x3C, 0x50, 0xE0, 0xAA, 0x3E, 0xE8, 0x91, 0x1B, 0x7A, 0x06,
    0xDD, 0x92, 0xDB, 0xBC, 0xDE, 0x4F, 0x05, 0xFE, 0xD5, 0x9F, 0x06, 0x0B, 0x43, 0xE1, 0x8F, 0x12,
    0x69, 0x3F, 0x15, 0xB4, 0x75, 0x2D, 0x6B, 0x69, 0x06, 0xB5, 0x83, 0x70, 0x9E, 0x60, 0xF3, 0x5A,
    0xEA, 0x7F, 0x3A, 0x48, 0xA4, 0xC2, 0x48, 0x1E, 0x25, 0x51, 0x79, 0x2F, 0xCB, 0x22, 0xFC, 0x80,
    0x0F, 0xDD, 0x73, 0x1E, 0x08, 0xFD, 0x9F, 0x7E, 0x25, 0xFC, 0x35, 0xF8, 0x63, 0xE1, 0x1F, 0x1E,
    0xFC, 0x14, 0xF1, 0x7D, 0xFD, 0xED, 0xDE, 0xAD, 0x61, 0xA7, 0xEA, 0x5A, 0x8F, 0x84, 0x2F, 0xDA,
    0x03, 0x6B, 0x78, 0xF3, 0x88, 0x64, 0x9D, 0xD7, 0x79, 0x48, 0x71, 0xB5, 0x62, 0x4E, 0x89, 0x30,
    0x89, 0x64, 0xDB, 0x3E, 0xE2, 0xAA, 0x63, 0xFD, 0x98, 0xFC, 0x6F, 0x7B, 0xF1, 0x13, 0xF6, 0xEE,
    0xF1, 0xAE, 0xBD, 0xAB, 0x78, 0x7A, 0x7F, 0x09, 0x6B, 0x17, 0x9E, 0x17, 0x95, 0xAE, 0x34, 0x4B,
    0xC2, 0xFF, 0x00, 0x69, 0xB5, 0x0A, 0xDA, 0x52, 0x27, 0x98, 0x1E, 0x38, 0xDC, 0x6E, 0x54, 0x0E,
    0x37, 0x20, 0xE1, 0x86, 0x32, 0x39, 0x3F, 0x10, 0xA5, 0x4D, 0xCE, 0x9A, 0xF6, 0x4E, 0x9C, 0xE6,
    0xF7, 0x8B, 0xD3, 0x66, 0xEF, 0x74, 0xB9, 0x5E, 0xDB, 0x49, 0x5F, 0xC8, 0xFD, 0x3E, 0x54, 0xF1,
    0x31, 0xA1, 0x88, 0x93, 0xC5, 0x43, 0x13, 0x42, 0x8C, 0x76, 0xA8, 0xAF, 0x2B, 0xA9, 0x28, 0xF2,
    0xD9, 0xBF, 0x69, 0x0D, 0xDB, 0xE6, 0xA7, 0x27, 0x1D, 0x2D, 0x7B, 0xB3, 0xEC, 0xAF, 0x86, 0xFE,
    0x2A, 0xBF, 0xF1, 0xC7, 0x81, 0x74, 0x4D, 0x7B, 0x53, 0xF0, 0xED, 0xFF, 0x00, 0x84, 0xEF, 0xF5,
    0x0B, 0x65, 0x9E, 0x5D, 0x1B, 0x54, 0xDB, 0xF6, 0x8B, 0x62, 0x7B, 0x36, 0x0F, 0x19, 0x18, 0x60,
    0x18, 0x2B, 0x80, 0xC0, 0x3A, 0x46, 0xE1, 0x91, 0x7E, 0x52, 0xFD, 0xB8, 0xFF, 0x00, 0x62, 0x6B,
    0x1F, 0x1F, 0x7C, 0x1B, 0xB3, 0xB5, 0xF8, 0x3F, 0xF0, 0xE7, 0xC2, 0xDA, 0x77, 0x8A, 0x2C, 0xF5,
    0x78, 0x2E, 0xA5, 0x8F, 0x4B, 0xB2, 0xB4, 0xD3, 0x6E, 0x2E, 0x6D, 0x7C, 0xB9, 0x62, 0x78, 0xD2,
    0x5D, 0xA8, 0xA7, 0x0D, 0x2C, 0x72, 0x15, 0x77, 0x50, 0x44, 0x44, 0x8C, 0xB0, 0x55, 0x3F, 0x68,
    0xD7, 0xCB, 0xDF, 0xF0, 0x51, 0x9D, 0x33, 0xE2, 0x3E, 0xB7, 0xFB, 0x38, 0x5C, 0x69, 0xDF, 0x0D,
    0xAC, 0xF5, 0x5D, 0x42, 0xEA, 0xF3, 0x51, 0x86, 0xDF, 0x59, 0xB4, 0xD1, 0x62, 0xF3, 0x6E, 0x66,
    0xD3, 0x9E, 0x39, 0x55, 0xD0, 0x22, 0x83, 0x23, 0x21, 0x94, 0xC0, 0x1D, 0x63, 0x04, 0x94, 0x2D,
    0xBB, 0xF7, 0x7E, 0x65, 0x7E, 0x93, 0xC3, 0xB5, 0xB1, 0x14, 0x73, 0x2C, 0x3A, 0xA1, 0x55, 0x41,
    0xB9, 0x47, 0x59, 0x7C, 0x3B, 0xFD, 0xA5, 0xA2, 0x6B, 0xCB, 0x4F, 0x91, 0xF9, 0x54, 0xDA, 0x93,
    0x6D, 0x2B, 0x2E, 0xC7, 0x9B, 0xE9, 0x5E, 0x15, 0xF1, 0xA4, 0x3A, 0x65, 0x9A, 0x6A, 0x5F, 0xB0,
    0x77, 0xC3, 0xFB, 0xBD, 0x45, 0x61, 0x41, 0x73, 0x71, 0x6B, 0xAB, 0x68, 0x90, 0x45, 0x2C, 0xA1,
    0x46, 0xF6, 0x48, 0xDA, 0x27, 0x28, 0xA5, 0xB2, 0x42, 0x97, 0x62, 0x01, 0x00, 0xB3, 0x63, 0x27,
    0xD2, 0x3F, 0xE0, 0x9F, 0xDF, 0x01, 0xBC, 0x5D, 0xF0, 0x27, 0xE1, 0x8F, 0x88, 0xA0, 0xF1, 0x7D,
    0x9C, 0x3E, 0x1E, 0xBB, 0xD7, 0x35, 0xB9, 0xB5, 0x28, 0x3C, 0x2F, 0x67, 0x70, 0x97, 0x16, 0xDA,
    0x64, 0x7B, 0x56, 0x31, 0x89, 0x32, 0xEE, 0x59, 0xC2, 0x0E, 0x1A, 0x79, 0x80, 0x48, 0xE1, 0xE5,
    0x5C, 0xCB, 0xBB, 0xE1, 0xD5, 0xF1, 0xE7, 0xEC, 0x3B, 0x2F, 0x81, 0xEE, 0x2C, 0xFF, 0x00, 0xE1,
    0x5E, 0xFC, 0x42, 0x8F, 0x52, 0x48, 0x62, 0xB1, 0x4D, 0x4B, 0xED, 0x4B, 0xF6, 0xF9, 0x59, 0xE2,
    0x90, 0x35, 0xEA, 0x8F, 0xB6, 0x9B, 0x6D, 0xC8, 0xC8, 0xA5, 0x95, 0x90, 0x29, 0x69, 0x53, 0x6C,
    0x4C, 0x81, 0xC2, 0x7D, 0x75, 0xFF, 0x00, 0x04, 0xB9, 0xD3, 0x7C, 0x4B, 0xA7, 0x7C, 0x0B, 0xD7,
    0x3F, 0xB4, 0xED, 0x35, 0x3D, 0x2B, 0xC2, 0xF3, 0xEB, 0x72, 0x5C, 0x78, 0x6F, 0x4B, 0xD6, 0x61,
    0x94, 0xCF, 0x0D, 0x9C, 0xB0, 0xC5, 0x37, 0x99, 0x1D, 0xC3, 0x04, 0x49, 0xA0, 0x90, 0xCA, 0x0A,
    0xB4, 0x50, 0xC6, 0xA6, 0x41, 0x3B, 0xF3, 0xE6, 0x6D, 0x4F, 0xBF, 0xE2, 0x1A, 0x75, 0x68, 0xE5,
    0x75, 0x57, 0xB3, 0x95, 0x28, 0xB9, 0xC6, 0xEA, 0x70, 0x9C, 0x5C, 0xAD, 0x7F, 0x83, 0x9F, 0x11,
    0x5A, 0xE9, 0x6E, 0xED, 0x15, 0xA3, 0xDF, 0xA1, 0x9A, 0xDC, 0xFB, 0x26, 0xBE, 0x41, 0xFD, 0xB9,
    0xBF, 0x66, 0xFF, 0x00, 0x12, 0x7E, 0xD0, 0x3F, 0x12, 0x7E, 0x05, 0xB6, 0x9B, 0xE1, 0xC1, 0xAF,
    0x78, 0x57, 0x48, 0xD5, 0xE6, 0x1E, 0x25, 0x63, 0x79, 0x15, 0xBF, 0x93, 0x63, 0x2D, 0xC5, 0x8F,
    0x9A, 0x3E, 0x69, 0x12, 0x43, 0xBA, 0x28, 0xA6, 0xFF, 0x00, 0x55, 0x96, 0x1B, 0x78, 0xC1, 0x2B,
    0x9F, 0xAF, 0xA8, 0xAF, 0xCC, 0x32, 0xEC, 0xC2, 0xB6, 0x57, 0x89, 0x58, 0xAC, 0x3F, 0xC6, 0x94,
    0x92, 0xDF, 0x4E, 0x68, 0xB8, 0xDD, 0x59, 0xA6, 0x9A, 0xBD, 0xD3, 0x4F, 0x47, 0x66, 0x53, 0x57,
    0x3E, 0x4F, 0xF1, 0xDF, 0xFC, 0x13, 0x67, 0xE0, 0xAE, 0xA1, 0xE0, 0x7F, 0x11, 0x5A, 0xF8, 0x57,
    0xC1, 0x50, 0x69, 0xBE, 0x27, 0x9F, 0x4E, 0xB8, 0x8F, 0x4A, 0xBD, 0xBA, 0xD6, 0x75, 0x06, 0x8A,
    0xDE, 0xEC, 0xC4, 0xC2, 0x19, 0x1C, 0x19, 0x9C, 0x15, 0x57, 0x2A, 0x4F, 0xCA, 0xDC, 0x03, 0xF2,
    0x9E, 0x95, 0xB7, 0xFB, 0x1C, 0x7E, 0xC6, 0xFA, 0x27, 0xEC, 0xDB, 0xE1, 0x9B, 0x0D, 0x4F, 0x53,
    0xD3, 0xEC, 0x65, 0xF8, 0x9D, 0x25, 0xAD, 0xD5, 0x8E, 0xA9, 0xAD, 0x69, 0xB7, 0xD7, 0x32, 0xC1,
    0x71, 0x03, 0xDD, 0x19, 0x63, 0x45, 0x49, 0x36, 0xA8, 0xC2, 0x25, 0xB8, 0x24, 0x46, 0xA7, 0x28,
    0x79, 0x39, 0x24, 0xFD, 0x2B, 0x45, 0x7A, 0x75, 0xF8, 0x93, 0x37, 0xC4, 0xE1, 0x25, 0x82, 0xAF,
    0x89, 0x9C, 0xE1, 0x26, 0x9B, 0xE6, 0x94, 0x9B, 0x76, 0x4D, 0x5A, 0xED, 0xED, 0xAD, 0xDA, 0xDA,
    0xE9, 0x3E, 0x81, 0x64, 0x14, 0x51, 0x45, 0x7C, 0xD0, 0xC2, 0x8A, 0x28, 0xA0, 0x02, 0x8A, 0x28,
    0xA0, 0x02, 0xBE, 0x19, 0xFD, 0xB0, 0xBF, 0x6A, 0x0F, 0x1F, 0x7C, 0x35, 0xFD, 0xAB, 0xFE, 0x1B,
    0x7C, 0x3F, 0xF0, 0xF7, 0x8D, 0xF4, 0x2F, 0x01, 0xF8, 0x66, 0xF6, 0xCA, 0xD2, 0xFF, 0x00, 0x52,
    0xD4, 0x35, 0xAD, 0x3C, 0x5C, 0xC0, 0xDE, 0x6D, 0xDC, 0xD1, 0xB7, 0xDA, 0x0E, 0x0B, 0x08, 0x82,
    0xDB, 0x05, 0x5F, 0x2D, 0xA1, 0xE6, 0x57, 0x2F, 0x32, 0x2E, 0x24, 0x8B, 0xEE, 0x6A, 0xC2, 0xF1,
    0x7F, 0x81, 0x3C, 0x35, 0xF1, 0x07, 0x4D, 0x8B, 0x4E, 0xF1, 0x4F, 0x87, 0xB4, 0xAF, 0x12, 0xE9,
    0xF1, 0x4C, 0x2E, 0x23, 0xB4, 0xD6, 0x2C, 0xA2, 0xBB, 0x89, 0x25, 0x0A, 0xCA, 0x1C, 0x24, 0x8A,
    0x40, 0x60, 0xAC, 0xC3, 0x38, 0xCE, 0x18, 0x8E, 0xE6, 0xBD, 0x7C, 0xAB, 0x15, 0x87, 0xC1, 0xE2,
    0x7D, 0xA6, 0x2A, 0x97, 0xB4, 0x85, 0xA4, 0xAD, 0xA6, 0x97, 0x4D, 0x29, 0x2B, 0xA6, 0x9B, 0x8B,
    0x77, 0x57, 0x56, 0xD3, 0xE6, 0x26, 0x7E, 0x5B, 0x78, 0x17, 0xE2, 0x4F, 0x8A, 0xFF, 0x00, 0x69,
    0x9F, 0x12, 0x6B, 0xB7, 0x5E, 0x3B, 0xFD, 0xAC, 0x1B, 0xE0, 0xE7, 0x8A, 0x2C, 0x6E, 0x67, 0xB7,
    0x4D, 0x07, 0x4D, 0x91, 0xED, 0xB4, 0x91, 0x6B, 0x1B, 0xA9, 0x0F, 0x0D, 0xD4, 0x37, 0x71, 0x5B,
    0xCB, 0xFB, 0xC9, 0x9D, 0x14, 0x99, 0x25, 0x95, 0xD2, 0x20, 0xDB, 0xDD, 0x40, 0x23, 0xD0, 0x7F,
    0x65, 0xCF, 0x8E, 0xDE, 0x24, 0xF0, 0x9F, 0xED, 0x73, 0xA0, 0xFC, 0x25, 0xD2, 0xFE, 0x35, 0x5C,
    0xFC, 0x6D, 0xF0, 0x5E, 0xAD, 0x1D, 0xE9, 0xBF, 0xD4, 0xF5, 0x5B, 0x29, 0x83, 0x5B, 0xDE, 0xC5,
    0x0C, 0xEC, 0x56, 0xDE, 0x69, 0xA4, 0x91, 0xDD, 0x54, 0x5A, 0x44, 0x43, 0xA4, 0x8D, 0x03, 0x2C,
    0xEE, 0x55, 0x4B, 0x1D, 0xF5, 0xC7, 0xF8, 0x2B, 0xC6, 0xFF, 0x00, 0x10, 0x3E, 0x3F, 0xD9, 0xEA,
    0x3E, 0x24, 0xF8, 0x49, 0xFB, 0x23, 0x7C, 0x21, 0xBF, 0xF0, 0xA4, 0x17, 0x62, 0xC4, 0x25, 0xF6,
    0x95, 0x61, 0x24, 0xF0, 0x4E, 0xB0, 0xC5, 0x23, 0xA3, 0x49, 0x25, 0xC5, 0xB7, 0x99, 0xFE, 0xB5,
    0x58, 0x15, 0x88, 0x00, 0x1C, 0x2E, 0x49, 0x52, 0x6B, 0xDB, 0x7F, 0x66, 0xCF, 0x0A, 0xFC, 0x6C,
    0xD3, 0xBE, 0x35, 0xF8, 0x6E, 0xE3, 0xC5, 0xDF, 0xB3, 0x3F, 0xC3, 0x1F, 0x87, 0xDE, 0x1D, 0x8C,
    0xDC, 0xFD, 0xAB, 0xC4, 0x7E, 0x1E, 0xD3, 0xB4, 0xF8, 0xAF, 0xAC, 0xF3, 0x6D, 0x28, 0x4F, 0x29,
    0xA2, 0xBD, 0x95, 0xC6, 0xF7, 0x29, 0x19, 0xC2, 0x1F, 0x95, 0xD8, 0x1C, 0x0C, 0x91, 0xFA, 0xDE,
    0x6D, 0x88, 0xC2, 0x61, 0xA8, 0xE2, 0x30, 0xD5, 0x61, 0x08, 0xDA, 0x0D, 0x2A, 0x7F, 0xB8, 0xBC,
    0x25, 0xCB, 0xA6, 0xB1, 0x8F, 0x3F, 0x32, 0x7A, 0xDB, 0x9A, 0xF7, 0xDD, 0xBD, 0x6F, 0x28, 0xFB,
    0xA2, 0xBC, 0xEB, 0xF6, 0x89, 0xF1, 0x0F, 0x89, 0xFC, 0x23, 0xF0, 0x43, 0xC6, 0x7A, 0xEF, 0x83,
    0xA7, 0xB2, 0xB5, 0xD7, 0xB4, 0xBD, 0x3D, 0xEF, 0x63, 0x9E, 0xFE, 0x26, 0x95, 0x23, 0x86, 0x3C,
    0x3D, 0xC3, 0x22, 0x28, 0x3B, 0xA5, 0x10, 0xAC, 0xA6, 0x30, 0x41, 0x53, 0x26, 0xCD, 0xC0, 0xAE,
    0xE1, 0x5E, 0x8B, 0x5F, 0x1F, 0x7E, 0xD5, 0xDF, 0x17, 0x3E, 0x37, 0xF8, 0x2A, 0xE3, 0xC6, 0xF6,
    0xB6, 0xDF, 0x0E, 0x34, 0x3D, 0x4F, 0xE1, 0x20, 0xB5, 0x4B, 0x57, 0xD6, 0xB5, 0x2B, 0xCB, 0x78,
    0x4C, 0xF0, 0xCF, 0x04, 0x69, 0x2A, 0x1C, 0xEA, 0x50, 0xCB, 0xB8, 0xCB, 0x23, 0xC4, 0xAA, 0xB1,
    0x87, 0x63, 0xB4, 0x20, 0x62, 0x54, 0x9F, 0xC0, 0xF1, 0x35, 0x3D, 0x95, 0x27, 0x2B, 0x3F, 0x97,
    0xE6, 0x7B, 0x19, 0x5E, 0x1B, 0xEB, 0x58, 0xB8, 0x42, 0xF1, 0x5A, 0xA7, 0xEF, 0x3D, 0x1E, 0xAB,
    0x4D, 0x77, 0x6F, 0xB7, 0x53, 0xE6, 0x6D, 0x37, 0xE3, 0xBE, 0xBD, 0xF0, 0xF7, 0x49, 0xF0, 0xAF,
    0x8D, 0x74, 0xBF, 0x8B, 0x7E, 0x2E, 0xF1, 0xA6, 0xBF, 0x69, 0x72, 0xB3, 0x5E, 0x78, 0x17, 0x52,
    0x4B, 0xF8, 0xE3, 0x68, 0x55, 0x24, 0xF3, 0xA3, 0x92, 0xE6, 0x59, 0x67, 0x82, 0x50, 0xFB, 0x42,
    0x21, 0xD9, 0xBC, 0x79, 0xC9, 0x20, 0x55, 0x74, 0xC2, 0xFD, 0x1B, 0xFB, 0x14, 0x7C, 0x4B, 0xF1,
    0x4E, 0xA5, 0xF1, 0x2B, 0x5F, 0xF0, 0x32, 0xF8, 0xD7, 0x52, 0xF8, 0x99, 0xE0, 0x2D, 0x2B, 0x49,
    0x17, 0x36, 0xDE, 0x25, 0xD5, 0xEC, 0x2E, 0x23, 0xBA, 0xFB, 0x43, 0x49, 0x13, 0x00, 0xF2, 0x4C,
    0x4C, 0xAB, 0xBC, 0xCD, 0x72, 0xA1, 0x26, 0x66, 0x24, 0x5B, 0x0F, 0x2F, 0x6A, 0x29, 0x5A, 0xF3,
    0x7F, 0x02, 0xD9, 0x7C, 0x59, 0xF1, 0x27, 0x83, 0xB4, 0x3D, 0x4B, 0xC3, 0xBF, 0xB3, 0x47, 0xC3,
    0xBD, 0x47, 0x44, 0xB9, 0x81, 0x45, 0xAD, 0xDD, 0xEE, 0x89, 0x6C, 0x92, 0xBC, 0x4B, 0x95, 0x59,
    0x1F, 0xED, 0x57, 0xEB, 0x33, 0x86, 0xDB, 0x91, 0x23, 0x02, 0x64, 0x04, 0x38, 0x2C, 0x18, 0x31,
    0xF6, 0x3F, 0xD9, 0x4F, 0xE2, 0x47, 0x8A, 0x53, 0xE2, 0xEF, 0x89, 0xFE, 0x1A, 0x6B, 0xFE, 0x0E,
    0xF0, 0x5F, 0x80, 0x4E, 0x99, 0x62, 0x75, 0x3B, 0x9D, 0x23, 0xC3, 0x7A, 0x73, 0x5B, 0x4B, 0x2D,
    0xCB, 0xFD, 0x9B, 0x12, 0xEE, 0x8A, 0x49, 0x20, 0x60, 0x22, 0x92, 0x30, 0xC4, 0xB0, 0x72, 0x5E,
    0x20, 0xB9, 0x0A, 0xFB, 0x7E, 0x53, 0x00, 0xEA, 0xC2, 0xAD, 0x25, 0x39, 0x35, 0x16, 0xFB, 0x4E,
    0xCD, 0xD9, 0xE9, 0x79, 0x3B, 0x6B, 0xBF, 0xCB, 0x4B, 0x1F, 0xB0, 0x71, 0x02, 0xC2, 0x56, 0xC1,
    0xE2, 0xA5, 0x46, 0x94, 0x25, 0x52, 0x2B, 0x5F, 0x7A, 0x8B, 0x71, 0x5C, 0xEA, 0xCD, 0x2A, 0x71,
    0x52, 0xF7, 0x6F, 0xCB, 0xA3, 0x4A, 0xD2, 0xB4, 0x9B, 0xB2, 0x3E, 0xB2, 0xAF, 0x8E, 0x7F, 0xE0,
    0xA9, 0x3E, 0x39, 0xF1, 0x2F, 0x80, 0x3E, 0x01, 0x78, 0x73, 0x50, 0xF0, 0xB7, 0x88, 0xB5, 0x5F,
    0x0C, 0xDF, 0xCD, 0xE2, 0x88, 0x2D, 0xE4, 0xBB, 0xD2, 0x2F, 0xA5, 0xB4, 0x95, 0xE2, 0x36, 0x77,
    0x8C, 0x51, 0x9E, 0x36, 0x04, 0xAE, 0xE4, 0x43, 0x8E, 0x99, 0x50, 0x7B, 0x0A, 0xFB, 0x1A, 0xBE,
    0x6D, 0xFD, 0xBD, 0x3E, 0x1B, 0x78, 0x9F, 0xE2, 0x8F, 0xC2, 0x2D, 0x1B, 0x4A, 0xF0, 0xA7, 0xC3,
    0xAD, 0x37, 0xE2, 0x66, 0xA1, 0x0E, 0xBD, 0x15, 0xD4, 0x9A, 0x4E, 0xA9, 0xA8, 0x49, 0x67, 0x1C,
    0x31, 0x0B, 0x6B, 0x94, 0x33, 0x87, 0x4B, 0xCB, 0x52, 0x58, 0x33, 0xAA, 0x6D, 0xF3, 0x08, 0xC4,
    0x84, 0xED, 0x38, 0xCA, 0xFE, 0xA7, 0x90, 0xD7, 0xA3, 0x85, 0xCD, 0x30, 0xF5, 0xF1, 0x29, 0x38,
    0x46, 0x49, 0xB4, 0xED, 0x6B, 0x79, 0xDF, 0x4F, 0xBC, 0xFC, 0x25, 0xEC, 0x79, 0x4F, 0xFC, 0x37,
    0xE7, 0xC6, 0xEF, 0xFA, 0x34, 0x3F, 0x17, 0x7F, 0xE0, 0x55, 0xFF, 0x00, 0xFF, 0x00, 0x2A, 0xEA,
    0x4F, 0x83, 0x9F, 0xB4, 0x77, 0xED, 0x03, 0xE0, 0xAF, 0xD9, 0x9A, 0x5F, 0x14, 0x78, 0xFB, 0xE1,
    0xAF, 0x8A, 0x7E, 0x24, 0x78, 0xF1, 0xBC, 0x54, 0x74, 0xB5, 0xD2, 0x06, 0x92, 0xFA, 0x5D, 0xCC,
    0x76, 0x3F, 0x62, 0x49, 0x05, 0xC0, 0x8E, 0x1B, 0x42, 0x5A, 0x31, 0x32, 0xBA, 0x6E, 0x31, 0xF2,
    0x64, 0xC6, 0xEF, 0x94, 0x0A, 0x8E, 0x2F, 0x8C, 0x1F, 0xB7, 0x7C, 0x8E, 0x03, 0x7C, 0x0F, 0xF0,
    0x6C, 0x63, 0xFB, 0xCD, 0x77, 0x6F, 0x8F, 0xD3, 0x56, 0x35, 0xEC, 0x9F, 0xB1, 0x3F, 0xC7, 0xAF,
    0x18, 0xFE, 0xD0, 0x7F, 0x0D, 0xBC, 0x45, 0xAC, 0x78, 0xE7, 0x46, 0xB2, 0xD0, 0x35, 0xFD, 0x23,
    0xC4, 0x57, 0x1A, 0x2C, 0x96, 0x16, 0x56, 0xB3, 0x5B, 0x79, 0x5E, 0x54, 0x16, 0xEE, 0xCB, 0x24,
    0x73, 0x48, 0xEE, 0xB2, 0x07, 0x95, 0xD4, 0x82, 0x46, 0x36, 0x81, 0x80, 0x41, 0xCF, 0xD4, 0xD7,
    0xA1, 0x84, 0xC3, 0x60, 0xE5, 0x89, 0xA7, 0x86, 0xA5, 0x38, 0x29, 0x47, 0x9A, 0xD5, 0x5C, 0xA5,
    0xD6, 0xCB, 0xA4, 0xA2, 0x9F, 0x56, 0xAD, 0xD8, 0x47, 0xD0, 0x95, 0xF2, 0xEF, 0xED, 0x8D, 0xFB,
    0x47, 0xF8, 0xF7, 0xE0, 0x9F, 0x8E, 0x3E, 0x11, 0x78, 0x63, 0xC0, 0x76, 0x7E, 0x1C, 0xBA, 0xBC,
    0xF1, 0xCE, 0xA3, 0x36, 0x96, 0xCF, 0xE2, 0x28, 0x2E, 0x24, 0x8E, 0x29, 0x8C, 0xD6, 0x71, 0x40,
    0xC0, 0xC3, 0x22, 0x95, 0x4D, 0xD7, 0x2C, 0x5C, 0xED, 0x73, 0x80, 0x30, 0x38, 0x20, 0xFD, 0x45,
    0x5F, 0x25, 0x7E, 0xDD, 0xBF, 0x1A, 0x5F, 0xE1, 0x4E, 0xB9, 0xF0, 0xAB, 0x4E, 0xD1, 0xBE, 0x1A,
    0xF8, 0x73, 0xC7, 0x9E, 0x3B, 0xD7, 0xF5, 0x29, 0x2D, 0xFC, 0x35, 0x7B, 0xE2, 0x18, 0xA3, 0x90,
    0x69, 0x97, 0x8B, 0x71, 0x64, 0xA9, 0xE5, 0x86, 0x0A, 0x43, 0x48, 0xD2, 0xA0, 0x0E, 0x26, 0x88,
    0x23, 0x46, 0x8C, 0x4B, 0x05, 0xC5, 0x7C, 0xBE, 0x43, 0x4A, 0x35, 0xB3, 0x08, 0x42, 0x54, 0xD5,
    0x45, 0x69, 0xBB, 0x49, 0xA5, 0x1D, 0x21, 0x27, 0xCD, 0x26, 0xDA, 0x5C, 0xB1, 0xB7, 0x33, 0xD7,
    0x54, 0x9A, 0x1B, 0x23, 0xF8, 0x9F, 0xE2, 0x4F, 0xDA, 0xE7, 0xC1, 0xBF, 0x0D, 0x3C, 0x5B, 0xE2,
    0x0B, 0xAB, 0x9F, 0x83, 0xF6, 0x76, 0xDA, 0x56, 0x91, 0x77, 0x7F, 0x2D, 0xCE, 0x97, 0x1E, 0xA6,
    0xF7, 0x71, 0x24, 0x50, 0xBB, 0xB3, 0xC2, 0xB3, 0x03, 0x1B, 0x48, 0x02, 0x92, 0xA2, 0x40, 0x50,
    0x90, 0x37, 0x02, 0x33, 0x5A, 0x3F, 0xB0, 0x9F, 0xC4, 0x7F, 0x8D, 0x7F, 0x16, 0xFE, 0x1F, 0xE9,
    0x1E, 0x2C, 0xF1, 0xF6, 0xA5, 0xE1, 0x6D, 0x5B, 0xC2, 0x37, 0xF6, 0xB7, 0x82, 0xD2, 0xEE, 0xD6,
    0x09, 0x61, 0xD6, 0xA4, 0xB9, 0x8E, 0xF1, 0xA2, 0x1E, 0x7A, 0x22, 0xAD, 0xB0, 0x8C, 0x2C, 0x73,
    0x01, 0xE5, 0xA8, 0x62, 0x04, 0x44, 0xF2, 0x58, 0xD7, 0x2F, 0xF1, 0xBF, 0xC6, 0x7F, 0xB5, 0x97,
    0x80, 0xBE, 0x19, 0xEB, 0xBA, 0xC6, 0xB3, 0xE1, 0x4F, 0x83, 0xFE, 0x30, 0xF0, 0xEC, 0x36, 0x97,
    0x0D, 0xAC, 0x58, 0xD8, 0xC7, 0x7B, 0x28, 0x4B, 0x15, 0x82, 0x47, 0x9E, 0x49, 0x63, 0xB9, 0x9A,
    0x25, 0x92, 0x2D, 0x8A, 0x55, 0x91, 0x4B, 0x33, 0x6F, 0x00, 0x21, 0x19, 0xC7, 0xBD, 0x7E, 0xCB,
    0x5E, 0x38, 0xF0, 0xCF, 0xC4, 0x8F, 0x80, 0x9E, 0x13, 0xF1, 0x1F, 0x84, 0x3C, 0x2F, 0x6F, 0xE0,
    0xAD, 0x06, 0xF6, 0x29, 0x8C, 0x5A, 0x0D, 0xA4, 0x31, 0x45, 0x0D, 0x9C, 0xA9, 0x71, 0x22, 0x4E,
    0xA8, 0x22, 0x0A, 0xA5, 0x4C, 0xCB, 0x23, 0x06, 0x0A, 0xA5, 0x83, 0x06, 0x2A, 0xA4, 0x90, 0x3E,
    0x97, 0x31, 0x9F, 0xB3, 0xCA, 0x64, 0xFE, 0xAF, 0x46, 0x5C, 0xD3, 0x4B, 0xDA, 0x53, 0xB7, 0xBB,
    0xEE, 0xB7, 0xCB, 0xDD, 0x37, 0xBA, 0x7B, 0x68, 0xFA, 0xEC, 0x96, 0xE7, 0xAB, 0x51, 0x45, 0x15,
    0xF9, 0xD9, 0x41, 0x45, 0x14, 0x50, 0x01, 0x45, 0x14, 0x50, 0x01, 0x45, 0x14, 0x50, 0x07, 0xE4,
    0x96, 0xA5, 0xF0, 0xDB, 0xF6, 0x1F, 0xD7, 0xAF, 0xEE, 0x75, 0x1D, 0x47, 0xE3, 0x97, 0x8F, 0x35,
    0x1B, 0xEB, 0xC9, 0x5A, 0xE2, 0xE2, 0xEE, 0xEE, 0xDA, 0x59, 0x65, 0x9E, 0x57, 0x25, 0x9E, 0x47,
    0x76, 0xD3, 0x09, 0x66, 0x62, 0x49, 0x24, 0x9C, 0x92, 0x49, 0x35, 0xBF, 0xFB, 0x1D, 0xDA, 0x7E,
    0xCC, 0xBA, 0x67, 0xED, 0x65, 0xE1, 0x5B, 0x4F, 0x87, 0x97, 0x3F, 0x12, 0xAF, 0x7C, 0x53, 0x0D,
    0xC6, 0xA1, 0x16, 0x99, 0x79, 0xAD, 0xAE, 0x9A, 0xBA, 0x65, 0xCA, 0xAD, 0x9D, 0xC8, 0x79, 0x48,
    0x45, 0x59, 0xC2, 0x34, 0x41, 0xD9, 0x01, 0x55, 0x6C, 0x95, 0xDC, 0xAB, 0xF3, 0x01, 0xF6, 0xA7,
    0x8D, 0x3F, 0x6E, 0xBF, 0x81, 0x9F, 0x0F, 0xBC, 0x5B, 0xAA, 0xF8, 0x67, 0x5C, 0xF1, 0xE4, 0x56,
    0xFA, 0xCE, 0x97, 0x31, 0xB6, 0xBC, 0x82, 0xDF, 0x4E, 0xBC, 0xBA, 0x48, 0xA5, 0x00, 0x16, 0x4F,
    0x32, 0x28, 0x59, 0x0B, 0x29, 0x3B, 0x58, 0x06, 0x25, 0x58, 0x32, 0xB6, 0x19, 0x48, 0x1E, 0x41,
    0xF0, 0xB7, 0x40, 0xF8, 0x2B, 0xF1, 0xEF, 0xF6, 0xC5, 0xD3, 0x3E, 0x2C, 0x7C, 0x2B, 0xF1, 0xC6,
    0x95, 0x15, 0xFF, 0x00, 0x87, 0x74, 0xF9, 0xA5, 0xD4, 0xFC, 0x2F, 0x67, 0xE1, 0xD9, 0x2C, 0x65,
    0xD4, 0x25, 0x9C, 0x5D, 0xC7, 0x25, 0xF3, 0x4B, 0x27, 0x94, 0x64, 0x62, 0xD7, 0x4A, 0x1D, 0xC4,
    0x6E, 0x72, 0xA8, 0x19, 0x87, 0x98, 0xB5, 0xFB, 0x3C, 0xF3, 0x1C, 0x5E, 0x23, 0x2F, 0xAD, 0x2C,
    0x5D, 0x3C, 0x4D, 0x3A, 0x4E, 0x9C, 0xB9, 0x65, 0x29, 0x73, 0x53, 0x6E, 0xDE, 0xEA, 0x76, 0xA3,
    0x0D, 0x25, 0xB2, 0x7C, 0xD6, 0x57, 0xD7, 0x42, 0x3A, 0x9F, 0x6C, 0xD7, 0x15, 0xF1, 0x9F, 0xFE,
    0x10, 0x7F, 0xF8, 0x56, 0x1A, 0xFF, 0x00, 0xFC, 0x2C, 0x8F, 0xB0, 0x7F, 0xC2, 0x17, 0xE4, 0xAF,
    0xDB, 0xFF, 0x00, 0xB4, 0x73, 0xE5, 0xFD, 0xF5, 0xF2, 0xF6, 0xE3, 0xE6, 0xF3, 0x7C, 0xCF, 0x2F,
    0xCB, 0xD9, 0xFB, 0xCF, 0x33, 0x66, 0xCF, 0x9F, 0x6D, 0x76, 0xB5, 0xC5, 0xFC, 0x65, 0xF0, 0x1F,
    0x86, 0x3E, 0x25, 0xFC, 0x32, 0xD7, 0xBC, 0x3F, 0xE3, 0x29, 0x7E, 0xCD, 0xE1, 0xB9, 0xA1, 0x5B,
    0x8B, 0xBB, 0xAF, 0xB4, 0xFD, 0x9B, 0xEC, 0xBE, 0x43, 0xAC, 0xE9, 0x3F, 0x98, 0x78, 0x5F, 0x2D,
    0xE2, 0x49, 0x3E, 0x6C, 0xAF, 0xC9, 0xF3, 0x06, 0x5C, 0x83, 0xF8, 0xAC, 0xEF, 0xC8, 0xED, 0xF8,
    0x9D, 0x58, 0x7E, 0x55, 0x5A, 0x1C, 0xCD, 0xA5, 0x75, 0xAA, 0xDF, 0x7E, 0x9E, 0x7D, 0x8F, 0xCD,
    0xCB, 0x5D, 0x5B, 0x4E, 0xF0, 0x9E, 0xB5, 0xA8, 0x6B, 0xBF, 0x0E, 0x3C, 0x17, 0xF1, 0x47, 0x43,
    0xF0, 0xD7, 0x89, 0x2F, 0x63, 0xB5, 0xD3, 0xF5, 0x0D, 0x3F, 0xC4, 0x67, 0x4F, 0x3A, 0x8C, 0xA0,
    0xBE, 0xCB, 0x5F, 0xDC, 0xE9, 0xF3, 0x09, 0x1A, 0x39, 0x1A, 0x78, 0xE3, 0x53, 0x3C, 0xCE, 0x42,
    0xB1, 0x27, 0x71, 0x60, 0x3E, 0x86, 0xFD, 0x83, 0x75, 0x2F, 0x85, 0x3A, 0x67, 0x89, 0xB5, 0xEF,
    0x0C, 0xF8, 0x73, 0x41, 0xF1, 0x0E, 0x93, 0xE3, 0xF8, 0xAC, 0x7C, 0xEB, 0xFF, 0x00, 0xF8, 0x48,
    0xA3, 0x86, 0x53, 0x6E, 0x91, 0xC8, 0x91, 0x5D, 0x59, 0xDB, 0xCB, 0x0A, 0x46, 0x15, 0x21, 0x9F,
    0xCB, 0xDE, 0xB2, 0xC7, 0x14, 0x8E, 0x5D, 0x09, 0x0D, 0xE5, 0xED, 0x8B, 0xCF, 0xB4, 0xFB, 0x8B,
    0xFB, 0xEF, 0xD9, 0x46, 0xD2, 0x7B, 0x5F, 0x8B, 0x1E, 0x1C, 0x9E, 0xDB, 0xC1, 0xBE, 0x3B, 0x37,
    0x7E, 0x1F, 0xD6, 0xF5, 0x83, 0x7B, 0x6C, 0xCB, 0x6B, 0x6F, 0x64, 0xD3, 0xC1, 0x6C, 0xB0, 0xCF,
    0x68, 0xD3, 0x49, 0x72, 0x37, 0x99, 0x16, 0xD9, 0x52, 0x60, 0x13, 0xF7, 0x68, 0xEE, 0x10, 0x28,
    0xF5, 0x7F, 0xD8, 0xBF, 0xE1, 0xE6, 0x93, 0xAA, 0xF8, 0xC3, 0x5B, 0xF8, 0xB2, 0x3E, 0x2A, 0xFF,
    0x00, 0xC2, 0xC1, 0xF1, 0x26, 0xAF, 0x60, 0x6D, 0xF5, 0x0B, 0x38, 0xED, 0xE4, 0xB7, 0x6B, 0x39,
    0x65, 0x98, 0x34, 0xA6, 0x54, 0x9C, 0x09, 0xF6, 0xEE, 0xB5, 0x54, 0x83, 0x31, 0x40, 0x82, 0x28,
    0xCE, 0xD8, 0xCA, 0xB2, 0x04, 0xF9, 0x1C, 0x15, 0x19, 0xC3, 0x13, 0x07, 0x64, 0xD3, 0x57, 0xFB,
    0x36, 0x4A, 0xCE, 0xFC, 0xB6, 0x6D, 0xEF, 0xDA, 0xEA, 0xDD, 0x4F, 0xD9, 0xB3, 0xDC, 0x75, 0x0A,
    0xF9, 0x5E, 0x22, 0x0E, 0x73, 0x4D, 0x37, 0x1D, 0xEA, 0xB7, 0x26, 0xA4, 0xB9, 0x7D, 0xA7, 0x34,
    0x12, 0xB7, 0x2D, 0xDB, 0xE6, 0x71, 0x97, 0x32, 0x56, 0x8B, 0x3E, 0xBB, 0xAF, 0x9E, 0x7F, 0x6E,
    0x4F, 0x05, 0xFC, 0x29, 0xF1, 0xA7, 0xC1, 0xDB, 0x28, 0xFE, 0x30, 0xF8, 0xA6, 0xFB, 0xC2, 0x7E,
    0x16, 0xB1, 0xD6, 0x20, 0xBB, 0x86, 0xEB, 0x4D, 0x65, 0x33, 0xCD, 0x75, 0xE5, 0xCD, 0x12, 0x44,
    0xB1, 0x98, 0x66, 0x69, 0x32, 0xB2, 0xC8, 0xC5, 0x51, 0x09, 0x01, 0x0B, 0x12, 0x15, 0x18, 0xD7,
    0xD0, 0xD5, 0xE1, 0xBF, 0xB5, 0xF7, 0xEC, 0xCC, 0xDF, 0xB5, 0x57, 0xC3, 0x7D, 0x2F, 0xC2, 0x8B,
    0xE2, 0x51, 0xE1, 0x6F, 0xB1, 0x6A, 0xF1, 0xEA, 0x86, 0xF0, 0xD8, 0x7D, 0xB3, 0x78, 0x58, 0x27,
    0x8B, 0xCB, 0xD9, 0xE6, 0xC7, 0x8C, 0xF9, 0xFB, 0xB7, 0x64, 0xFD, 0xDC, 0x63, 0x9C, 0x8F, 0xD1,
    0xF2, 0x9A, 0x94, 0xA9, 0x63, 0xE8, 0xCE, 0xBD, 0x47, 0x4E, 0x0A, 0x4A, 0xF2, 0x8E, 0xAE, 0x2B,
    0xBA, 0xD1, 0xEB, 0xF2, 0x7E, 0x8C, 0xFC, 0x45, 0x9F, 0x9F, 0x43, 0xE0, 0xFF, 0x00, 0xEC, 0x24,
    0x0E, 0x47, 0xC6, 0x4F, 0x1A, 0x83, 0xFF, 0x00, 0x60, 0xF7, 0xFF, 0x00, 0xE5, 0x5D, 0x7D, 0x27,
    0xFB, 0x1D, 0xFE, 0xD5, 0x7F, 0xB3, 0x3F, 0x82, 0xBC, 0x31, 0xA4, 0xF8, 0x0F, 0xC1, 0x53, 0x6B,
    0xFE, 0x12, 0xBE, 0xD5, 0xF5, 0x78, 0x2D, 0x62, 0xD3, 0xBC, 0x45, 0x67, 0x3D, 0xC5, 0xDE, 0xA3,
    0x7D, 0x32, 0x41, 0x02, 0xCE, 0xD2, 0x40, 0x66, 0x82, 0x3F, 0x31, 0x84, 0x6A, 0x40, 0x68, 0xD1,
    0x59, 0x58, 0xEC, 0x45, 0x20, 0x9F, 0xB6, 0xB4, 0xAD, 0x2A, 0xCB, 0x42, 0xD2, 0xEC, 0xF4, 0xDD,
    0x36, 0xCE, 0xDF, 0x4F, 0xD3, 0xAC, 0xE1, 0x4B, 0x7B, 0x6B, 0x3B, 0x58, 0x96, 0x28, 0x60, 0x89,
    0x14, 0x2A, 0x46, 0x88, 0xA0, 0x05, 0x55, 0x50, 0x00, 0x00, 0x60, 0x00, 0x00, 0xAF, 0x14, 0xFD,
    0x8E, 0x7F, 0x66, 0x03, 0xFB, 0x26, 0x7C, 0x2C, 0xBC, 0xF0, 0x69, 0xF1, 0x37, 0xFC, 0x25, 0x5F,
    0x68, 0xD4, 0xDF, 0x51, 0xFB, 0x6F, 0xD8, 0x3E, 0xC7, 0xB7, 0x74, 0x10, 0x45, 0xB3, 0x67, 0x9B,
    0x26, 0x7F, 0xD4, 0x67, 0x3B, 0xBF, 0x8B, 0x18, 0xE3, 0x27, 0xEB, 0xF1, 0xDC, 0x43, 0x85, 0xCC,
    0xF0, 0x35, 0x68, 0xE2, 0x25, 0x59, 0xB5, 0x67, 0x15, 0x2A, 0xA9, 0xA6, 0xFB, 0xB4, 0xA8, 0xC5,
    0x69, 0xE6, 0xFD, 0x1A, 0xDC, 0x49, 0x58, 0xF7, 0x5A, 0xF2, 0x0F, 0xDA, 0x2B, 0xF6, 0x57, 0xF0,
    0x27, 0xED, 0x3F, 0xA3, 0xE9, 0xF6, 0x7E, 0x31, 0x82, 0xFD, 0x2E, 0xB4, 0xD1, 0x20, 0xD3, 0xF5,
    0x2D, 0x36, 0xEC, 0xC3, 0x3D, 0xA0, 0x91, 0xE2, 0x69, 0x76, 0xAB, 0x06, 0x89, 0xF7, 0x88, 0x51,
    0x4F, 0x99, 0x1B, 0xE0, 0x67, 0x6E, 0xD2, 0x73, 0x5E, 0xBF, 0x5E, 0x7F, 0xF1, 0x63, 0xE3, 0xCF,
    0x81, 0xFE, 0x08, 0x45, 0x61, 0x27, 0x8C, 0xF5, 0x89, 0x34, 0xA5, 0xBF, 0x49, 0x9E, 0xD8, 0x45,
    0x61, 0x73, 0x76, 0xD2, 0x08, 0xB6, 0x79, 0x9C, 0x41, 0x1B, 0x91, 0x8F, 0x31, 0x38, 0x3D, 0x73,
    0xC6, 0x70, 0x6B, 0xE0, 0x28, 0xE3, 0x2A, 0x65, 0xF5, 0x23, 0x8A, 0xA5, 0x53, 0xD9, 0xCA, 0x3B,
    0x49, 0x3B, 0x5B, 0xA6, 0xFE, 0x7B, 0x79, 0xEC, 0x74, 0xD1, 0xC3, 0xD5, 0xC5, 0x4D, 0x52, 0xA1,
    0x07, 0x29, 0x3E, 0x89, 0x36, 0xF4, 0x57, 0x7A, 0x2E, 0xCB, 0x5F, 0x43, 0xC0, 0xF5, 0xCF, 0xF8,
    0x26, 0xA7, 0x83, 0x7C, 0x4B, 0xE1, 0x8D, 0x3B, 0xC3, 0x7A, 0xB7, 0xC4, 0xFF, 0x00, 0x8A, 0x5A,
    0x9F, 0x87, 0xF4, 0xDF, 0x2F, 0xEC, 0x3A, 0x55, 0xE6, 0xBD, 0x04, 0xD6, 0xB6, 0x9E, 0x5A, 0x18,
    0xE3, 0xF2, 0xA1, 0x7B, 0x62, 0x89, 0xB5, 0x18, 0xAA, 0xED, 0x03, 0x0A, 0x48, 0x1C, 0x1A, 0xFA,
    0x7F, 0xC0, 0xFE, 0x07, 0xD0, 0x7E, 0x1A, 0xF8, 0x4F, 0x4C, 0xF0, 0xCF, 0x86, 0x34, 0xB8, 0x34,
    0x6D, 0x0B, 0x4D, 0x8B, 0xC9, 0xB5, 0xB2, 0xB7, 0x07, 0x6A, 0x2E, 0x49, 0x24, 0x93, 0x92, 0xCC,
    0xCC, 0x4B, 0x33, 0xB1, 0x2C, 0xCC, 0xCC, 0xCC, 0x49, 0x24, 0x99, 0x35, 0x1F, 0x18, 0x68, 0xDA,
    0x67, 0x84, 0x2E, 0x7C, 0x55, 0x36, 0xA3, 0x0B, 0xF8, 0x7A, 0xDE, 0xC1, 0xB5, 0x37, 0xD4, 0x2D,
    0x89, 0x9E, 0x33, 0x6A, 0xB1, 0x99, 0x0C, 0xA9, 0xB3, 0x3B, 0xD7, 0x60, 0xDC, 0x36, 0xE7, 0x23,
    0xA6, 0x73, 0x50, 0xF8, 0x13, 0xC7, 0x7A, 0x1F, 0xC4, 0xCF, 0x0A, 0xD9, 0xF8, 0x93, 0xC3, 0x77,
    0xA7, 0x51, 0xD1, 0xAF, 0x0C, 0x8B, 0x05, 0xC9, 0x86, 0x48, 0x77, 0x18, 0xE4, 0x68, 0xDF, 0xE4,
    0x91, 0x55, 0x86, 0x1D, 0x18, 0x72, 0x07, 0x4C, 0x8E, 0x31, 0x5D, 0xD8, 0xCC, 0xE7, 0x19, 0x98,
    0x46, 0x34, 0x31, 0x35, 0x9C, 0x92, 0xBB, 0x51, 0xD2, 0xDD, 0x9B, 0xB2, 0xB7, 0xDE, 0x4F, 0xB0,
    0xA8, 0xA0, 0xEA, 0xF2, 0xBE, 0x54, 0xED, 0x7B, 0x69, 0x7E, 0xD7, 0xEF, 0xA3, 0xD3, 0xC8, 0xDF,
    0xA2, 0x8A, 0x2B, 0xCB, 0x32, 0x0A, 0x28, 0xA2, 0x80, 0x0A, 0x28, 0xA2, 0x80, 0x0A, 0x28, 0xA2,
    0x80, 0x3F, 0x2C, 0x7C, 0x03, 0xFB, 0x14, 0xFC, 0x67, 0xF0, 0xB7, 0xEC, 0xF7, 0xF1, 0x93, 0xC0,
    0x37, 0xFF, 0x00, 0x0D, 0x3C, 0x37, 0x71, 0xAC, 0x5F, 0xCB, 0x65, 0xFD, 0x8D, 0xE2, 0x1B, 0x5D,
    0x42, 0xD7, 0xFB, 0x42, 0xF8, 0x25, 0xFD, 0xAB, 0x4D, 0x04, 0x52, 0xB1, 0x1F, 0xE8, 0x66, 0x3B,
    0x41, 0x38, 0x59, 0x8C, 0x0C, 0xAD, 0x8F, 0xDD, 0xBB, 0x39, 0x11, 0x77, 0x5F, 0xB2, 0xE7, 0xEC,
    0x8D, 0xF1, 0x47, 0x42, 0xFD, 0xA2, 0xFC, 0x01, 0xE3, 0xAF, 0x10, 0x78, 0x03, 0xC3, 0x9F, 0x0D,
    0x7C, 0x3F, 0xE0, 0xDD, 0x0E, 0x1D, 0x22, 0x6B, 0x4B, 0x3B, 0xB8, 0x1E, 0xE3, 0x57, 0x97, 0xEC,
    0x17, 0x30, 0xC9, 0x7A, 0xDF, 0x66, 0xDE, 0xB2, 0x4E, 0xF3, 0x4B, 0xBA, 0x46, 0x90, 0xC6, 0x76,
    0x34, 0x6A, 0x0C, 0x8C, 0x8C, 0xC7, 0xF4, 0x52, 0x8A, 0xFB, 0x7A, 0xBC, 0x5D, 0x8F, 0xAD, 0x4A,
    0xB5, 0x39, 0xC2, 0x37, 0xA9, 0xCD, 0x79, 0x5A, 0x57, 0x5C, 0xF0, 0x8C, 0x27, 0x6F, 0x7B, 0x97,
    0xDE, 0x51, 0xD9, 0xC5, 0xD9, 0xB7, 0xCB, 0xCB, 0xA5, 0xA6, 0xC1, 0x5C, 0x27, 0xC7, 0x4F, 0x87,
    0x77, 0x7F, 0x15, 0xFE, 0x12, 0x78, 0x9F, 0xC2, 0x96, 0x1A, 0xA5, 0xCE, 0x8F, 0x7D, 0xA8, 0xDA,
    0xED, 0xB7, 0xB9, 0xB6, 0xB9, 0x36, 0xF9, 0x91, 0x59, 0x5D, 0x63, 0x91, 0xD5, 0x58, 0xF9, 0x32,
    0x14, 0x11, 0xCA, 0xA1, 0x49, 0x68, 0x9E, 0x45, 0xEF, 0x5D, 0xDD, 0x7C, 0xD1, 0xFB, 0x57, 0xFE,
    0xCC, 0x1E, 0x1D, 0xF1, 0x9F, 0x83, 0x3C, 0x6F, 0xE3, 0x1D, 0x0B, 0xC2, 0xB6, 0xDA, 0x9F, 0xC4,
    0x69, 0x6D, 0x52, 0x74, 0xB8, 0xB8, 0xB8, 0xBD, 0x73, 0x22, 0xC4, 0xB1, 0xA3, 0xF9, 0x50, 0x42,
    0xF8, 0x69, 0xFE, 0xCF, 0x1B, 0x08, 0x97, 0x61, 0x56, 0x94, 0x47, 0xBC, 0x10, 0x5B, 0x3F, 0x9F,
    0xE2, 0x5C, 0xD5, 0x27, 0xC9, 0x1E, 0x6F, 0x2B, 0xDB, 0x4F, 0x92, 0x7A, 0x9E, 0xBE, 0x56, 0xA8,
    0xBC, 0x5C, 0x3D, 0xBD, 0x47, 0x0D, 0x55, 0x9A, 0x8A, 0x96, 0xB7, 0x56, 0xBA, 0x72, 0x82, 0xB7,
    0x77, 0x7F, 0x91, 0xE1, 0x36, 0x3F, 0xB3, 0x77, 0xC5, 0xAF, 0x1A, 0xCB, 0xF0, 0xBF, 0xC2, 0x7A,
    0xD7, 0xC3, 0x1D, 0x2B, 0xC2, 0x9E, 0x0B, 0xD2, 0xAE, 0xD2, 0x4D, 0x7D, 0xAC, 0x35, 0x38, 0x2D,
    0xA3, 0xD4, 0x4F, 0xC8, 0xB3, 0xDE, 0x5D, 0x2D, 0xBC, 0xEC, 0xF2, 0x5C, 0xB5, 0xAC, 0x09, 0x02,
    0x3A, 0xA9, 0x7F, 0x32, 0x49, 0x1B, 0xCC, 0x44, 0x93, 0xF7, 0x5E, 0xCB, 0xFB, 0x34, 0x7E, 0xCF,
    0xDE, 0x2B, 0xF0, 0xA7, 0xC7, 0x1F, 0x1A, 0x7C, 0x44, 0xF1, 0x37, 0x87, 0xF4, 0x1F, 0x04, 0x41,
    0x71, 0x0C, 0xDA, 0x3E, 0x9D, 0xE1, 0xDF, 0x0F, 0x94, 0x92, 0xDB, 0xC9, 0x2F, 0x6E, 0xC2, 0x68,
    0x9D, 0x76, 0x85, 0x8F, 0x16, 0xCB, 0xF7, 0x91, 0x1E, 0x47, 0x79, 0x1D, 0xA3, 0x87, 0x01, 0x5B,
    0xE5, 0xAF, 0x04, 0x6A, 0xDF, 0x01, 0xBE, 0x1E, 0x68, 0x89, 0xA2, 0x7C, 0x4F, 0xF8, 0x65, 0xE3,
    0x2B, 0xAF, 0x1B, 0xC2, 0xFB, 0xB5, 0x08, 0xA7, 0xB9, 0x8E, 0x21, 0x6D, 0x95, 0x5D, 0x81, 0x13,
    0xCF, 0xB5, 0x75, 0x46, 0x4D, 0xB2, 0x85, 0x92, 0x32, 0xCB, 0xE6, 0x95, 0xDF, 0x22, 0x85, 0x63,
    0xEA, 0x9F, 0xB0, 0x8F, 0x80, 0x61, 0xFF, 0x00, 0x85, 0xED, 0xAE, 0x78, 0xD3, 0xC2, 0x56, 0x1E,
    0x22, 0x3F, 0x0D, 0x8F, 0x87, 0xE6, 0xD3, 0xF4, 0xFD, 0x4F, 0x5F, 0x8E, 0x05, 0x7B, 0x89, 0x9E,
    0x7B, 0x5D, 0xEB, 0xBA, 0x20, 0x23, 0x91, 0x84, 0x96, 0xB7, 0x40, 0xF9, 0x59, 0x55, 0x0A, 0xA1,
    0xF0, 0xC4, 0x67, 0xE4, 0xF0, 0x73, 0xA7, 0x2A, 0xF4, 0x95, 0xB9, 0xA5, 0x7F, 0xE6, 0xBB, 0x8D,
    0xA2, 0xD2, 0xBA, 0xE4, 0x56, 0x4B, 0x6F, 0x57, 0xAD, 0xCF, 0xD8, 0x33, 0xBA, 0x38, 0xAA, 0x78,
    0x0C, 0x54, 0xB9, 0xDD, 0x3A, 0x6A, 0x36, 0x49, 0xD2, 0xE5, 0x84, 0xF9, 0xAA, 0x29, 0x49, 0xC2,
    0x4E, 0xB4, 0xDB, 0x94, 0x9D, 0x9D, 0xEC, 0xDF, 0x2A, 0xB4, 0x6C, 0x8F, 0xBE, 0x68, 0xA2, 0xBE,
    0x2E, 0xFF, 0x00, 0x82, 0xB2, 0xEA, 0x7F, 0x60, 0xFD, 0x97, 0xEC, 0x62, 0xFE, 0xD2, 0xBE, 0xB1,
    0xFB, 0x67, 0x88, 0xED, 0x60, 0xF2, 0x6D, 0x54, 0x18, 0xAE, 0xF1, 0x0D, 0xC4, 0x9E, 0x5D, 0xC1,
    0x32, 0x2E, 0x23, 0x1E, 0x5F, 0x9A, 0x0E, 0x24, 0xFD, 0xE4, 0x31, 0x0D, 0xA3, 0x3B, 0xD3, 0xF4,
    0x9C, 0xAF, 0x05, 0xFD, 0xA5, 0x8E, 0xA3, 0x83, 0xE6, 0xE5, 0xF6, 0x92, 0x51, 0xBD, 0xAF, 0x6B,
    0xBB, 0x5E, 0xDD, 0x7E, 0xF5, 0xEA, 0xB7, 0x3F, 0x09, 0x7A, 0x1F, 0x59, 0x78, 0x33, 0xC7, 0xFE,
    0x17, 0xF8, 0x8D, 0xA5, 0xCB, 0xA9, 0x78, 0x4F, 0xC4, 0x9A, 0x47, 0x8A, 0x34, 0xE8, 0xA6, 0x36,
    0xF2, 0x5D, 0xE8, 0xD7, 0xD1, 0x5D, 0xC2, 0x92, 0x85, 0x56, 0x31, 0x97, 0x8D, 0x98, 0x06, 0x0A,
    0xE8, 0x71, 0x9C, 0xE1, 0x81, 0xEE, 0x2B, 0x7E, 0xBF, 0x24, 0xBC, 0x2B, 0xE1, 0x48, 0xBC, 0x35,
    0xF1, 0x8B, 0xC3, 0x9E, 0x25, 0xD2, 0x7F, 0x67, 0x6F, 0x8B, 0x3E, 0x13, 0xF0, 0x55, 0xF6, 0x87,
    0xA8, 0xE8, 0x7E, 0x31, 0xF0, 0x6E, 0x9D, 0xA5, 0xEA, 0x37, 0x8B, 0x77, 0x1C, 0xF1, 0x5C, 0x46,
    0xBE, 0x5D, 0xDC, 0x92, 0x23, 0xCC, 0xB2, 0x09, 0x2D, 0xD9, 0x91, 0x96, 0x21, 0x13, 0x5B, 0xAB,
    0x21, 0x76, 0xC3, 0x0F, 0xAE, 0x7F, 0xE0, 0x9B, 0x5E, 0x07, 0xF1, 0xBF, 0x81, 0x3E, 0x0B, 0xEB,
    0x36, 0x9E, 0x29, 0xD3, 0x75, 0x4F, 0x0E, 0xE8, 0x93, 0xEB, 0x77, 0x13, 0x78, 0x7F, 0x40, 0xD7,
    0xD1, 0xCE, 0xA1, 0x63, 0x6A, 0x70, 0x1F, 0xCC, 0x62, 0x50, 0x05, 0x69, 0x03, 0x10, 0x82, 0x08,
    0x72, 0xC2, 0x59, 0x70, 0xCB, 0x3A, 0xED, 0xFA, 0x5C, 0xDF, 0x86, 0xE9, 0x65, 0xB8, 0x67, 0x89,
    0x85, 0x7B, 0xAD, 0x2D, 0x19, 0x28, 0xA9, 0x6A, 0xE4, 0x9A, 0xF7, 0x6A, 0x4F, 0x55, 0xCA, 0x9E,
    0x97, 0x4E, 0x32, 0x4E, 0xEB, 0x61, 0x27, 0x73, 0xEB, 0x4A, 0xF9, 0x1F, 0xF6, 0xF6, 0xF8, 0x59,
    0x3F, 0xC4, 0x0D, 0x47, 0xE1, 0x66, 0xA5, 0x7F, 0x1D, 0xA4, 0x5E, 0x06, 0xD2, 0x35, 0x88, 0xC7,
    0x89, 0x75, 0x0B, 0xED, 0x62, 0x1D, 0x32, 0x1B, 0x5B, 0x39, 0xAF, 0xAC, 0x15, 0xF7, 0x4B, 0x24,
    0xB1, 0xB0, 0x2C, 0x89, 0x2A, 0x8F, 0x2C, 0xEE, 0xCE, 0x00, 0xF9, 0x99, 0x41, 0xFA, 0xE2, 0xBE,
    0x26, 0xFF, 0x00, 0x82, 0x88, 0x69, 0x57, 0x9A, 0xD7, 0x8E, 0x3E, 0x0B, 0xDA, 0xD9, 0x68, 0x37,
    0x3E, 0x25, 0x93, 0xED, 0x1A, 0x84, 0xD2, 0x69, 0x56, 0x3B, 0xFC, 0xFB, 0xD8, 0x63, 0x92, 0xC6,
    0x49, 0xA0, 0x52, 0x8A, 0xCE, 0xA1, 0xE3, 0x47, 0x05, 0xD0, 0x16, 0x41, 0x96, 0x1D, 0x2B, 0xF3,
    0x4C, 0xC5, 0xC6, 0x38, 0x67, 0x29, 0x2B, 0xD9, 0xC7, 0xFF, 0x00, 0x4A, 0x5E, 0x4F, 0xE7, 0xA3,
    0x6F, 0xA1, 0xF5, 0x9C, 0x2F, 0x0A, 0x95, 0x73, 0x58, 0x53, 0xA5, 0x3E, 0x56, 0xE3, 0x51, 0x5E,
    0xD7, 0xB2, 0x74, 0xE6, 0x9D, 0xBD, 0xE8, 0xAB, 0xDA, 0xF6, 0x6E, 0x49, 0x27, 0x66, 0xF4, 0x4C,
    0x8F, 0x5C, 0xFD, 0x96, 0x75, 0x75, 0xF0, 0x3E, 0xBD, 0xA9, 0xFE, 0xCF, 0x1F, 0x13, 0x46, 0xA7,
    0xE0, 0xFF, 0x00, 0x11, 0x5B, 0xDE, 0x41, 0x71, 0xA0, 0x35, 0xFC, 0x57, 0x76, 0x57, 0x48, 0xE6,
    0x44, 0x9D, 0x6D, 0xE7, 0xF9, 0xA2, 0x69, 0x3F, 0x75, 0x15, 0xBA, 0xB3, 0x81, 0x22, 0xEC, 0x7D,
    0xD7, 0x23, 0x91, 0x5F, 0x40, 0xFE, 0xC9, 0xFE, 0x07, 0xD7, 0x7E, 0x1C, 0x7C, 0x04, 0xF0, 0xDF,
    0x87, 0xBC, 0x4B, 0xA7, 0x9D, 0x2F, 0x5A, 0xB5, 0x96, 0xF5, 0xA7, 0xB4, 0x69, 0xA3, 0x94, 0xA0,
    0x92, 0xF6, 0x79, 0x13, 0xE6, 0x8D, 0x99, 0x4E, 0x51, 0xD4, 0xF0, 0x4E, 0x33, 0x83, 0xCE, 0x45,
    0x7E, 0x7D, 0x78, 0x9B, 0xE1, 0x96, 0xBD, 0xAB, 0xCB, 0xE2, 0xE8, 0xB4, 0xCF, 0x83, 0x1E, 0x38,
    0xD0, 0xB4, 0x2D, 0x4A, 0xCE, 0xCA, 0xEF, 0x4C, 0xD1, 0xE1, 0xD3, 0xEE, 0xA6, 0xFB, 0x06, 0xAF,
    0x0A, 0x44, 0x9E, 0x6B, 0xDC, 0x4B, 0x03, 0xBC, 0xD1, 0x22, 0xCF, 0xAA, 0xA8, 0x52, 0xA0, 0xC8,
    0xB7, 0x0A, 0x36, 0xC4, 0xDB, 0x1E, 0x1F, 0xBF, 0xFF, 0x00, 0x64, 0x2D, 0x07, 0x5D, 0xF0, 0xC7,
    0xEC, 0xE3, 0xE0, 0xAD, 0x37, 0xC4, 0x56, 0x77, 0xFA, 0x7E, 0xA5, 0x0C, 0x13, 0x62, 0xCF, 0x53,
    0x66, 0x33, 0xDB, 0xDB, 0xB5, 0xC4, 0xAD, 0x6D, 0x1B, 0x2B, 0x12, 0x63, 0x0B, 0x03, 0x44, 0xA2,
    0x23, 0x83, 0x18, 0x01, 0x0A, 0xA9, 0x5D, 0xA3, 0xCD, 0xCB, 0xFD, 0x9C, 0xB1, 0x0E, 0x50, 0x83,
    0x8D, 0x93, 0x5B, 0xB7, 0x15, 0xEF, 0x74, 0xBA, 0x56, 0xBD, 0x93, 0x56, 0xF3, 0xD1, 0x75, 0xFA,
    0xCE, 0x26, 0x58, 0x9A, 0x39, 0x6C, 0x69, 0xD7, 0xC4, 0x46, 0xA2, 0x73, 0x8B, 0xBB, 0x8C, 0x55,
    0x49, 0x7E, 0xED, 0xBB, 0xC9, 0xC6, 0x72, 0xBB, 0x8F, 0x33, 0x8C, 0xB9, 0xAE, 0xEF, 0x6B, 0x49,
    0xAD, 0x17, 0xB1, 0x51, 0x45, 0x15, 0xF4, 0x87, 0xE5, 0x21, 0x45, 0x14, 0x50, 0x01, 0x45, 0x14,
    0x50, 0x01, 0x5F, 0x2F, 0xFE, 0xD2, 0x9E, 0x0D, 0xF8, 0xE3, 0xA4, 0xFC, 0x6D, 0xF0, 0x2F, 0xC4,
    0xAF, 0x85, 0x57, 0x17, 0x1E, 0x2C, 0xD1, 0x74, 0xE8, 0x85, 0x86, 0xAF, 0xE0, 0x09, 0x35, 0x73,
    0x61, 0x6B, 0x70, 0xBF, 0xBF, 0x2D, 0x72, 0x43, 0xCA, 0xB0, 0xBB, 0x15, 0x9B, 0x68, 0x62, 0x0B,
    0x46, 0xF1, 0x40, 0xDB, 0x65, 0x5D, 0xC1, 0x3E, 0xA0, 0xA2, 0xBD, 0x0C, 0x0E, 0x32, 0x58, 0x1A,
    0xDE, 0xD6, 0x30, 0x8C, 0xF4, 0x69, 0xA9, 0x2B, 0xA6, 0x9A, 0xB3, 0x5D, 0x1A, 0xF5, 0x4D, 0x35,
    0xD1, 0x81, 0xF9, 0x7D, 0xF1, 0x57, 0xFE, 0x0A, 0x0D, 0xF1, 0xED, 0x75, 0x98, 0xF4, 0xAB, 0xCF,
    0x0B, 0x58, 0xFC, 0x03, 0xD2, 0x35, 0xBE, 0x74, 0xDD, 0x63, 0xC5, 0x7A, 0x2D, 0xFB, 0xDC, 0xDB,
    0x08, 0x51, 0x1E, 0x5F, 0x9D, 0xE1, 0x61, 0x36, 0xE6, 0xC2, 0x1D, 0xB6, 0x87, 0x60, 0x9D, 0x01,
    0xC1, 0x1E, 0x65, 0x7A, 0xEF, 0xEC, 0xB9, 0xE1, 0x9F, 0x09, 0xF8, 0xB3, 0xE2, 0x86, 0x8B, 0xE3,
    0x3D, 0x4B, 0xF6, 0xA9, 0xBD, 0xF8, 0xB9, 0xAD, 0xB5, 0xED, 0xD6, 0xA1, 0xA2, 0x78, 0x62, 0xE6,
    0xEB, 0xFB, 0x3C, 0x25, 0xC3, 0x41, 0x77, 0x0D, 0xC3, 0x9D, 0x32, 0x79, 0x5E, 0x45, 0xC4, 0x52,
    0xCA, 0x63, 0x11, 0xA4, 0x21, 0x10, 0x12, 0x03, 0x46, 0xC0, 0x07, 0x7C, 0x0D, 0xFD, 0xA8, 0xBF,
    0x68, 0xBF, 0xDA, 0xB2, 0xCF, 0x5E, 0xF1, 0x1F, 0xC3, 0xBF, 0x0A, 0x7C, 0x39, 0xF0, 0xC7, 0x85,
    0x6C, 0x2E, 0xA3, 0xB1, 0x8D, 0x3C, 0x55, 0x75, 0x7B, 0x71, 0x33, 0x4F, 0xE4, 0xA4, 0x92, 0xA0,
    0x92, 0x02, 0xBB, 0xF6, 0xEF, 0x46, 0xDC, 0x62, 0x8C, 0x62, 0x55, 0x50, 0x5C, 0xAB, 0x91, 0xC1,
    0xFC, 0x29, 0xB5, 0xBE, 0xF8, 0x77, 0xFF, 0x00, 0x05, 0x06, 0xF0, 0x67, 0x83, 0xFC, 0x6F, 0xF0,
    0x93, 0xE1, 0xD7, 0x87, 0xFC, 0x45, 0x2E, 0x8F, 0x3C, 0xDA, 0x5E, 0xB3, 0xF0, 0xFC, 0x5D, 0xD8,
    0x5B, 0xAC, 0x66, 0xDA, 0xE9, 0x84, 0xE2, 0x0F, 0x3B, 0xCA, 0x93, 0x22, 0x3B, 0xB8, 0x18, 0x49,
    0x0A, 0x49, 0x9D, 0xAC, 0x18, 0xAA, 0x26, 0xEF, 0xD5, 0x71, 0x34, 0x68, 0xC7, 0x07, 0x5B, 0x09,
    0x4E, 0x84, 0x28, 0x56, 0x84, 0x24, 0xE5, 0x18, 0x4A, 0x9C, 0xE4, 0xEC, 0xAF, 0x24, 0xF9, 0xD3,
    0xA8, 0xAD, 0x6F, 0x79, 0x46, 0xAC, 0x9A, 0x49, 0xFB, 0xAD, 0xAB, 0x10, 0x7E, 0x8F, 0x56, 0x3F,
    0x8C, 0xB5, 0xBB, 0xAF, 0x0D, 0x78, 0x43, 0x5C, 0xD5, 0xEC, 0x74, 0xC9, 0xB5, 0xAB, 0xDD, 0x3E,
    0xC6, 0x7B, 0xB8, 0x34, 0xCB, 0x7D, 0xDE, 0x65, 0xDC, 0x91, 0xC6, 0xCC, 0xB0, 0xA6, 0xD5, 0x63,
    0xB9, 0xC8, 0x0A, 0x30, 0xAC, 0x72, 0x78, 0x07, 0xA5, 0x6C, 0x56, 0x77, 0x88, 0xFC, 0x41, 0x61,
    0xE1, 0x3F, 0x0F, 0x6A, 0x9A, 0xE6, 0xAB, 0x39, 0xB6, 0xD3, 0x34, 0xCB, 0x59, 0x6F, 0x6E, 0xA6,
    0x11, 0xB4, 0x86, 0x38, 0x63, 0x42, 0xEE, 0xDB, 0x54, 0x16, 0x6C, 0x2A, 0x93, 0x85, 0x04, 0x9E,
    0xC0, 0x9A, 0xFC, 0x62, 0x5B, 0x3D, 0x6C, 0x6F, 0x4F, 0xE3, 0x8F, 0xBB, 0xCD, 0xAE, 0xDD, 0xFC,
    0xB4, 0xD7, 0x53, 0x8B, 0xF8, 0x1B, 0xF1, 0x37, 0x5C, 0xF8, 0xAD, 0xE1, 0x5B, 0xDD, 0x57, 0x5F,
    0xF0, 0x4E, 0xA3, 0xE0, 0x3B, 0xB8, 0x2F, 0x9E, 0xD1, 0x34, 0xED, 0x4C, 0x4A, 0x24, 0x96, 0x31,
    0x1C, 0x6E, 0x26, 0x1E, 0x64, 0x31, 0x1D, 0xA4, 0xBB, 0x2F, 0xDD, 0x23, 0x28, 0x79, 0xEA, 0x07,
    0xA2, 0xD7, 0x86, 0x0F, 0xDB, 0x73, 0xE0, 0xB1, 0x1F, 0xF2, 0x39, 0x30, 0xF6, 0x3A, 0x4D, 0xF0,
    0x3F, 0xFA, 0x26, 0xA8, 0xEB, 0xFF, 0x00, 0xB7, 0x3F, 0xC2, 0x4D, 0x3F, 0x41, 0xD4, 0xAE, 0xB4,
    0xBF, 0x11, 0x7F, 0x6B, 0xEA, 0x70, 0x5B, 0x49, 0x2D, 0xAE, 0x9F, 0xF6, 0x1B, 0xC8, 0x3E, 0xD5,
    0x2A, 0xA9, 0x29, 0x17, 0x98, 0xD0, 0x61, 0x37, 0x30, 0x0B, 0xB8, 0xF0, 0x33, 0x93, 0xD2, 0xBC,
    0xD8, 0x63, 0xF0, 0x94, 0xE0, 0x94, 0xF1, 0x11, 0x6D, 0x75, 0xBC, 0x75, 0xF9, 0x2F, 0xD0, 0xFA,
    0x9A, 0xDC, 0x3B, 0x9C, 0x62, 0x2B, 0xB9, 0x51, 0xCB, 0xAA, 0x42, 0x32, 0x7A, 0x47, 0x92, 0x76,
    0x5E, 0x57, 0x92, 0x6E, 0xDE, 0x6D, 0x9F, 0x40, 0xD7, 0x86, 0xFE, 0xD7, 0xBE, 0x1A, 0xFF, 0x00,
    0x84, 0xAB, 0xE1, 0xC6, 0x95, 0x69, 0xFF, 0x00, 0x0B, 0x9B, 0xFE, 0x14, 0x76, 0xCD, 0x5E, 0x39,
    0x7F, 0xE1, 0x20, 0xFB, 0x69, 0xB5, 0xFB, 0x56, 0x20, 0x9C, 0x7D, 0x93, 0x77, 0xDA, 0x20, 0xCE,
    0xED, 0xDE, 0x66, 0x37, 0x9F, 0xF5, 0x39, 0xDA, 0x71, 0x91, 0xD4, 0xFE, 0xCE, 0xDF, 0x18, 0xBF,
    0xE1, 0x7E, 0x7C, 0x22, 0xD2, 0x3C, 0x71, 0xFD, 0x91, 0xFD, 0x85, 0xFD, 0xA1, 0x71, 0x7B, 0x07,
    0xD8, 0x05, 0xCF, 0xDA, 0x7C, 0xBF, 0xB3, 0xDE, 0x4D, 0x6D, 0x9F, 0x33, 0x62, 0x67, 0x77, 0x93,
    0xBB, 0xEE, 0x8C, 0x6E, 0xC7, 0x38, 0xC9, 0xF2, 0x7F, 0xF8, 0x28, 0x8F, 0xC5, 0x7B, 0x4F, 0x84,
    0x1F, 0x02, 0xB4, 0xED, 0x5E, 0xE3, 0xC1, 0x5E, 0x1B, 0xF1, 0xC4, 0xF7, 0x3A, 0xED, 0xBD, 0x9D,
    0xAD, 0xA7, 0x8A, 0xEC, 0x85, 0xE5, 0x9D, 0xAC, 0x86, 0x19, 0xE4, 0x69, 0xFC, 0x93, 0x82, 0xEF,
    0xE5, 0xC5, 0x24, 0x63, 0x0C, 0x84, 0x79, 0xB9, 0xC9, 0x00, 0xA3, 0x7D, 0x6E, 0x47, 0x1A, 0x98,
    0x8C, 0xC3, 0x0F, 0x1C, 0x3A, 0xBC, 0xA5, 0x25, 0x6F, 0x87, 0xF2, 0x9F, 0xBB, 0xFF, 0x00, 0x81,
    0x2B, 0x77, 0x3E, 0x56, 0xAD, 0x39, 0x52, 0x9C, 0xA9, 0xCD, 0x59, 0xA7, 0x67, 0xEA, 0x8F, 0x9B,
    0x35, 0x6F, 0x85, 0xF0, 0x68, 0xBA, 0x55, 0xE6, 0xA1, 0x71, 0xFF, 0x00, 0x05, 0x08, 0xB9, 0x92,
    0xDE, 0xD2, 0x17, 0xB8, 0x91, 0x2D, 0x35, 0x99, 0xAE, 0x66, 0x65, 0x55, 0x2C, 0x42, 0x45, 0x1E,
    0xA6, 0xCF, 0x23, 0x60, 0x70, 0x88, 0xAC, 0xCC, 0x70, 0x00, 0x24, 0x81, 0x5E, 0xF1, 0xFF, 0x00,
    0x04, 0xC8, 0xF1, 0x67, 0x88, 0x3C, 0x5F, 0xF0, 0x4B, 0xC5, 0xB3, 0xF8, 0x8B, 0xC5, 0xB7, 0xDE,
    0x36, 0xBA, 0xB5, 0xF1, 0x75, 0xDD, 0xA4, 0x1A, 0xB5, 0xF5, 0xED, 0xCD, 0xD7, 0x99, 0x02, 0xDA,
    0xDA, 0x15, 0xF2, 0xDA, 0xE7, 0x12, 0xAC, 0x64, 0xB3, 0x38, 0x56, 0x55, 0x23, 0x79, 0xCA, 0xA9,
    0x24, 0x57, 0x9F, 0x69, 0x7F, 0x05, 0x3E, 0x2F, 0x6B, 0xDE, 0x02, 0xB4, 0xF1, 0x46, 0x97, 0xF0,
    0x63, 0xF6, 0x60, 0xD4, 0xE3, 0xBC, 0xD3, 0x13, 0x52, 0xB5, 0xB0, 0xB3, 0xD1, 0x5A, 0x59, 0x6E,
    0x03, 0xC4, 0x24, 0x48, 0xA3, 0x94, 0x13, 0x6E, 0xCC, 0xD9, 0x0A, 0x1C, 0x4D, 0xE5, 0x12, 0x41,
    0xF3, 0x36, 0xFC, 0xD5, 0xED, 0xFF, 0x00, 0xB0, 0x6F, 0xC5, 0x99, 0x3E, 0x2B, 0xFC, 0x13, 0xBC,
    0x33, 0x78, 0x5F, 0xC3, 0x7E, 0x12, 0x97, 0xC3, 0xFA, 0xE5, 0xE6, 0x8A, 0xF6, 0x3E, 0x10, 0xF2,
    0xD7, 0x4B, 0x76, 0x5D, 0x93, 0x99, 0x20, 0x58, 0xD9, 0xD0, 0x29, 0x37, 0x1C, 0x94, 0x77, 0x57,
    0x20, 0xC8, 0x1B, 0x0E, 0x00, 0xFD, 0x13, 0x3F, 0xC4, 0xC7, 0x11, 0x95, 0x55, 0x50, 0x94, 0x6A,
    0xDA, 0x50, 0xBC, 0x92, 0xA3, 0x17, 0x0F, 0x8B, 0xA5, 0x38, 0x45, 0xBE, 0x6D, 0xB7, 0xB2, 0xB7,
    0x99, 0x8A, 0xDC, 0xF7, 0x6F, 0x19, 0x68, 0x97, 0x5E, 0x26, 0xF0, 0x86, 0xB9, 0xA3, 0xD8, 0xEA,
    0x73, 0x68, 0xB7, 0xBA, 0x85, 0x8C, 0xF6, 0x90, 0x6A, 0x76, 0xFB, 0xBC, 0xDB, 0x49, 0x24, 0x8D,
    0x95, 0x66, 0x4D, 0xAC, 0xA7, 0x72, 0x12, 0x18, 0x61, 0x94, 0xE4, 0x70, 0x47, 0x5A, 0xF8, 0x23,
    0xE3, 0x3F, 0xC3, 0x4F, 0x1F, 0x7C, 0x1A, 0xF1, 0xA7, 0x80, 0x34, 0x5D, 0x43, 0xF6, 0x82, 0xF1,
    0x08, 0xB1, 0xF1, 0x3D, 0xCC, 0xF1, 0x4F, 0xAA, 0x5F, 0x6A, 0x1A, 0x85, 0xB4, 0x56, 0x09, 0x13,
    0x42, 0x0B, 0x90, 0xB7, 0x52, 0x6E, 0xCF, 0x9D, 0xD4, 0xED, 0x50, 0x40, 0xDC, 0xCA, 0xA5, 0x9D,
    0x3F, 0x43, 0xEB, 0xE5, 0xDF, 0xDB, 0x87, 0xE2, 0xB5, 0xF7, 0x81, 0xC7, 0xC3, 0x9F, 0x0E, 0x69,
    0xFE, 0x0B, 0xF0, 0xDF, 0x8D, 0x2E, 0xFC, 0x49, 0xAB, 0x18, 0xAD, 0xED, 0xBC, 0x4D, 0x64, 0x2F,
    0x22, 0x13, 0x83, 0x14, 0x10, 0xA4, 0x51, 0xB3, 0x22, 0xAC, 0x8F, 0x25, 0xE2, 0x8F, 0x39, 0x9C,
    0x2A, 0x28, 0x70, 0x41, 0x0F, 0xB9, 0x3F, 0x0B, 0xCC, 0xA8, 0x42, 0xA5, 0x27, 0x52, 0x4D, 0xA6,
    0xAD, 0x6B, 0x39, 0x77, 0x5A, 0x59, 0x35, 0x7B, 0xED, 0xF3, 0x3E, 0xE7, 0x85, 0x73, 0x0C, 0x46,
    0x1B, 0x18, 0xB0, 0xD4, 0xE1, 0x19, 0x42, 0x7C, 0xCE, 0x49, 0xAA, 0x7A, 0x5A, 0x32, 0x7C, 0xDC,
    0xD3, 0x8B, 0xB2, 0x87, 0xC4, 0xFA, 0x3B, 0x59, 0xDE, 0xE7, 0x83, 0x7C, 0x52, 0xF0, 0xDE, 0xA1,
    0xE0, 0x4F, 0x00, 0xEB, 0x1A, 0xEE, 0x8D, 0xFB, 0x5A, 0x4F, 0xE2, 0xAD, 0x4E, 0xCD, 0x11, 0xA0,
    0xD1, 0xAD, 0x75, 0xEB, 0xBF, 0x3A, 0xE8, 0x97, 0x55, 0xD8, 0x9E, 0x4D, 0xEC, 0xCF, 0xBB, 0x0C,
    0x48, 0xF9, 0x36, 0xE4, 0x0D, 0xED, 0x1A, 0x6E, 0x91, 0x7E, 0xAB, 0xFD, 0x8A, 0xB5, 0xBD, 0x53,
    0xC4, 0x5F, 0xB3, 0x4F, 0x84, 0xAF, 0xF5, 0x9D, 0x5A, 0xEB, 0x5C, 0xD4, 0xA4, 0x93, 0x50, 0x59,
    0x6F, 0xEF, 0x6E, 0x64, 0xB9, 0x96, 0x4D, 0xB7, 0xF7, 0x0A, 0xBB, 0xA4, 0x91, 0x99, 0x8E, 0x15,
    0x55, 0x46, 0x49, 0xC0, 0x50, 0x3A, 0x0A, 0xF9, 0x53, 0xC5, 0xFE, 0x35, 0xF1, 0x2F, 0x85, 0xFC,
    0x7B, 0xE3, 0x3F, 0x06, 0x49, 0xF0, 0x83, 0xE0, 0xD5, 0xFE, 0xAF, 0xE1, 0x5D, 0x12, 0x5D, 0x7E,
    0xFD, 0xAD, 0x7C, 0x38, 0x5A, 0x13, 0x69, 0x18, 0xB5, 0x69, 0x0C, 0x65, 0xE4, 0x42, 0xCC, 0xA9,
    0x78, 0x8E, 0x54, 0x85, 0x24, 0x47, 0x20, 0x5D, 0xCD, 0xB5, 0x5B, 0xED, 0xCF, 0x80, 0xBE, 0x3A,
    0xD2, 0xBE, 0x24, 0x7C, 0x21, 0xF0, 0xCE, 0xBD, 0xA2, 0x68, 0xCB, 0xE1, 0xDD, 0x2E, 0x5B, 0x73,
    0x6D, 0x0E, 0x93, 0x1A, 0xA0, 0x8E, 0xCF, 0xC8, 0x76, 0x80, 0xC5, 0x1E, 0xC0, 0x17, 0xCB, 0x56,
    0x88, 0x84, 0xC0, 0x5F, 0x94, 0x2F, 0xCA, 0xA7, 0xE5, 0x1C, 0x19, 0x6D, 0xBD, 0xBB, 0x69, 0xB5,
    0xA3, 0x56, 0xF7, 0x9D, 0xEC, 0xEC, 0xDF, 0xBC, 0xDE, 0xCF, 0x4D, 0x3B, 0x9F, 0x49, 0xC5, 0x4E,
    0x7F, 0xD9, 0xB0, 0x52, 0x8C, 0x67, 0xEF, 0xC5, 0xF3, 0xA5, 0x49, 0x59, 0x4A, 0x0E, 0x51, 0x8D,
    0xA9, 0xC6, 0x2E, 0xD2, 0x4F, 0x99, 0x37, 0xDB, 0x4E, 0xA7, 0x7F, 0x45, 0x14, 0x57, 0xD3, 0x1F,
    0x92, 0x85, 0x14, 0x51, 0x40, 0x05, 0x14, 0x51, 0x40, 0x05, 0x14, 0x51, 0x40, 0x1F, 0x94, 0x76,
    0xBE, 0x1C, 0xF8, 0x0D, 0xE3, 0x3F, 0x88, 0xFA, 0xCF, 0x8F, 0x7E, 0x16, 0x78, 0x3F, 0xF6, 0x84,
    0xB7, 0x48, 0x35, 0x19, 0xA3, 0xB6, 0xD4, 0x7E, 0x19, 0xE9, 0x50, 0x25, 0x85, 0xA4, 0x86, 0x3D,
    0xB2, 0x0B, 0x56, 0xDA, 0x65, 0x81, 0x64, 0x49, 0x37, 0xF9, 0x4C, 0x54, 0xAA, 0xCD, 0xB7, 0x62,
    0x29, 0x08, 0x3D, 0x7B, 0xF6, 0x30, 0xF8, 0x5D, 0xF0, 0xBB, 0xE1, 0x87, 0xC5, 0xEB, 0x46, 0xF0,
    0xF7, 0xC2, 0x0F, 0x8D, 0x16, 0x3A, 0xD5, 0xF4, 0x32, 0x41, 0x69, 0xAF, 0xFC, 0x40, 0xF0, 0xF4,
    0x30, 0xD8, 0xE9, 0x2A, 0xB1, 0x48, 0xF2, 0x15, 0x92, 0x30, 0x82, 0x36, 0x95, 0x47, 0x97, 0xBC,
    0xAB, 0x31, 0xDC, 0x11, 0x4A, 0x87, 0x7D, 0xDC, 0xD7, 0xC1, 0x8F, 0x84, 0xFA, 0x67, 0xC0, 0x0D,
    0x2A, 0xFF, 0x00, 0x4E, 0xF0, 0x27, 0xED, 0xC7, 0xE0, 0xED, 0x1A, 0xC3, 0x50, 0x95, 0x27, 0xB8,
    0xB6, 0x6B, 0x4D, 0x32, 0xEA, 0x26, 0x91, 0x57, 0x6F, 0x98, 0xA9, 0x35, 0xEB, 0x84, 0x62, 0xB8,
    0x05, 0x97, 0x05, 0x82, 0xA0, 0x62, 0x76, 0x2E, 0x3D, 0xF3, 0xE0, 0xAE, 0xB9, 0xAE, 0xDE, 0x7C,
    0x4D, 0xD1, 0x61, 0xBC, 0xFD, 0xAE, 0xBC, 0x2B, 0xF1, 0x3E, 0xD9, 0x8C, 0xDB, 0xFC, 0x29, 0xA6,
    0xE9, 0x3A, 0x4C, 0x13, 0xDF, 0xFE, 0xE2, 0x42, 0x36, 0xBC, 0x13, 0x34, 0x83, 0x61, 0xC4, 0xA7,
    0x68, 0x39, 0x11, 0x90, 0x78, 0x24, 0xD7, 0xED, 0xD9, 0xB6, 0x25, 0x3C, 0x25, 0x7A, 0x58, 0x6A,
    0xEE, 0x54, 0xF9, 0x5A, 0x5C, 0xCF, 0x11, 0xCE, 0xD2, 0x5A, 0x29, 0x3F, 0x62, 0xA2, 0xFD, 0x1C,
    0xB9, 0x7B, 0xD9, 0x10, 0x8F, 0xA9, 0xEB, 0x8E, 0xF8, 0xC5, 0x7D, 0xE1, 0xAB, 0x1F, 0x85, 0x9E,
    0x2A, 0x3E, 0x31, 0xD5, 0xD7, 0x41, 0xF0, 0xCD, 0xC6, 0x9D, 0x35, 0x9D, 0xF6, 0xA1, 0xBC, 0x2B,
    0x45, 0x1C, 0xCA, 0x61, 0xC4, 0x79, 0x0D, 0x99, 0x18, 0xC8, 0x15, 0x14, 0x2B, 0x16, 0x76, 0x55,
    0x0A, 0xC4, 0x80, 0x7B, 0x1A, 0xE5, 0x7E, 0x2A, 0x78, 0x5F, 0xC3, 0xBE, 0x33, 0xF8, 0x73, 0xE2,
    0x2D, 0x1F, 0xC5, 0x92, 0x5B, 0xDB, 0xF8, 0x76, 0xE2, 0xCA, 0x43, 0x79, 0x75, 0x72, 0x62, 0x54,
    0xB4, 0x45, 0x1B, 0xC5, 0xC0, 0x69, 0x41, 0x44, 0x68, 0x8A, 0x89, 0x55, 0xD8, 0x61, 0x19, 0x15,
    0xBF, 0x86, 0xBF, 0x0D, 0xA8, 0x9B, 0x83, 0x4B, 0xB1, 0xD7, 0x86, 0x92, 0x8D, 0x68, 0x4A, 0x4D,
    0xA4, 0x9A, 0xD5, 0x6E, 0xB5, 0xE9, 0xE7, 0xD8, 0xF9, 0x23, 0xE1, 0x77, 0xED, 0x39, 0x79, 0xF0,
    0xFF, 0x00, 0xC0, 0x9A, 0x66, 0x83, 0xF0, 0xBB, 0xE0, 0x5F, 0x8C, 0x3C, 0x47, 0xE0, 0x6B, 0x41,
    0x20, 0xB0, 0xD5, 0x6E, 0x25, 0xB9, 0x96, 0x5B, 0xA9, 0x1A, 0x46, 0x7B, 0x97, 0x90, 0xC3, 0x6B,
    0x34, 0x61, 0xBE, 0xD0, 0xD3, 0xE4, 0x24, 0x85, 0x46, 0x30, 0x02, 0x00, 0x11, 0x7D, 0xC3, 0xE0,
    0x3F, 0xED, 0x45, 0x6B, 0xF1, 0x7F, 0xC4, 0x97, 0xDE, 0x10, 0xD6, 0x7C, 0x2D, 0xAA, 0xF8, 0x23,
    0xC7, 0x76, 0x16, 0x8D, 0x7D, 0x73, 0xA3, 0x5F, 0xC6, 0xEF, 0x1F, 0x90, 0x24, 0x55, 0x0C, 0xB2,
    0xB2, 0x23, 0x06, 0x0B, 0x2D, 0xB3, 0x15, 0x92, 0x38, 0xCF, 0xEF, 0x86, 0xCF, 0x31, 0x55, 0x9C,
    0x7C, 0x91, 0x79, 0xF1, 0x7B, 0xC5, 0xFF, 0x00, 0x0A, 0xA2, 0xB6, 0xF0, 0x9F, 0x82, 0x3F, 0x68,
    0xBF, 0x0F, 0xEA, 0x7A, 0x0E, 0x93, 0x01, 0xB7, 0x8A, 0x4D, 0x4F, 0x47, 0xBA, 0x46, 0x49, 0x16,
    0x47, 0x06, 0x28, 0xD8, 0x58, 0x5D, 0x89, 0x20, 0x00, 0x26, 0xC7, 0x59, 0x88, 0xC1, 0xDA, 0xAA,
    0x11, 0x54, 0x9F, 0x71, 0xFD, 0x90, 0x7C, 0x05, 0xE1, 0xCD, 0x53, 0xE2, 0x97, 0x8D, 0x7E, 0x25,
    0xE9, 0xDF, 0x16, 0xAE, 0x7E, 0x25, 0x6B, 0x37, 0x10, 0x9D, 0x3E, 0xF2, 0x39, 0xB4, 0xA9, 0x34,
    0xF6, 0x85, 0xA6, 0x78, 0xE6, 0x69, 0x24, 0x49, 0x89, 0x76, 0x52, 0x20, 0x85, 0x22, 0xF2, 0xC2,
    0x44, 0x8B, 0x1C, 0xA8, 0xA1, 0xB6, 0x81, 0x17, 0xCC, 0xE0, 0x71, 0x55, 0xA7, 0x56, 0x14, 0x94,
    0xEF, 0xDD, 0x7E, 0xEE, 0xC9, 0x5B, 0xEC, 0xF2, 0xB7, 0x2D, 0x1D, 0xB7, 0xE9, 0xB9, 0xFA, 0xB6,
    0x7D, 0x94, 0x60, 0xE8, 0x60, 0xAB, 0x62, 0xE7, 0x41, 0xC6, 0xFF, 0x00, 0x04, 0x92, 0xC4, 0x73,
    0x49, 0xB9, 0x2F, 0xE2, 0x7B, 0x58, 0x46, 0x0A, 0xEA, 0xED, 0xD9, 0xA7, 0x7D, 0x93, 0x47, 0xD6,
    0xF5, 0xE5, 0x3F, 0xB4, 0x7F, 0xEC, 0xDF, 0xE1, 0xAF, 0xDA, 0x83, 0xC1, 0x3A, 0x7F, 0x85, 0xFC,
    0x53, 0x7D, 0xAA, 0xD8, 0x69, 0xF6, 0x3A, 0x92, 0x6A, 0x91, 0xC9, 0xA4, 0x4B, 0x14, 0x72, 0x99,
    0x52, 0x29, 0x62, 0x00, 0x99, 0x23, 0x90, 0x6D, 0xDB, 0x33, 0x1C, 0x00, 0x0E, 0x40, 0xE7, 0xAE,
    0x7D, 0x5A, 0xB8, 0x6F, 0x8B, 0xFF, 0x00, 0x1B, 0x7C, 0x17, 0xF0, 0x1B, 0xC3, 0x76, 0xBA, 0xF7,
    0x8E, 0xB5, 0x93, 0xA1, 0xE9, 0x37, 0x57, 0x8B, 0x61, 0x0D, 0xC0, 0xB4, 0x9E, 0xE7, 0x74, 0xEC,
    0x8F, 0x20, 0x4D, 0xB0, 0xA3, 0xB0, 0xF9, 0x62, 0x73, 0x92, 0x31, 0xF2, 0xF5, 0xC9, 0x19, 0xFB,
    0x7C, 0x14, 0xB1, 0x31, 0xC4, 0xD3, 0x96, 0x0E, 0xFE, 0xD6, 0xEB, 0x97, 0x97, 0x57, 0x7E, 0x96,
    0x4B, 0x5B, 0x9F, 0x90, 0x9F, 0x2C, 0x7F, 0xC3, 0xA2, 0x7E, 0x0F, 0xE7, 0x3F, 0xF0, 0x93, 0x78,
    0xDF, 0x3F, 0xF5, 0xF9, 0x63, 0xFF, 0x00, 0xC8, 0x74, 0x8D, 0xFF, 0x00, 0x04, 0x88, 0xF8, 0x3E,
    0xC0, 0x8F, 0xF8, 0x49, 0xBC, 0x71, 0xCF, 0xFD, 0x3E, 0x58, 0xFF, 0x00, 0xF2, 0x1D, 0x7A, 0x77,
    0xFC, 0x3C, 0x6B, 0xF6, 0x78, 0xFF, 0x00, 0xA2, 0x82, 0xDF, 0xF8, 0x23, 0xD4, 0x7F, 0xF9, 0x1E,
    0x90, 0xFF, 0x00, 0xC1, 0x46, 0xFF, 0x00, 0x67, 0x70, 0x09, 0x3F, 0x10, 0x4E, 0x07, 0xFD, 0x40,
    0xF5, 0x1F, 0xFE, 0x47, 0xAF, 0xD1, 0x9E, 0x2B, 0x8E, 0xEC, 0xEF, 0x1C, 0x4F, 0xFE, 0x01, 0x3F,
    0xFE, 0x44, 0x8F, 0x74, 0xFA, 0x52, 0xBE, 0x41, 0xFF, 0x00, 0x82, 0x87, 0xDD, 0xF8, 0x24, 0xF8,
    0x77, 0xC2, 0xFA, 0x5F, 0x88, 0x7C, 0x25, 0xAD, 0xF8, 0xA3, 0xC5, 0x1A, 0x99, 0x9E, 0xD7, 0xC3,
    0xE3, 0x48, 0xBF, 0x16, 0x9B, 0x1D, 0xA7, 0xB3, 0x59, 0xA2, 0x24, 0xAC, 0xA1, 0x9E, 0x50, 0xD1,
    0xAA, 0x2F, 0xD9, 0xE6, 0x24, 0x82, 0xA3, 0xCB, 0x2C, 0x1E, 0xBE, 0xAE, 0xF1, 0x06, 0xBD, 0x63,
    0xE1, 0x6D, 0x07, 0x52, 0xD6, 0xB5, 0x49, 0xFE, 0xCD, 0xA6, 0xE9, 0xD6, 0xD2, 0xDE, 0x5D, 0x4F,
    0xB1, 0x9F, 0xCB, 0x8A, 0x34, 0x2E, 0xED, 0xB5, 0x41, 0x63, 0x85, 0x04, 0xE0, 0x02, 0x4F, 0x61,
    0x5F, 0x20, 0xFC, 0x76, 0xF8, 0xCB, 0xF0, 0x97, 0xE2, 0xD6, 0xAD, 0xE0, 0xED, 0x73, 0x44, 0xF8,
    0xC3, 0x7F, 0xE0, 0xAF, 0x11, 0x78, 0x62, 0xE6, 0x59, 0xEC, 0xEF, 0xED, 0xBC, 0x3F, 0x7B, 0x3A,
    0xB2, 0xCA, 0x13, 0x7A, 0xB2, 0x79, 0x69, 0x9C, 0xF9, 0x48, 0x30, 0x58, 0xA1, 0x43, 0x22, 0xB2,
    0x30, 0x7E, 0x3F, 0x17, 0xCC, 0x6B, 0x53, 0x85, 0x17, 0x09, 0x4A, 0x37, 0x76, 0xD1, 0xB5, 0xAA,
    0xBA, 0xBD, 0xAE, 0xD2, 0xDB, 0x6F, 0x33, 0xED, 0x38, 0x5F, 0x03, 0x8A, 0xC4, 0x63, 0xA1, 0x88,
    0xA5, 0x4E, 0xA3, 0x84, 0x2F, 0x79, 0x42, 0x33, 0x76, 0x7C, 0xAF, 0x96, 0xEE, 0x11, 0x93, 0x49,
    0xBB, 0x29, 0x59, 0x37, 0xCB, 0x7D, 0x0E, 0x67, 0xF6, 0x90, 0xF0, 0xE7, 0xC1, 0x3B, 0xFF, 0x00,
    0xDA, 0x27, 0xC4, 0x1A, 0x87, 0x88, 0xF4, 0xBF, 0x88, 0x1E, 0x26, 0xF1, 0x26, 0x9B, 0x04, 0x1A,
    0x9E, 0xAF, 0x6D, 0xE1, 0xEB, 0x5B, 0x67, 0xB2, 0xB4, 0x81, 0x20, 0x80, 0x3A, 0xBB, 0xBA, 0xAC,
    0xA9, 0x19, 0x89, 0x60, 0x69, 0x24, 0x47, 0x00, 0x79, 0xA3, 0x12, 0x2B, 0x0C, 0x2F, 0xD6, 0x7F,
    0x00, 0x75, 0x7F, 0x07, 0x6B, 0xBF, 0x07, 0xFC, 0x33, 0x79, 0xE0, 0x1D, 0x3D, 0xB4, 0xAF, 0x0A,
    0x3C, 0x0C, 0x96, 0x96, 0x52, 0x42, 0x62, 0x92, 0x06, 0x59, 0x19, 0x66, 0x49, 0x01, 0x24, 0xB4,
    0x82, 0x55, 0x93, 0x7B, 0xEE, 0x6D, 0xED, 0xB9, 0xB7, 0xBE, 0xED, 0xC7, 0xE3, 0x2D, 0x02, 0xEF,
    0xE0, 0xE6, 0x85, 0xE1, 0x5F, 0x89, 0xB1, 0xC9, 0xF1, 0x97, 0xED, 0x9E, 0x2F, 0xF1, 0xCA, 0xC9,
    0x05, 0xDF, 0x88, 0x9F, 0xC1, 0x57, 0x00, 0x41, 0x6D, 0x34, 0xA6, 0x4B, 0xB8, 0x92, 0x11, 0x1E,
    0x7F, 0xD2, 0x0B, 0xC8, 0x1C, 0xAB, 0xA8, 0xFF, 0x00, 0x54, 0x55, 0x54, 0xC4, 0x09, 0xFA, 0xD7,
    0xF6, 0x54, 0xD2, 0xBC, 0x3B, 0xA2, 0x7C, 0x02, 0xF0, 0xAD, 0x97, 0x85, 0x7C, 0x41, 0x3F, 0x8A,
    0xB4, 0x68, 0x96, 0xE7, 0x6E, 0xB1, 0x3D, 0xAB, 0x5A, 0xB5, 0xCC, 0xC6, 0xE6, 0x53, 0x39, 0x10,
    0xB2, 0x86, 0x8D, 0x04, 0xC6, 0x55, 0x55, 0x39, 0x21, 0x55, 0x41, 0x67, 0xFB, 0xCD, 0xC3, 0x97,
    0x4D, 0x4E, 0xBC, 0xE7, 0x1E, 0x5F, 0x79, 0x36, 0xEC, 0xD3, 0x6B, 0x5D, 0x15, 0xD3, 0x77, 0xD3,
    0x57, 0xD2, 0xEF, 0x43, 0xE8, 0xB8, 0xA2, 0x85, 0x4C, 0x3E, 0x5D, 0x46, 0x8D, 0x5F, 0x6D, 0xFB,
    0xB7, 0x18, 0xA7, 0x38, 0xCE, 0x30, 0x92, 0x50, 0xF7, 0x9A, 0x52, 0x8C, 0x52, 0xD7, 0xDD, 0x82,
    0xF8, 0xB9, 0x53, 0xE6, 0x4B, 0x43, 0xD6, 0x68, 0xA2, 0x8A, 0xFA, 0x33, 0xF2, 0xC0, 0xA2, 0x8A,
    0x28, 0x00, 0xA2, 0x8A, 0x28, 0x00, 0xA2, 0x8A, 0x28, 0x03, 0xCA, 0xB5, 0x5F, 0xD9, 0x47, 0xE0,
    0xC6, 0xB1, 0xA5, 0x5E, 0x69, 0xD3, 0xFC, 0x2A, 0xF0, 0x7C, 0x56, 0xF7, 0x50, 0x3D, 0xBC, 0x8F,
    0x67, 0xA2, 0xDB, 0xDB, 0x4C, 0xAA, 0xCA, 0x54, 0x98, 0xE5, 0x89, 0x15, 0xE3, 0x6C, 0x1E, 0x1D,
    0x18, 0x32, 0x9C, 0x10, 0x41, 0x00, 0xD7, 0xCC, 0xFE, 0x18, 0xFD, 0x86, 0xE6, 0xF8, 0x37, 0xFB,
    0x77, 0x78, 0x1F, 0xC6, 0x1F, 0x0F, 0xBC, 0x37, 0x75, 0x6D, 0xF0, 0xBE, 0xD7, 0x4F, 0x9A, 0x6B,
    0xD9, 0xE7, 0xD5, 0x23, 0x99, 0x6C, 0x6E, 0xDE, 0xCE, 0xEE, 0xDC, 0xC6, 0x8B, 0x2C, 0x9F, 0x68,
    0x75, 0x6C, 0xDB, 0xB7, 0x21, 0xF0, 0xD2, 0xB6, 0x18, 0x28, 0xDA, 0x9F, 0x76, 0xD1, 0x5E, 0xFE,
    0x17, 0x3D, 0xCC, 0x30, 0xB1, 0xAB, 0x4D, 0x55, 0x72, 0x8D, 0x48, 0xCA, 0x2D, 0x49, 0xB6, 0xAD,
    0x25, 0x6B, 0xDA, 0xF6, 0xBA, 0xBD, 0xE2, 0xFA, 0x31, 0x59, 0x05, 0x70, 0x7F, 0x1D, 0x7E, 0x1D,
    0xDD, 0xFC, 0x57, 0xF8, 0x47, 0xE2, 0x7F, 0x0A, 0x58, 0x6A, 0x77, 0x3A, 0x45, 0xFE, 0xA3, 0x6B,
    0xB6, 0xDE, 0xE6, 0xDA, 0xE5, 0xAD, 0xF3, 0x22, 0xB0, 0x75, 0x8A, 0x57, 0x55, 0x63, 0xE4, 0x48,
    0x50, 0x47, 0x2A, 0x85, 0x25, 0xA2, 0x79, 0x17, 0xBD, 0x77, 0x95, 0xE5, 0x7F, 0xB5, 0x3E, 0x82,
    0x7C, 0x47, 0xFB, 0x39, 0xFC, 0x44, 0xB4, 0x17, 0xF7, 0xDA, 0x71, 0x8B, 0x46, 0xB8, 0xBD, 0x12,
    0x69, 0xF7, 0x1E, 0x43, 0xC9, 0xE4, 0x2F, 0x9F, 0xE4, 0xB3, 0x60, 0xFE, 0xEA, 0x5F, 0x2F, 0xCA,
    0x91, 0x7F, 0x8A, 0x39, 0x1D, 0x78, 0xCE, 0x6B, 0xE6, 0xEB, 0x5B, 0xD9, 0xCA, 0xEB, 0xA3, 0x3B,
    0x70, 0x6A, 0x4F, 0x13, 0x49, 0x41, 0xD9, 0xF3, 0x2B, 0x3B, 0x5E, 0xDA, 0xEF, 0x6E, 0xBE, 0x87,
    0x93, 0xFE, 0xC1, 0x9F, 0x10, 0xCE, 0xA7, 0xE1, 0x5B, 0xDF, 0x09, 0xDE, 0x69, 0xFE, 0x09, 0xD2,
    0x6E, 0xAD, 0x2D, 0xED, 0xEF, 0x6D, 0x4F, 0x85, 0xB5, 0x9D, 0x3E, 0xEE, 0x7D, 0x46, 0x3F, 0x2D,
    0x61, 0x9A, 0x6B, 0x98, 0xED, 0x6E, 0x26, 0xDD, 0x2A, 0x94, 0x87, 0x7D, 0xC1, 0x21, 0x5F, 0xCF,
    0x40, 0x00, 0xD9, 0x96, 0xAB, 0xFB, 0x24, 0xFE, 0xCF, 0xFE, 0x34, 0xF0, 0x9F, 0xC5, 0x1D, 0x7F,
    0xE2, 0x27, 0x8C, 0xBC, 0x37, 0xA0, 0x78, 0x12, 0x6B, 0x8D, 0x37, 0xFB, 0x22, 0xDB, 0xC3, 0x5E,
    0x1E, 0xB7, 0x8A, 0x3B, 0x60, 0x1B, 0xEC, 0xAC, 0xF2, 0xC4, 0xB1, 0x4B, 0x22, 0xC3, 0x1E, 0x6D,
    0x80, 0xD9, 0xB9, 0x99, 0x9D, 0xE4, 0x63, 0xB0, 0x05, 0xDF, 0xF2, 0x32, 0xF8, 0x1B, 0xC5, 0xBA,
    0xA7, 0x81, 0xFC, 0x2D, 0xAC, 0xF8, 0x3B, 0xE1, 0x67, 0x8A, 0x74, 0x2F, 0x1A, 0xE9, 0x6F, 0x0D,
    0xF5, 0x8F, 0x88, 0xB4, 0xDB, 0x4B, 0xAB, 0xED, 0x3B, 0x53, 0xE1, 0xA5, 0x82, 0xE9, 0xA0, 0x9E,
    0x29, 0x16, 0x39, 0x23, 0x78, 0xED, 0x59, 0x0C, 0x4C, 0xD1, 0x48, 0x24, 0x9C, 0x94, 0x50, 0x23,
    0x51, 0xF5, 0x2F, 0xEC, 0x73, 0xF0, 0xA3, 0x56, 0xF0, 0xFF, 0x00, 0xC6, 0xAF, 0x1B, 0x78, 0xB3,
    0x4A, 0xF0, 0x7E, 0xAB, 0xF0, 0xEB, 0xE1, 0xDC, 0xB6, 0x5F, 0xD9, 0x56, 0x3A, 0x06, 0xB1, 0x2D,
    0xC2, 0x4F, 0x33, 0xAB, 0x40, 0xD1, 0x4A, 0xD1, 0x4B, 0xCB, 0x95, 0x55, 0x9D, 0xB7, 0xB1, 0x21,
    0x0D, 0xD3, 0x47, 0x1B, 0x38, 0x12, 0x11, 0xF2, 0xB8, 0x3A, 0xFE, 0xDE, 0x54, 0x29, 0xCA, 0x2D,
    0xF2, 0xBD, 0x2D, 0x7D, 0x34, 0x76, 0x6F, 0xDD, 0x5B, 0x6D, 0xBA, 0xDD, 0x3D, 0x4F, 0xD7, 0x33,
    0xAC, 0xBD, 0xE0, 0x29, 0x63, 0xF1, 0x14, 0xEA, 0xC6, 0x3E, 0xD5, 0x25, 0x24, 0xD4, 0x6E, 0xDA,
    0x9A, 0xBC, 0x63, 0x6A, 0xB3, 0xB7, 0x3E, 0x93, 0x5A, 0x49, 0xD9, 0x35, 0xEE, 0x5B, 0x5F, 0xB2,
    0xAB, 0xE7, 0xBF, 0xDB, 0xAB, 0xE0, 0x67, 0x8A, 0x7F, 0x68, 0x2F, 0x80, 0x37, 0xDE, 0x1A, 0xF0,
    0x7E, 0xA4, 0x6D, 0x35, 0x6B, 0x7B, 0xB8, 0xF5, 0x1F, 0xEC, 0xE3, 0x29, 0x8A, 0x3D, 0x59, 0x23,
    0x57, 0xFF, 0x00, 0x44, 0x67, 0xDC, 0x15, 0x72, 0xCC, 0x92, 0x29, 0x7C, 0xA7, 0x99, 0x0C, 0x79,
    0xDB, 0xFE, 0xB1, 0x3E, 0x84, 0xAE, 0x1B, 0xE2, 0xFF, 0x00, 0xC2, 0xCF, 0xF8, 0x5B, 0xBE, 0x1B,
    0xB5, 0xD2, 0x3F, 0xE1, 0x30, 0xF1, 0x5F, 0x82, 0xBE, 0xCF, 0x78, 0xB7, 0x9F, 0x6F, 0xF0, 0x86,
    0xA7, 0xF6, 0x0B, 0xA9, 0x30, 0x8E, 0x9E, 0x53, 0xC9, 0xB5, 0xB3, 0x19, 0xF3, 0x37, 0x15, 0xC7,
    0xDE, 0x44, 0x39, 0xE2, 0xBF, 0x41, 0xCB, 0x31, 0x32, 0xC1, 0x63, 0x69, 0x62, 0x63, 0x25, 0x17,
    0x09, 0x27, 0x76, 0xB9, 0x92, 0xB3, 0xED, 0xD4, 0xFC, 0x59, 0x9F, 0x17, 0x1F, 0x01, 0xFC, 0x57,
    0x3E, 0x0C, 0xF2, 0x07, 0xEC, 0x45, 0xF0, 0xA0, 0x78, 0xCB, 0x3F, 0xF2, 0x17, 0x23, 0x48, 0xFB,
    0x0E, 0x3C, 0xDC, 0xFF, 0x00, 0xC7, 0xA7, 0x99, 0xE6, 0x7F, 0xAA, 0xF9, 0x7F, 0xE3, 0xE3, 0xEF,
    0x7C, 0xFD, 0x3E, 0x4A, 0xEC, 0xBF, 0x63, 0x0F, 0xD8, 0x5F, 0x48, 0xF0, 0x9F, 0x81, 0x35, 0xEB,
    0xDF, 0x8B, 0xDF, 0x0C, 0xBC, 0x25, 0x36, 0xBB, 0xAB, 0xEA, 0xD2, 0xDC, 0xDA, 0x68, 0x57, 0xFA,
    0x7D, 0x96, 0xAA, 0xBA, 0x4D, 0xB0, 0x01, 0x52, 0x35, 0xB8, 0x91, 0x65, 0x94, 0xEE, 0x20, 0x9D,
    0xAD, 0x71, 0x28, 0x08, 0xB1, 0x1F, 0x96, 0x46, 0x9B, 0x76, 0xDF, 0xC4, 0xEF, 0xF8, 0x27, 0x97,
    0xFC, 0x2C, 0x2F, 0x03, 0xEA, 0x5E, 0x1F, 0x6F, 0x8E, 0x7F, 0x14, 0x2F, 0x56, 0xEC, 0xC5, 0x98,
    0x3C, 0x51, 0xAC, 0x0D, 0x5B, 0x4F, 0x6D, 0x92, 0xA3, 0xFE, 0xF6, 0xD7, 0x6C, 0x5E, 0x67, 0xDC,
    0xCA, 0xFC, 0xE3, 0x6B, 0x6D, 0x6E, 0x76, 0xE0, 0xE5, 0x7F, 0xC1, 0x2B, 0x7C, 0x1F, 0xE2, 0xAF,
    0x00, 0x7C, 0x11, 0xF1, 0x46, 0x89, 0xE2, 0xAF, 0x07, 0xEB, 0xBE, 0x15, 0xB8, 0x6F, 0x10, 0x35,
    0xF4, 0x27, 0x5A, 0xB2, 0x16, 0x82, 0x65, 0x92, 0xD6, 0xDD, 0x0A, 0xA4, 0x6C, 0x44, 0x9F, 0x21,
    0x87, 0x96, 0x64, 0x08, 0x77, 0xA8, 0x56, 0x62, 0xAE, 0x13, 0xEE, 0xB3, 0x2C, 0x5E, 0x1F, 0x15,
    0x95, 0x56, 0x78, 0x4A, 0x90, 0x5E, 0xFC, 0x5C, 0xA2, 0xA3, 0x51, 0x37, 0x7B, 0xD9, 0xDE, 0xA5,
    0x59, 0xD9, 0x2D, 0x7E, 0x15, 0xEB, 0x64, 0x25, 0xB9, 0xF6, 0x4E, 0xA7, 0xA6, 0x59, 0xEB, 0x5A,
    0x75, 0xDE, 0x9F, 0xA8, 0x5A, 0x41, 0x7F, 0x61, 0x77, 0x13, 0xC1, 0x71, 0x6B, 0x73, 0x18, 0x92,
    0x29, 0xA3, 0x60, 0x55, 0xD1, 0xD1, 0x81, 0x0C, 0xA4, 0x12, 0x08, 0x23, 0x04, 0x1A, 0xF9, 0x23,
    0xF6, 0xA6, 0xFD, 0x97, 0x74, 0xEB, 0x01, 0xE1, 0xBF, 0x1A, 0x7C, 0x3F, 0xF0, 0x07, 0x80, 0xAD,
    0xED, 0xFC, 0x2C, 0xB7, 0x57, 0x9A, 0xA6, 0x9D, 0x79, 0x6F, 0x16, 0x9D, 0x05, 0xDA, 0x93, 0x01,
    0x47, 0x9B, 0x69, 0x86, 0x37, 0x8A, 0x21, 0x1C, 0xB2, 0x38, 0x96, 0x64, 0x5D, 0xAA, 0x41, 0x0E,
    0x19, 0x90, 0xFD, 0x81, 0x5F, 0x1A, 0x7F, 0xC1, 0x44, 0x4C, 0xD1, 0x5E, 0x7C, 0x2C, 0xBB, 0xD4,
    0x2C, 0x35, 0x4B, 0xFF, 0x00, 0x04, 0x58, 0x6A, 0x52, 0x5E, 0x78, 0x81, 0x6D, 0x62, 0x94, 0xDA,
    0x88, 0x05, 0xC5, 0x9A, 0x15, 0x92, 0x45, 0x65, 0x48, 0xE6, 0x78, 0xE4, 0x9E, 0x38, 0x99, 0xDD,
    0x4E, 0x64, 0x70, 0xA4, 0x65, 0xAB, 0xF2, 0x0C, 0xC5, 0x47, 0xEA, 0xD2, 0x72, 0x57, 0xDB, 0xE5,
    0xAA, 0xD7, 0x67, 0xA2, 0xDD, 0xE8, 0xF4, 0xE8, 0x7D, 0x77, 0x0B, 0xCA, 0xAF, 0xF6, 0xAD, 0x28,
    0x53, 0x9F, 0x2D, 0xF9, 0xB7, 0xD5, 0x3F, 0x76, 0x5E, 0xED, 0xB9, 0xA3, 0x77, 0x2F, 0x86, 0x3E,
    0xF4, 0x5F, 0x33, 0x56, 0x69, 0xEA, 0x72, 0x9E, 0x22, 0xF8, 0x7F, 0xE3, 0x9F, 0x1B, 0xFC, 0x2C,
    0x86, 0x0F, 0x0D, 0x7E, 0xCC, 0x7F, 0x0F, 0x34, 0xED, 0x4F, 0x55, 0xD3, 0xC2, 0x5C, 0x78, 0x97,
    0x49, 0x7D, 0x2A, 0x44, 0xB8, 0x8E, 0x5B, 0x76, 0x0D, 0x35, 0x90, 0x59, 0x54, 0xC2, 0xC5, 0x99,
    0x64, 0x8D, 0xDA, 0x59, 0x42, 0x80, 0x07, 0xCF, 0x90, 0xC3, 0xEA, 0x5F, 0xD9, 0x8B, 0xC3, 0x1A,
    0x9F, 0x83, 0xBE, 0x04, 0x78, 0x4B, 0x49, 0xD5, 0x75, 0x8D, 0x3F, 0x5F, 0x9E, 0x18, 0x24, 0x78,
    0x35, 0x1D, 0x26, 0xF5, 0xEF, 0x2D, 0x26, 0xB5, 0x79, 0xA4, 0x92, 0xD7, 0xC9, 0x95, 0x95, 0x4B,
    0x46, 0x20, 0x68, 0x95, 0x70, 0x36, 0x80, 0x00, 0x5C, 0xA8, 0x06, 0xBE, 0x5E, 0xF0, 0x87, 0xED,
    0x49, 0xE3, 0x7D, 0x5F, 0xC6, 0x9A, 0x1E, 0xA1, 0xF0, 0xD3, 0xC0, 0xBE, 0x25, 0xBD, 0xF8, 0x21,
    0xE1, 0xC5, 0xB5, 0xD0, 0x25, 0xD1, 0x6C, 0xAD, 0xA2, 0xBD, 0xB9, 0x97, 0x16, 0xEF, 0xF3, 0xB3,
    0xAA, 0x49, 0x22, 0xBC, 0x6A, 0x50, 0x84, 0x12, 0xB2, 0x91, 0x0C, 0x5E, 0x64, 0x91, 0x9B, 0x90,
    0x2B, 0x6B, 0xF6, 0x32, 0xF0, 0xB1, 0x4F, 0x8F, 0x1E, 0x2C, 0xF1, 0x57, 0x83, 0x7C, 0x2B, 0xAF,
    0x78, 0x5F, 0xE1, 0x36, 0xAB, 0xA1, 0x40, 0xDA, 0x5A, 0xEA, 0x62, 0x48, 0xE3, 0xB8, 0x2C, 0x2D,
    0x9A, 0x17, 0x05, 0xE4, 0x71, 0x71, 0x92, 0x2F, 0x1D, 0x24, 0x56, 0x70, 0xA9, 0x2E, 0x32, 0xBE,
    0x60, 0x07, 0xCC, 0xC3, 0x56, 0xA6, 0xAB, 0xC6, 0x50, 0xBC, 0xDC, 0xBD, 0xDB, 0xE8, 0x95, 0xB7,
    0xBA, 0xB4, 0x52, 0x6A, 0xEA, 0xD7, 0x7A, 0x9F, 0x5B, 0x9B, 0x60, 0xB1, 0x12, 0xCB, 0xAA, 0xD2,
    0xAE, 0xA1, 0x46, 0x34, 0xED, 0x51, 0x45, 0x37, 0x26, 0xE5, 0x7E, 0x5E, 0x49, 0xB9, 0xD4, 0x94,
    0xA1, 0x3B, 0x35, 0x25, 0x18, 0xA7, 0x17, 0x7D, 0x5D, 0xD1, 0xF6, 0xC5, 0x14, 0x51, 0x5F, 0x4C,
    0x7E, 0x4C, 0x14, 0x51, 0x45, 0x00, 0x14, 0x51, 0x45, 0x00, 0x14, 0x51, 0x45, 0x00, 0x7E, 0x42,
    0xFE, 0xCF, 0xFF, 0x00, 0x1C, 0x2D, 0xBE, 0x32, 0x6A, 0xF7, 0x1A, 0xC7, 0xC6, 0x9F, 0xDA, 0x8B,
    0xC7, 0x9E, 0x0C, 0xD5, 0x35, 0x1B, 0xB4, 0xB0, 0xB5, 0xD1, 0x74, 0x09, 0x2E, 0x74, 0xE8, 0x58,
    0x94, 0xB7, 0x58, 0xAE, 0x9E, 0x68, 0x63, 0x36, 0x96, 0xF1, 0x92, 0x65, 0x57, 0x53, 0x1C, 0x78,
    0x2B, 0xE6, 0x33, 0x80, 0x4E, 0x7B, 0x0F, 0x81, 0x1F, 0xB4, 0xA2, 0x78, 0x0F, 0xF6, 0xBA, 0xD0,
    0xB4, 0x3D, 0x3B, 0xF6, 0x85, 0xD5, 0xFC, 0x75, 0xF0, 0x87, 0x59, 0x86, 0x7B, 0x8B, 0xFD, 0x47,
    0xC6, 0xBE, 0x6D, 0xBA, 0xDA, 0x32, 0x43, 0x7A, 0x60, 0xB6, 0x79, 0x2F, 0xB9, 0x46, 0x52, 0x2D,
    0xC9, 0x96, 0x2F, 0x29, 0x65, 0x67, 0x55, 0x2B, 0xF2, 0x85, 0x1C, 0x7F, 0x88, 0x7E, 0x25, 0x6B,
    0x7F, 0x14, 0xFE, 0x05, 0xF8, 0xFB, 0xE2, 0x6F, 0x83, 0x3E, 0x08, 0x7C, 0x1F, 0xF8, 0x7F, 0xE0,
    0x8D, 0x06, 0xEE, 0xC6, 0xC3, 0xED, 0x72, 0x78, 0x7A, 0xD6, 0xFF, 0x00, 0x56, 0x49, 0xE4, 0x7B,
    0x71, 0x24, 0x70, 0x99, 0x21, 0x30, 0xC9, 0x83, 0x34, 0x65, 0x9A, 0x48, 0x10, 0x04, 0x9B, 0x08,
    0x59, 0xD0, 0xB0, 0xF4, 0xAF, 0x80, 0xDE, 0x33, 0xB7, 0xF1, 0x37, 0xED, 0x0B, 0xE0, 0x2F, 0x87,
    0xDF, 0x10, 0xFF, 0x00, 0x67, 0xEF, 0x83, 0xD6, 0xDA, 0x67, 0x8D, 0x7C, 0x3B, 0x1F, 0x88, 0x34,
    0xCB, 0xED, 0x07, 0xC3, 0x91, 0x46, 0xE2, 0x09, 0x6D, 0x24, 0xBA, 0x8A, 0x43, 0xE6, 0x19, 0x33,
    0x8F, 0x22, 0x68, 0x5E, 0x32, 0xA8, 0x43, 0x8D, 0xC1, 0x8A, 0x05, 0xF3, 0x3F, 0xA1, 0xF1, 0xD4,
    0xA8, 0xFB, 0x0A, 0xF3, 0xA9, 0x4B, 0xDC, 0xE5, 0x9C, 0x7D, 0x92, 0x74, 0x7D, 0xC7, 0x18, 0x73,
    0x4A, 0xC9, 0x42, 0xFC, 0xD4, 0xE2, 0xD4, 0xAC, 0xA5, 0xCC, 0x9A, 0xD5, 0xCB, 0x54, 0x66, 0x8F,
    0xD1, 0x4F, 0x08, 0x78, 0xEF, 0xC3, 0x5F, 0x10, 0x74, 0xD9, 0x75, 0x0F, 0x0B, 0x78, 0x87, 0x4A,
    0xF1, 0x2E, 0x9F, 0x14, 0xC6, 0xDE, 0x4B, 0xAD, 0x22, 0xF6, 0x2B, 0xB8, 0x92, 0x50, 0xAA, 0xC5,
    0x0B, 0xC6, 0xC4, 0x06, 0x0A, 0xEA, 0x71, 0x9C, 0xE1, 0x81, 0xEE, 0x2A, 0x5F, 0x18, 0x78, 0x9A,
    0xDB, 0xC1, 0x5E, 0x12, 0xD6, 0xFC, 0x43, 0x7B, 0x1C, 0xD3, 0x59, 0xE9, 0x36, 0x33, 0xDF, 0xCF,
    0x1D, 0xB8, 0x06, 0x47, 0x8E, 0x28, 0xD9, 0xD8, 0x20, 0x62, 0x01, 0x62, 0x14, 0xE3, 0x24, 0x0C,
    0xF7, 0x15, 0x0F, 0x83, 0xFC, 0x09, 0xE1, 0xAF, 0x87, 0xBA, 0x6C, 0xBA, 0x77, 0x85, 0x7C, 0x3B,
    0xA5, 0x78, 0x6B, 0x4F, 0x96, 0x63, 0x71, 0x25, 0xA6, 0x8F, 0x65, 0x15, 0xA4, 0x4F, 0x29, 0x55,
    0x52, 0xE5, 0x23, 0x50, 0x0B, 0x15, 0x45, 0x19, 0xC6, 0x70, 0xA0, 0x76, 0x15, 0x6F, 0xC4, 0xDE,
    0x1D, 0xB0, 0xF1, 0x7F, 0x87, 0x35, 0x5D, 0x07, 0x55, 0x85, 0xAE, 0x34, 0xBD, 0x52, 0xD2, 0x5B,
    0x1B, 0xB8, 0x52, 0x57, 0x89, 0x9E, 0x19, 0x10, 0xA3, 0xA8, 0x74, 0x21, 0x94, 0x95, 0x62, 0x37,
    0x29, 0x04, 0x75, 0x04, 0x1A, 0xFE, 0x7C, 0xAF, 0xC8, 0xE5, 0x2F, 0x61, 0x7B, 0x74, 0xBE, 0xFF,
    0x00, 0x3B, 0x1D, 0x14, 0xDC, 0x54, 0xE2, 0xEA, 0x2B, 0xAB, 0xEB, 0xE9, 0xD4, 0xF9, 0x03, 0x42,
    0xFD, 0xBF, 0xBC, 0x69, 0xE2, 0x7D, 0x31, 0x35, 0x1D, 0x1B, 0xE0, 0x17, 0x88, 0x35, 0xBD, 0x3A,
    0x47, 0x92, 0x34, 0xBE, 0xD2, 0xA4, 0xBF, 0xBB, 0xB6, 0x76, 0x47, 0x64, 0x70, 0xB2, 0xC7, 0xA7,
    0x15, 0x6D, 0xAE, 0xAC, 0xA7, 0x04, 0xE1, 0x94, 0x8E, 0xA0, 0xD2, 0xEB, 0xDF, 0xB6, 0x9F, 0xC5,
    0x5D, 0x47, 0x43, 0xD4, 0x6D, 0x34, 0xDF, 0xD9, 0xFB, 0xC6, 0x5A, 0x3E, 0xA3, 0x3D, 0xB4, 0x91,
    0x5B, 0x6A, 0x23, 0x4F, 0xD4, 0x67, 0x36, 0xB2, 0xB2, 0x90, 0x92, 0xF9, 0x6D, 0xA6, 0x85, 0x7D,
    0xAC, 0x43, 0x6D, 0x3C, 0x1C, 0x60, 0xF5, 0xAF, 0xAF, 0xBC, 0x35, 0xE1, 0xDB, 0x0F, 0x08, 0x78,
    0x73, 0x4A, 0xD0, 0x74, 0xA8, 0x5A, 0xDF, 0x4B, 0xD2, 0xED, 0x22, 0xB1, 0xB4, 0x85, 0xE5, 0x79,
    0x59, 0x21, 0x8D, 0x02, 0x22, 0x97, 0x72, 0x59, 0x88, 0x55, 0x03, 0x73, 0x12, 0x4F, 0x52, 0x49,
    0xAD, 0x2A, 0xF1, 0xFE, 0xAB, 0x88, 0x71, 0xB4, 0xB1, 0x12, 0xF9, 0x28, 0xFF, 0x00, 0xF2, 0x27,
    0xD3, 0xBC, 0xDB, 0x2E, 0x85, 0x4E, 0x6A, 0x79, 0x75, 0x3B, 0x27, 0xA5, 0xE5, 0x55, 0xFA, 0x5F,
    0xF7, 0x96, 0x7E, 0x7A, 0x5B, 0xC8, 0xF2, 0xDF, 0xD9, 0x8F, 0x50, 0xF1, 0xEE, 0xAF, 0xF0, 0x43,
    0xC3, 0xB7, 0xDF, 0x13, 0x56, 0x74, 0xF1, 0x95, 0xD3, 0x5D, 0xCF, 0x72, 0xB7, 0x56, 0xF1, 0x5B,
    0xCA, 0x21, 0x6B, 0xA9, 0x8D, 0xA8, 0x78, 0xA3, 0x55, 0x11, 0xB7, 0xD9, 0xCC, 0x19, 0x52, 0xA1,
    0x81, 0xC8, 0x70, 0x1C, 0x30, 0xAF, 0x30, 0xFF, 0x00, 0x82, 0x8D, 0xFC, 0x51, 0xF1, 0xB7, 0xC2,
    0x7F, 0xD9, 0xBA, 0xEB, 0x52, 0xF0, 0x3C, 0x97, 0x16, 0x57, 0x77, 0xDA, 0x84, 0x5A, 0x6D, 0xFE,
    0xA9, 0x69, 0x1B, 0x99, 0xAC, 0x2D, 0x25, 0x8E, 0x5D, 0xD2, 0xC7, 0x22, 0x9F, 0xDC, 0x33, 0x48,
    0xB1, 0x44, 0x25, 0x3F, 0x74, 0xCC, 0x36, 0x95, 0x72, 0x8C, 0x3E, 0xA1, 0xAF, 0x16, 0xFD, 0xAD,
    0xBC, 0x45, 0xE3, 0xFF, 0x00, 0x0D, 0x7C, 0x23, 0x9E, 0xE7, 0xC0, 0x1E, 0x17, 0xF0, 0xE7, 0x8B,
    0x24, 0x79, 0x9E, 0x2D, 0x72, 0xCF, 0xC5, 0x72, 0xC5, 0x1E, 0x9F, 0x1E, 0x94, 0x6D, 0xE6, 0x37,
    0x12, 0x4A, 0x65, 0x9E, 0x14, 0xDA, 0x08, 0x8C, 0x30, 0x66, 0x23, 0x6B, 0x36, 0x54, 0x8C, 0x91,
    0xF5, 0x79, 0x27, 0x25, 0x3C, 0x7E, 0x1F, 0xDA, 0xC6, 0x33, 0x8A, 0x94, 0x6E, 0xA6, 0xD2, 0x8B,
    0xD7, 0xED, 0x37, 0xA2, 0x4F, 0xBB, 0x4D, 0x77, 0x4D, 0x1F, 0x31, 0x56, 0x7E, 0xD2, 0x72, 0x9A,
    0x56, 0xBB, 0x6E, 0xCB, 0x65, 0xE4, 0xBC, 0x8F, 0x94, 0x0F, 0x84, 0x7C, 0x0C, 0x3E, 0x11, 0xFF,
    0x00, 0x69, 0xFF, 0x00, 0xC3, 0x75, 0x78, 0xAB, 0xFE, 0x12, 0x0F, 0xB2, 0x7D, 0xBB, 0xED, 0xFF,
    0x00, 0xF0, 0x94, 0xB9, 0x8F, 0xCB, 0xCF, 0x99, 0xB7, 0xFB, 0x2B, 0xCF, 0xFB, 0x57, 0x9B, 0xE4,
    0xFC, 0x9E, 0x57, 0x9B, 0xE6, 0x79, 0x9C, 0xED, 0xCF, 0xEE, 0xEB, 0xD8, 0xFF, 0x00, 0xE0, 0x9B,
    0xDF, 0x16, 0xFC, 0x63, 0xF1, 0x53, 0xE1, 0x37, 0x89, 0x23, 0xF1, 0x7E, 0xB7, 0x71, 0xE2, 0xD7,
    0xD0, 0x75, 0xB3, 0xA5, 0xD8, 0xF8, 0x91, 0x82, 0x08, 0x6E, 0xED, 0xD2, 0xDE, 0x1D, 0xA8, 0x85,
    0x95, 0x2E, 0x1D, 0x87, 0xFA, 0xC6, 0x92, 0xE2, 0x35, 0x76, 0x17, 0x09, 0x96, 0x66, 0x0E, 0xA9,
    0xF9, 0xBB, 0xE2, 0x7F, 0x8E, 0xBA, 0x9D, 0xBF, 0xC4, 0xDB, 0xBB, 0x6D, 0x7B, 0x42, 0xF8, 0x77,
    0xE1, 0x5D, 0x15, 0x76, 0x9B, 0x88, 0xBC, 0x13, 0xE0, 0x9F, 0x0F, 0xEB, 0x96, 0xF6, 0xC3, 0xEC,
    0xE1, 0x97, 0xEC, 0xEC, 0xE1, 0x96, 0x6D, 0xCD, 0xB7, 0x76, 0x6E, 0x8E, 0xD2, 0xEF, 0x8E, 0x53,
    0xCB, 0xAF, 0xD8, 0xBF, 0xD9, 0xF3, 0xE1, 0x4E, 0xB5, 0xF0, 0x67, 0xC0, 0x07, 0xC3, 0x3A, 0xCF,
    0x89, 0xAC, 0x3C, 0x4C, 0x22, 0xBC, 0x96, 0x7B, 0x39, 0x34, 0xCF, 0x0E, 0xDA, 0xE8, 0x76, 0xF6,
    0xB0, 0xB8, 0x52, 0x61, 0x5B, 0x6B, 0x6F, 0xDD, 0xFF, 0x00, 0xAC, 0xF3, 0x64, 0x2F, 0xC1, 0x26,
    0x53, 0x9E, 0x95, 0xFA, 0x77, 0x16, 0xE1, 0xE3, 0x81, 0xCB, 0xD5, 0x3C, 0x44, 0xD4, 0xE7, 0x51,
    0xA9, 0x46, 0xE9, 0x5D, 0x25, 0xBF, 0x2C, 0xA3, 0x4A, 0x31, 0x6B, 0x55, 0x74, 0xA7, 0x65, 0xD2,
    0x3D, 0xB0, 0x89, 0xE9, 0x95, 0xF1, 0xDF, 0xED, 0xFF, 0x00, 0xAD, 0xF8, 0xC6, 0xDF, 0x5E, 0xF8,
    0x53, 0xA0, 0xF8, 0x37, 0xC4, 0x7A, 0x8F, 0x87, 0xF5, 0x0F, 0x10, 0x5E, 0x5C, 0x69, 0x80, 0xD9,
    0xEA, 0xB7, 0x16, 0x11, 0x49, 0x24, 0xB3, 0xD8, 0xC3, 0x1B, 0x4A, 0xF0, 0x1D, 0xD8, 0x53, 0x33,
    0x1C, 0xE1, 0x8A, 0xE4, 0xE0, 0x1C, 0xE0, 0xFD, 0x89, 0x58, 0xFA, 0xE7, 0x83, 0x74, 0x0F, 0x13,
    0x5F, 0x69, 0x97, 0xBA, 0xC6, 0x87, 0xA6, 0xEA, 0xD7, 0x9A, 0x64, 0xA2, 0x7B, 0x0B, 0x8B, 0xEB,
    0x48, 0xE6, 0x92, 0xD2, 0x40, 0xCA, 0xC1, 0xE2, 0x66, 0x04, 0xA3, 0x6E, 0x8D, 0x0E, 0x57, 0x07,
    0x28, 0xA7, 0xB0, 0xAF, 0xC4, 0x31, 0x54, 0x5E, 0x22, 0x93, 0xA6, 0x9D, 0xAE, 0xD7, 0xE0, 0xD3,
    0x7B, 0x77, 0x5A, 0x1E, 0xE6, 0x51, 0x8E, 0x86, 0x5B, 0x8C, 0x8E, 0x2A, 0x70, 0x53, 0xB2, 0x9A,
    0xB3, 0x49, 0xAB, 0xCA, 0x12, 0x8A, 0x76, 0x77, 0x4E, 0xCD, 0xA7, 0xAF, 0x63, 0xE6, 0x3F, 0x07,
    0x7E, 0xD8, 0x77, 0xFF, 0x00, 0x0A, 0xBC, 0x47, 0xAE, 0x78, 0x23, 0xE3, 0xF4, 0x71, 0xE8, 0xBA,
    0xDE, 0x95, 0x04, 0x77, 0x16, 0x9A, 0xD6, 0x95, 0x63, 0x3C, 0xF1, 0x6A, 0x56, 0xF8, 0x08, 0x24,
    0xF2, 0xA2, 0x56, 0x66, 0x2E, 0xCA, 0xEE, 0x24, 0x8D, 0x15, 0x0F, 0xCE, 0x85, 0x21, 0x78, 0xF6,
    0xB6, 0x17, 0xEC, 0x6D, 0xF1, 0x27, 0x5E, 0x8B, 0xE3, 0x9F, 0x8D, 0x3E, 0x1B, 0x4F, 0xF1, 0x02,
    0x7F, 0x89, 0x5E, 0x1D, 0xB4, 0xB2, 0x92, 0xFE, 0xDB, 0x5C, 0xBF, 0x33, 0x3C, 0x93, 0x4D, 0x13,
    0x5A, 0xC5, 0x23, 0x40, 0xD2, 0xCB, 0x23, 0x08, 0x77, 0x4A, 0xEB, 0x8D, 0xCC, 0x8C, 0x62, 0x59,
    0x23, 0x20, 0x3B, 0x17, 0xFA, 0xE3, 0xC5, 0x1E, 0x0D, 0xF0, 0xFF, 0x00, 0x8D, 0xEC, 0x61, 0xB2,
    0xF1, 0x1E, 0x87, 0xA6, 0xEB, 0xF6, 0x70, 0xCC, 0x2E, 0x22, 0xB7, 0xD5, 0x2D, 0x23, 0xB9, 0x8D,
    0x25, 0x0A, 0xCA, 0x1D, 0x55, 0xC1, 0x01, 0x82, 0xB3, 0x0C, 0x8E, 0x70, 0xC4, 0x77, 0x35, 0x5B,
    0xC2, 0x9F, 0x0E, 0x7C, 0x27, 0xE0, 0x49, 0xEF, 0x66, 0xF0, 0xD7, 0x85, 0xF4, 0x6F, 0x0F, 0x4D,
    0x7A, 0xB1, 0xAD, 0xD4, 0x9A, 0x56, 0x9F, 0x15, 0xAB, 0x5C, 0x08, 0xF7, 0x79, 0x62, 0x43, 0x1A,
    0x8D, 0xC1, 0x77, 0xBE, 0x33, 0x9C, 0x6F, 0x6C, 0x75, 0x35, 0xC8, 0xB0, 0xB5, 0xD5, 0x48, 0x37,
    0x52, 0xF1, 0x8B, 0xF3, 0xBB, 0x5D, 0x9E, 0xB6, 0x7E, 0xB6, 0xBE, 0x9F, 0x33, 0xDA, 0x9E, 0x6F,
    0x97, 0x3C, 0x2D, 0x78, 0xC3, 0x0B, 0xCB, 0x52, 0xAA, 0x49, 0xA4, 0xD7, 0x22, 0x92, 0x77, 0xE7,
    0x85, 0xE2, 0xE7, 0x17, 0xBA, 0xE5, 0x52, 0xB6, 0xAF, 0xA5, 0x92, 0xE8, 0xA8, 0xA2, 0x8A, 0xF5,
    0x4F, 0x8C, 0x0A, 0x28, 0xA2, 0x80, 0x0A, 0x28, 0xA2, 0x80, 0x0A, 0x28, 0xA2, 0x80, 0x3F, 0x2E,
    0xFE, 0x32, 0xB7, 0xEC, 0x5D, 0xF0, 0xE7, 0x51, 0xF8, 0x86, 0x9A, 0x66, 0xAF, 0xAF, 0xEA, 0xD7,
    0xDE, 0x2D, 0xFB, 0x2D, 0x8D, 0xDD, 0x97, 0x80, 0x9E, 0x19, 0x6D, 0xB4, 0xAB, 0x71, 0x2C, 0x37,
    0xCE, 0x6C, 0xE4, 0x95, 0x56, 0xD7, 0xCA, 0x79, 0xAD, 0xA0, 0xDE, 0xA1, 0xE5, 0x28, 0x7E, 0x48,
    0xD6, 0x25, 0x0E, 0xAB, 0xBB, 0xFB, 0x12, 0xFC, 0x3C, 0x5F, 0x05, 0xFC, 0x7D, 0xD3, 0xED, 0xB4,
    0x2F, 0xD9, 0xE7, 0xC5, 0xFE, 0x1E, 0xB3, 0x8A, 0x7B, 0xF9, 0xA6, 0xF1, 0xDF, 0xC4, 0x27, 0x90,
    0xDC, 0x5B, 0xE9, 0xC6, 0x07, 0x48, 0xE3, 0x82, 0x21, 0x6F, 0x6F, 0x6F, 0x0C, 0xEF, 0x2F, 0x91,
    0x9D, 0x86, 0x69, 0x02, 0x4B, 0x70, 0x81, 0x99, 0x09, 0x74, 0xEE, 0xFC, 0x09, 0xFB, 0x21, 0x7E,
    0xCF, 0x7F, 0x1D, 0x3C, 0x3E, 0x3C, 0x67, 0xF0, 0x03, 0xC5, 0x1E, 0x22, 0xF0, 0x36, 0xA3, 0xA3,
    0xC9, 0x75, 0xA7, 0x5B, 0xEB, 0xFA, 0x0D, 0xDD, 0xF4, 0x6D, 0x1D, 0xDB, 0x5B, 0xA1, 0x1E, 0x62,
    0xDD, 0xFE, 0xF9, 0x95, 0x12, 0x55, 0xC8, 0x85, 0xE2, 0xDE, 0xB2, 0xBA, 0x97, 0xFE, 0xED, 0xFF,
    0x00, 0x86, 0xB2, 0x7C, 0x4D, 0xF8, 0x1D, 0xFB, 0x53, 0x7C, 0x3D, 0xF8, 0x49, 0xE2, 0x3F, 0xDA,
    0x06, 0x2F, 0x1D, 0x69, 0x17, 0xDA, 0x6D, 0xCE, 0xA4, 0xFA, 0x2E, 0xAD, 0xA3, 0x4E, 0xBA, 0x95,
    0xDA, 0xB4, 0x77, 0xAC, 0xB8, 0xBA, 0x30, 0x4E, 0x0A, 0xAC, 0x90, 0xEF, 0x06, 0x4B, 0xC4, 0x6C,
    0x21, 0x40, 0x9B, 0x42, 0x07, 0xFD, 0x87, 0x13, 0x8F, 0xC3, 0x47, 0x03, 0x5F, 0x03, 0x86, 0xAD,
    0x53, 0xDA, 0x38, 0xB7, 0x38, 0xD7, 0x75, 0x14, 0xAE, 0xA2, 0x93, 0xB2, 0xA6, 0xAD, 0x75, 0x18,
    0xA4, 0x95, 0x49, 0x35, 0xB5, 0xF6, 0x20, 0xFB, 0x76, 0x8A, 0x28, 0xAF, 0xC7, 0x8B, 0x0A, 0x28,
    0xA2, 0x80, 0x0A, 0xF9, 0x9B, 0xFE, 0x0A, 0x17, 0x7F, 0xF0, 0xD3, 0x4C, 0xFD, 0x9D, 0xAF, 0x2E,
    0x3E, 0x26, 0x69, 0x77, 0xDA, 0xCD, 0xB0, 0xBB, 0xDB, 0xA1, 0xD9, 0xE9, 0xD7, 0x2F, 0x6D, 0x3B,
    0x6A, 0x8D, 0x6F, 0x3A, 0xC2, 0xCB, 0x28, 0x05, 0x13, 0x6A, 0x19, 0x9C, 0xB4, 0xAA, 0xE8, 0x02,
    0x9F, 0xDD, 0xC8, 0xDB, 0x51, 0xBE, 0x99, 0xAF, 0x9E, 0x7F, 0x6E, 0xCF, 0x84, 0x1E, 0x16, 0xF8,
    0xC1, 0xF0, 0x06, 0xF6, 0x0F, 0x17, 0xF8, 0xC7, 0xFE, 0x10, 0x3D, 0x23, 0x42, 0xBC, 0x8B, 0x5A,
    0x3A, 0xD3, 0xDB, 0x8B, 0x98, 0xA3, 0x64, 0x57, 0x88, 0xA3, 0xC3, 0x95, 0x69, 0x77, 0xAC, 0xEE,
    0x8A, 0x88, 0xC1, 0xCC, 0x8D, 0x1E, 0x37, 0x7D, 0xC6, 0xF6, 0xB2, 0x59, 0xD3, 0xA7, 0x99, 0x61,
    0xE5, 0x56, 0x52, 0x8C, 0x79, 0xA3, 0x77, 0x0B, 0xF3, 0x2D, 0x7E, 0xCD, 0xB5, 0xBF, 0xA6, 0xBD,
    0xB5, 0x13, 0xD8, 0xF8, 0x26, 0x4F, 0x05, 0xFC, 0x24, 0xF8, 0x1D, 0xA7, 0x78, 0x55, 0xF4, 0xDD,
    0x43, 0xE3, 0xEF, 0xC3, 0xCF, 0x8B, 0x7E, 0x30, 0xD1, 0xDD, 0x61, 0xD1, 0x34, 0xC4, 0x80, 0x5F,
    0x58, 0xBB, 0xDC, 0xB5, 0xBC, 0x51, 0xCC, 0x82, 0x3B, 0x57, 0xB8, 0x8E, 0x5B, 0x98, 0x0B, 0x24,
    0x48, 0xCA, 0xF2, 0x2C, 0x68, 0xC5, 0x62, 0x2E, 0x95, 0xF6, 0xD7, 0xFC, 0x13, 0xB3, 0xC4, 0x91,
    0x78, 0xB3, 0xE0, 0x45, 0xF6, 0xA7, 0x1F, 0xC4, 0x5F, 0x11, 0x7C, 0x49, 0x69, 0xB5, 0xC9, 0xC4,
    0x97, 0xDE, 0x27, 0xB7, 0x92, 0x1B, 0xBB, 0x22, 0x21, 0x80, 0x0B, 0x6C, 0x3D, 0xC5, 0xC0, 0x2B,
    0xB7, 0x6C, 0xA0, 0xA4, 0xA5, 0x7F, 0x7F, 0x8C, 0x06, 0x0C, 0x2B, 0xE6, 0x4F, 0x09, 0x7C, 0x49,
    0xF8, 0x33, 0x65, 0xF1, 0x37, 0x59, 0xF8, 0x9D, 0xE2, 0xEF, 0xDA, 0x7A, 0xFF, 0x00, 0xC6, 0x1F,
    0x12, 0x7F, 0xB2, 0x65, 0xD3, 0xBC, 0x3D, 0xAD, 0x3F, 0x83, 0x2F, 0x6D, 0x60, 0xD0, 0xE5, 0x78,
    0x25, 0x84, 0x4E, 0x2D, 0x15, 0x1A, 0x39, 0x76, 0x89, 0x09, 0x11, 0x7C, 0x91, 0x92, 0xF2, 0xB3,
    0x2B, 0x3B, 0x87, 0x5F, 0xAB, 0xBF, 0x60, 0xBF, 0x0E, 0x78, 0x43, 0x41, 0xF8, 0x27, 0x7B, 0x73,
    0xE1, 0x0F, 0x88, 0x77, 0x1F, 0x13, 0xD3, 0x57, 0xD7, 0x6F, 0x35, 0x1D, 0x53, 0xC4, 0x17, 0x70,
    0x49, 0x6F, 0x34, 0x97, 0xCD, 0xB1, 0x24, 0x57, 0x86, 0x52, 0x65, 0x8D, 0xB6, 0x47, 0x13, 0x1F,
    0x34, 0xB3, 0x39, 0x7F, 0x30, 0x1D, 0xB2, 0x28, 0x1F, 0xA4, 0x71, 0x43, 0xAB, 0x1C, 0xB9, 0xC7,
    0x16, 0xAA, 0x3A, 0x8D, 0xC7, 0xDF, 0x94, 0x26, 0x94, 0x9F, 0xBC, 0xDA, 0x8B, 0x9D, 0x38, 0xCB,
    0x96, 0x2B, 0x95, 0x5D, 0xB5, 0x29, 0x34, 0xDB, 0x56, 0x25, 0x6E, 0x7D, 0x1F, 0x5F, 0x3D, 0x7E,
    0xD8, 0xDF, 0xB5, 0xB8, 0xFD, 0x92, 0xFC, 0x39, 0xE1, 0xCD, 0x4C, 0xF8, 0x3A, 0xEF, 0xC5, 0x5F,
    0xDB, 0x37, 0x92, 0x5A, 0x89, 0x05, 0xD7, 0xD8, 0xED, 0x2D, 0xF6, 0x26, 0xED, 0xAF, 0x3F, 0x97,
    0x27, 0xEF, 0x5F, 0xAA, 0x47, 0xB7, 0xE6, 0x58, 0xE6, 0x6D, 0xC3, 0xCB, 0xC3, 0x7D, 0x0B, 0x5F,
    0x2A, 0xFE, 0xDB, 0x36, 0x11, 0xEB, 0xBE, 0x24, 0xF8, 0x5D, 0xA0, 0xC7, 0xF1, 0xD7, 0x5C, 0xF8,
    0x33, 0xAB, 0x6B, 0x17, 0x77, 0x3A, 0x7E, 0x9F, 0x6F, 0xA3, 0x59, 0xDE, 0xCF, 0xFD, 0xB3, 0x3C,
    0xB2, 0x5A, 0xC6, 0x8A, 0xED, 0x6F, 0x2C, 0x6A, 0x9B, 0x1D, 0xD0, 0x03, 0x21, 0xC7, 0xEF, 0xC9,
    0x04, 0x00, 0xD5, 0xF9, 0xD6, 0x47, 0x47, 0x0F, 0x5F, 0x30, 0xA7, 0x0C, 0x5C, 0x6F, 0x4F, 0x57,
    0x25, 0xEF, 0x6C, 0xA2, 0xDB, 0xF8, 0x13, 0x97, 0x4D, 0xD2, 0xD3, 0x77, 0xA5, 0xCA, 0x67, 0x91,
    0x78, 0x3B, 0xFE, 0x0A, 0x4F, 0xF1, 0x17, 0xE3, 0xBF, 0xDB, 0x74, 0x1F, 0x85, 0xBF, 0x09, 0x34,
    0x41, 0xE2, 0xF1, 0xE5, 0xFD, 0x9A, 0x3D, 0x6B, 0xC5, 0x96, 0xE4, 0x49, 0xF7, 0x9D, 0xFC, 0xBB,
    0x69, 0x7E, 0xCA, 0xF7, 0x18, 0x8E, 0x29, 0x49, 0xF2, 0x9F, 0xF7, 0x7F, 0x2B, 0x37, 0x18, 0x0D,
    0xF6, 0x6F, 0xC1, 0x0D, 0x5F, 0xC7, 0x9A, 0xF7, 0xC3, 0x0D, 0x1A, 0xFB, 0xE2, 0x6E, 0x89, 0x63,
    0xE1, 0xDF, 0x1B, 0xCA, 0x67, 0xFE, 0xD0, 0xD3, 0x34, 0xE7, 0x57, 0x82, 0x1C, 0x4F, 0x22, 0xC5,
    0xB4, 0xAC, 0xB2, 0x8F, 0x9A, 0x21, 0x1B, 0x1F, 0xDE, 0x37, 0x2C, 0x7A, 0x74, 0x1F, 0x9E, 0xFE,
    0x02, 0xFD, 0x83, 0xFE, 0x2B, 0x7E, 0xC8, 0x5E, 0x33, 0xD5, 0xBE, 0x2A, 0xE9, 0x9A, 0xF7, 0xC3,
    0xBD, 0x4B, 0x4F, 0xF0, 0xBD, 0x9D, 0xF5, 0xCC, 0x17, 0x9A, 0xF3, 0xEA, 0x78, 0x82, 0xD4, 0x46,
    0xE1, 0xEE, 0x5A, 0xDA, 0xD6, 0x1D, 0xDE, 0x6F, 0x91, 0xE6, 0x0F, 0x2C, 0x3C, 0xAA, 0x3C, 0xC6,
    0x00, 0x3B, 0x04, 0x61, 0xF7, 0xA7, 0xEC, 0xD5, 0xF1, 0x32, 0xFB, 0xE3, 0x17, 0xC1, 0x4F, 0x0E,
    0xF8, 0xBF, 0x51, 0xD4, 0x34, 0x4D, 0x56, 0xF3, 0x51, 0x37, 0x22, 0x4B, 0xBF, 0x0E, 0xDB, 0x5D,
    0xDB, 0xD8, 0xBF, 0x97, 0x73, 0x2C, 0x43, 0xCB, 0x8E, 0xED, 0x56, 0x75, 0xC0, 0x8C, 0x06, 0xDE,
    0xA3, 0x2C, 0x18, 0x8C, 0xA9, 0x06, 0xBE, 0x9F, 0x8A, 0x29, 0x65, 0x51, 0x84, 0x65, 0x92, 0xC2,
    0x1E, 0xC6, 0xEB, 0x54, 0xE6, 0xE7, 0xCD, 0x67, 0xA3, 0xE7, 0x93, 0xF7, 0x6D, 0xE5, 0x17, 0x7E,
    0x82, 0x57, 0xEA, 0x7A, 0x75, 0x14, 0x51, 0x5F, 0x9D, 0x94, 0x14, 0x51, 0x45, 0x00, 0x14, 0x51,
    0x45, 0x00, 0x14, 0x51, 0x45, 0x00, 0x7E, 0x64, 0x7E, 0xCE, 0x5F, 0xB3, 0x85, 0x9F, 0xC2, 0x2F,
    0x05, 0xDE, 0xE8, 0x9F, 0x18, 0xFE, 0x36, 0xF8, 0x87, 0xE0, 0x4F, 0x8A, 0x66, 0xBF, 0x6B, 0xCB,
    0x7F, 0x0D, 0xE9, 0x1F, 0x10, 0x2C, 0x74, 0xD8, 0xEE, 0x6C, 0xCC, 0x31, 0x22, 0x5D, 0xB4, 0x4A,
    0xCF, 0x96, 0x69, 0x23, 0x9A, 0x3D, 0xF9, 0x19, 0x10, 0x01, 0x8F, 0x97, 0x27, 0xE8, 0xDF, 0x82,
    0x3F, 0xB2, 0xE7, 0xC3, 0x3B, 0xCF, 0x89, 0xDA, 0x47, 0xC5, 0xCF, 0x0E, 0xFC, 0x5E, 0xF1, 0x4F,
    0xC5, 0x6D, 0x5F, 0x40, 0x33, 0x69, 0xF1, 0x6A, 0x1A, 0x8F, 0x89, 0xAD, 0xB5, 0x98, 0x13, 0x74,
    0x12, 0x2B, 0x40, 0xF2, 0x24, 0x5B, 0x86, 0xD5, 0xBA, 0x67, 0x08, 0x1C, 0x60, 0xC8, 0x0E, 0x30,
    0xDC, 0xFC, 0xD1, 0xFB, 0x1E, 0x7E, 0xCC, 0x5E, 0x12, 0xF1, 0xAF, 0x88, 0xFC, 0x47, 0xE0, 0xCF,
    0x8F, 0xBF, 0x0C, 0x3C, 0x57, 0x27, 0xC4, 0xD9, 0xEE, 0xB5, 0x0D, 0x65, 0x35, 0xCD, 0x66, 0xE6,
    0xF2, 0xDA, 0xDA, 0xF2, 0xDA, 0x27, 0xB4, 0x8A, 0x60, 0x97, 0x11, 0xDC, 0x28, 0xB9, 0x93, 0xED,
    0x17, 0x0C, 0xE6, 0x55, 0x0E, 0xAC, 0xB2, 0xA9, 0xF3, 0x0E, 0x56, 0xB6, 0xBE, 0x00, 0xF8, 0x07,
    0x47, 0x83, 0xFE, 0x0A, 0x09, 0x05, 0xD7, 0xC1, 0x5F, 0x06, 0xF8, 0x8B, 0xC3, 0x9F, 0x0D, 0xFC,
    0x27, 0x1E, 0xA7, 0xE1, 0xCF, 0x15, 0x5D, 0xCF, 0x34, 0xCD, 0x69, 0x2D, 0xFC, 0x1F, 0x69, 0x8E,
    0x55, 0x33, 0x49, 0x3C, 0x82, 0x55, 0x67, 0x7B, 0x06, 0x58, 0x49, 0xDF, 0xF2, 0x2C, 0x86, 0x35,
    0x0A, 0x58, 0x7E, 0xD5, 0x9B, 0x62, 0x25, 0x89, 0xAB, 0x8B, 0x82, 0xC6, 0x35, 0x53, 0x92, 0x52,
    0x93, 0x50, 0xA6, 0xA9, 0x4A, 0x2E, 0x2F, 0xDD, 0x8C, 0xBD, 0xA3, 0x9D, 0xA7, 0xF0, 0xC7, 0x76,
    0xDB, 0xD5, 0x2E, 0x90, 0x8F, 0xBB, 0xBE, 0x10, 0x7C, 0x2C, 0xFF, 0x00, 0x85, 0x45, 0xE1, 0xBB,
    0xAD, 0x1F, 0xFE, 0x12, 0xFF, 0x00, 0x15, 0xF8, 0xD7, 0xCF, 0xBB, 0x6B, 0xBF, 0xB7, 0xF8, 0xBF,
    0x53, 0xFB, 0x7D, 0xD4, 0x79, 0x44, 0x4F, 0x29, 0x24, 0xDA, 0xB8, 0x8C, 0x79, 0x7B, 0x82, 0xE3,
    0xEF, 0x3B, 0x9C, 0xF3, 0x5D, 0xCD, 0x14, 0x57, 0xE3, 0x75, 0x6A, 0xCE, 0xBD, 0x47, 0x56, 0xA3,
    0xBC, 0x9E, 0xE5, 0x85, 0x14, 0x51, 0x58, 0x80, 0x57, 0xCE, 0x3F, 0xB7, 0xAF, 0xEC, 0xF3, 0xAF,
    0x7E, 0xD2, 0x1F, 0x02, 0x8E, 0x85, 0xE1, 0x8B, 0x88, 0x57, 0x5D, 0xD2, 0x75, 0x14, 0xD6, 0x6D,
    0x6C, 0xE7, 0x21, 0x05, 0xF3, 0x24, 0x33, 0x44, 0x60, 0x59, 0x09, 0x02, 0x37, 0x65, 0x9C, 0x95,
    0x66, 0xF9, 0x77, 0x28, 0x56, 0x2A, 0x18, 0xBA, 0xFD, 0x1D, 0x45, 0x77, 0x60, 0x71, 0x95, 0xB2,
    0xEC, 0x55, 0x3C, 0x5D, 0x07, 0x69, 0xC1, 0xA6, 0xBA, 0xEA, 0x80, 0xFC, 0xD8, 0xF8, 0x9D, 0xFB,
    0x3C, 0xFC, 0x73, 0x8F, 0xE2, 0x6F, 0xC3, 0x2F, 0x1C, 0xF8, 0x3F, 0xE0, 0xA7, 0x83, 0x23, 0x9B,
    0x4B, 0xF0, 0x6F, 0xF6, 0x66, 0xA7, 0xE1, 0x6B, 0x59, 0xAC, 0xFF, 0x00, 0xB0, 0xA3, 0xB8, 0xB8,
    0x7D, 0x41, 0x6E, 0xED, 0xCD, 0xBB, 0x4D, 0x0E, 0xE5, 0x68, 0xEF, 0x4B, 0xB2, 0xA9, 0x64, 0x0F,
    0x23, 0x2F, 0x99, 0x30, 0x05, 0x9F, 0xE8, 0xEF, 0xD8, 0x37, 0xF6, 0x7C, 0xF1, 0x5F, 0xC0, 0x3F,
    0x86, 0xFA, 0xF8, 0xF1, 0xB9, 0xB3, 0x87, 0xC4, 0x9E, 0x22, 0xD5, 0x7F, 0xB5, 0x65, 0xB2, 0xD2,
    0xEE, 0x4F, 0xD9, 0x6D, 0x11, 0xA0, 0x8B, 0x11, 0x7D, 0x9E, 0x35, 0x4B, 0x68, 0x65, 0x59, 0x3C,
    0xE5, 0x6F, 0xB3, 0xAE, 0xC2, 0xAB, 0x1A, 0x87, 0x65, 0x44, 0x0B, 0xF4, 0xCD, 0x15, 0xED, 0x63,
    0x38, 0x87, 0x13, 0x8C, 0xC1, 0x47, 0x00, 0xE1, 0x18, 0xC5, 0x59, 0x5D, 0x27, 0x76, 0x94, 0xA5,
    0x24, 0x9B, 0x72, 0x7A, 0x27, 0x27, 0xB2, 0x4F, 0xBB, 0x62, 0xB0, 0x57, 0xC8, 0x5F, 0xB7, 0x3F,
    0xEC, 0xF1, 0xE3, 0x5F, 0x8E, 0xDF, 0x11, 0xBE, 0x06, 0xCF, 0xE1, 0x7B, 0x3B, 0xDF, 0xEC, 0x9D,
    0x13, 0x57, 0x95, 0xF5, 0x9D, 0x5F, 0x4D, 0xD4, 0x20, 0xB4, 0xBA, 0xD2, 0xE0, 0x92, 0xE2, 0xC4,
    0xFD, 0xA2, 0x16, 0x91, 0xC3, 0x79, 0x88, 0x90, 0xCA, 0xEA, 0x51, 0x58, 0x86, 0x8C, 0x70, 0x4E,
    0x01, 0xFA, 0xF6, 0xBC, 0x3B, 0xF6, 0x99, 0xF8, 0x05, 0xE3, 0x2F, 0x8E, 0x27, 0xC3, 0x67, 0xC2,
    0x5F, 0x16, 0xF5, 0xBF, 0x85, 0xBF, 0xD9, 0x7F, 0x69, 0xFB, 0x50, 0xD1, 0xD6, 0x73, 0xF6, 0xFF,
    0x00, 0x37, 0xCA, 0xD9, 0xBF, 0xCA, 0xB9, 0x87, 0xFD, 0x5F, 0x96, 0xF8, 0xCE, 0xEF, 0xF5, 0x87,
    0x18, 0xE7, 0x3C, 0xB9, 0x1E, 0x2B, 0xEA, 0x58, 0xF8, 0x56, 0xF6, 0x8A, 0x9E, 0x93, 0x5C, 0xD2,
    0x4E, 0x49, 0x73, 0x42, 0x51, 0xBD, 0xA3, 0xAB, 0xDF, 0x4F, 0x3B, 0x36, 0xAD, 0x70, 0x67, 0x0F,
    0xE2, 0x8F, 0xD8, 0x8F, 0x46, 0x1E, 0x19, 0xD5, 0xFF, 0x00, 0xE1, 0x23, 0xF8, 0xF9, 0xF1, 0x8B,
    0xFE, 0x11, 0xEF, 0xB2, 0x4D, 0xFD, 0xA5, 0xFD, 0xA9, 0xE3, 0x24, 0xFB, 0x27, 0xD9, 0xB6, 0x1F,
    0x37, 0xCE, 0xDF, 0x0E, 0xCF, 0x2F, 0x66, 0xED, 0xDB, 0xB8, 0xC6, 0x73, 0xC5, 0x68, 0x7C, 0x27,
    0xFD, 0x96, 0x3C, 0x1D, 0x63, 0xA0, 0xF8, 0x02, 0xFF, 0x00, 0xC0, 0x1F, 0x18, 0x3C, 0x73, 0x75,
    0xE1, 0x2F, 0x0E, 0xB6, 0x6C, 0xAD, 0xF4, 0x2F, 0x13, 0x42, 0xFA, 0x56, 0xA8, 0x53, 0x50, 0x9E,
    0xE6, 0x4F, 0xB4, 0x2C, 0x31, 0x79, 0x73, 0x6E, 0x92, 0x59, 0x21, 0x7D, 0xB8, 0xCA, 0x46, 0x10,
    0xF2, 0xA4, 0x9F, 0x12, 0xF8, 0x9F, 0xFB, 0x09, 0x7C, 0x63, 0xD3, 0xBE, 0x1A, 0xF8, 0xB6, 0xEF,
    0xFE, 0x1A, 0x4F, 0xC6, 0xBE, 0x30, 0xF2, 0x34, 0x8B, 0xB9, 0x7F, 0xE1, 0x1D, 0xFB, 0x3D, 0xF4,
    0x9F, 0xDA, 0x9B, 0x61, 0x73, 0xF6, 0x5D, 0xBF, 0x6F, 0x7D, 0xDE, 0x6E, 0x3C, 0xBC, 0x6C, 0x6C,
    0xEE, 0xFB, 0xA7, 0xA1, 0xF3, 0xBF, 0xD9, 0xA6, 0x7F, 0x8B, 0xDF, 0xB2, 0xEE, 0xBF, 0xF0, 0x0B,
    0x4F, 0xBB, 0xD4, 0x3C, 0x47, 0x7D, 0xA4, 0x7C, 0x46, 0xD5, 0x6F, 0xEC, 0x6F, 0xBE, 0x1D, 0x6A,
    0x16, 0x12, 0x42, 0xDA, 0x4C, 0x50, 0x5C, 0x98, 0x8D, 0xC2, 0x09, 0x44, 0x8F, 0x1A, 0x81, 0x74,
    0x6F, 0x5F, 0xCB, 0x48, 0x43, 0x2C, 0x7F, 0x39, 0x2A, 0x77, 0xAF, 0xDE, 0xD4, 0xA1, 0x3C, 0x66,
    0x5D, 0x52, 0x78, 0x7C, 0xD2, 0x35, 0x1C, 0x5B, 0x7C, 0x9C, 0x8E, 0x09, 0xDA, 0x9C, 0xE5, 0x2D,
    0xE0, 0xBD, 0xEE, 0x55, 0x2B, 0x37, 0xA7, 0x4B, 0xA6, 0xD1, 0x3D, 0x76, 0x3F, 0x52, 0xA8, 0xA2,
    0x8A, 0xFC, 0x90, 0xB0, 0xA2, 0x8A, 0x28, 0x00, 0xA2, 0x8A, 0x28, 0x00, 0xA2, 0x8A, 0x28, 0x03,
    0xF1, 0xD2, 0xF3, 0xE2, 0xDF, 0xC4, 0x8F, 0x88, 0xFE, 0x04, 0xF8, 0xC9, 0xF1, 0x0F, 0xC4, 0x1F,
    0x1A, 0xBC, 0x53, 0xE1, 0x3F, 0x88, 0x3E, 0x1D, 0xBB, 0x81, 0x7F, 0xE1, 0x5B, 0xE9, 0x77, 0x57,
    0x5A, 0x64, 0x76, 0xD1, 0xBD, 0xE5, 0x9D, 0xB1, 0x95, 0x63, 0xF3, 0x46, 0x22, 0x8B, 0xCD, 0x9A,
    0x16, 0x88, 0x27, 0x98, 0xB2, 0x2C, 0x6F, 0x2C, 0x85, 0xA4, 0xC4, 0x9E, 0x93, 0xFB, 0x27, 0x7C,
    0x6E, 0xF1, 0x5D, 0xA7, 0xED, 0x5D, 0xF0, 0xC7, 0xC1, 0xD6, 0x3F, 0x18, 0x35, 0xDF, 0x1E, 0x78,
    0x6F, 0xC5, 0x5E, 0x1E, 0xB6, 0xD4, 0x75, 0xEB, 0x2D, 0x66, 0xE8, 0xDF, 0x0B, 0x4D, 0x43, 0xFB,
    0x26, 0xE6, 0xE2, 0x5B, 0x34, 0x96, 0x5D, 0xC4, 0x79, 0x72, 0x85, 0x72, 0x61, 0x29, 0xD5, 0x62,
    0x93, 0x73, 0x42, 0xD5, 0xFA, 0x39, 0xAA, 0xFC, 0x30, 0xF0, 0x6E, 0xBA, 0x75, 0xD3, 0xA9, 0x78,
    0x4B, 0x42, 0xD4, 0x0E, 0xBD, 0xF6, 0x7F, 0xED, 0x7F, 0xB5, 0xE9, 0xB0, 0xCB, 0xFD, 0xA3, 0xE4,
    0x63, 0xC8, 0xFB, 0x46, 0xE5, 0x3E, 0x6F, 0x97, 0x81, 0xB3, 0x7E, 0x76, 0xE0, 0x63, 0x14, 0x78,
    0x33, 0xE1, 0x8F, 0x83, 0xBE, 0x1C, 0x9B, 0xC3, 0xE1, 0x3F, 0x09, 0xE8, 0x7E, 0x17, 0x37, 0xBB,
    0x3E, 0xD4, 0x74, 0x6D, 0x36, 0x1B, 0x4F, 0x3F, 0x66, 0xED, 0x9B, 0xFC, 0xB5, 0x5D, 0xDB, 0x77,
    0xBE, 0x33, 0x9C, 0x6E, 0x38, 0xEA, 0x6B, 0xF4, 0xDC, 0x4F, 0x15, 0xE0, 0xF1, 0x18, 0x2A, 0xD8,
    0x6F, 0xAA, 0xDB, 0x9A, 0xFC, 0xAA, 0xD0, 0xE5, 0x8A, 0x70, 0x8A, 0x4A, 0xFC, 0x97, 0xF7, 0x24,
    0x9C, 0xA2, 0xD5, 0xA4, 0xEE, 0xB9, 0x9B, 0xD6, 0xF3, 0x63, 0xA6, 0xA2, 0x8A, 0x2B, 0xF3, 0x22,
    0x82, 0x8A, 0x28, 0xA0, 0x02, 0xBE, 0x7B, 0xFD, 0xB8, 0x3F, 0x69, 0x2D, 0x63, 0xF6, 0x5E, 0xF8,
    0x3D, 0x67, 0xE2, 0x7D, 0x03, 0x4A, 0xB1, 0xD5, 0x75, 0x6B, 0xFD, 0x5E, 0x1D, 0x2E, 0x01, 0xA9,
    0x17, 0x30, 0x43, 0xBA, 0x29, 0xA6, 0x67, 0x64, 0x42, 0xAC, 0xFF, 0x00, 0x2C, 0x0C, 0xA1, 0x43,
    0x2E, 0x0B, 0x86, 0xC9, 0x0B, 0xB5, 0xBE, 0x84, 0xAF, 0x99, 0x7F, 0xE0, 0xA1, 0x5F, 0x1A, 0x0F,
    0xC1, 0x4F, 0x80, 0x09, 0x7B, 0xFF, 0x00, 0x08, 0x9E, 0x83, 0xE3, 0x25, 0xD6, 0x35, 0x7B, 0x6D,
    0x2D, 0xB4, 0xFF, 0x00, 0x13, 0xDB, 0x7D, 0xAA, 0xC1, 0x46, 0xD9, 0x2E, 0x4C, 0x92, 0x41, 0xC7,
    0x9A, 0x47, 0xD9, 0xB0, 0xAB, 0xB9, 0x70, 0xCC, 0xAF, 0x93, 0xB3, 0x6B, 0x7B, 0x59, 0x25, 0x25,
    0x5F, 0x32, 0xC3, 0xD3, 0x74, 0xBD, 0xAD, 0xE4, 0xBD, 0xCB, 0xDB, 0x9B, 0x5D, 0xAF, 0xD0, 0x4F,
    0x63, 0xCB, 0xFF, 0x00, 0xE1, 0x4E, 0x7E, 0xDE, 0x1F, 0xF4, 0x5D, 0x3C, 0x1F, 0xFF, 0x00, 0x80,
    0x76, 0xDF, 0xFC, 0xA9, 0xAE, 0x4F, 0xFE, 0x09, 0xCB, 0xE3, 0xDF, 0xDA, 0x1B, 0xE2, 0x27, 0xC3,
    0xBB, 0x7D, 0x4E, 0xCB, 0xC4, 0x5E, 0x1E, 0xF1, 0x37, 0x83, 0x93, 0xC4, 0x89, 0x0E, 0xAB, 0x79,
    0xE3, 0x9B, 0xFD, 0x46, 0xF3, 0x5C, 0x58, 0x44, 0x56, 0xAD, 0x3A, 0x5B, 0x38, 0x26, 0x30, 0x3C,
    0xA7, 0xCA, 0x06, 0x38, 0xF3, 0x19, 0xC9, 0xE0, 0xD7, 0x79, 0xA4, 0xF8, 0x17, 0xF6, 0xE7, 0xBF,
    0xD4, 0xAD, 0x35, 0xDB, 0x8F, 0x88, 0x9E, 0x05, 0xD3, 0x61, 0x9E, 0x74, 0xBF, 0x93, 0xC3, 0x17,
    0x70, 0x21, 0x8A, 0xDD, 0x59, 0x83, 0x9B, 0x27, 0x68, 0xEC, 0x9D, 0xCA, 0xA8, 0x3E, 0x59, 0x64,
    0x9D, 0x9B, 0x00, 0x91, 0x29, 0x3F, 0x39, 0xF6, 0x0F, 0xD8, 0xCB, 0xF6, 0x81, 0xD7, 0x7F, 0x68,
    0xAF, 0x85, 0xBA, 0xA6, 0xB5, 0xE2, 0x6D, 0x37, 0x4A, 0xD3, 0xB5, 0xCD, 0x23, 0x5C, 0xB9, 0xD1,
    0x6E, 0x5B, 0x43, 0xB9, 0x13, 0xD9, 0x5C, 0x18, 0xD2, 0x29, 0x04, 0x91, 0x30, 0x79, 0x06, 0xDC,
    0x4C, 0x17, 0x2B, 0x24, 0x8A, 0xDB, 0x37, 0xAB, 0x61, 0xC0, 0x1F, 0x5F, 0x8A, 0x94, 0xF0, 0xF9,
    0x75, 0x79, 0x46, 0x18, 0x7A, 0x89, 0xF2, 0xA6, 0xE9, 0xEF, 0x0B, 0xDE, 0xDA, 0x34, 0xAF, 0x7E,
    0xE9, 0xD9, 0x3E, 0xE2, 0xEA, 0x7B, 0xD5, 0x7C, 0x37, 0xFF, 0x00, 0x05, 0x1D, 0xF8, 0xB5, 0xE2,
    0xFF, 0x00, 0x84, 0xDF, 0x11, 0x3E, 0x01, 0x5E, 0xF8, 0x56, 0xF7, 0x5D, 0x90, 0x3E, 0xAF, 0x71,
    0x35, 0xCF, 0x87, 0xF4, 0x4B, 0xC9, 0xE1, 0x3A, 0xDF, 0x97, 0x71, 0xA7, 0x94, 0xB4, 0x74, 0x88,
    0x31, 0x97, 0xCC, 0xDC, 0xF1, 0x80, 0x51, 0xFF, 0x00, 0xD6, 0x91, 0xB4, 0xE4, 0x83, 0xF7, 0x25,
    0x61, 0x78, 0x87, 0xC0, 0x7E, 0x19, 0xF1, 0x6E, 0xA5, 0xA4, 0x6A, 0x1A, 0xE7, 0x87, 0x74, 0x9D,
    0x6A, 0xFF, 0x00, 0x47, 0x9B, 0xED, 0x1A, 0x6D, 0xD6, 0xA1, 0x63, 0x14, 0xF2, 0xD9, 0x4B, 0xB9,
    0x1B, 0x7C, 0x2E, 0xEA, 0x4C, 0x6D, 0xBA, 0x38, 0xCE, 0x54, 0x83, 0x94, 0x53, 0xD8, 0x57, 0xC6,
    0xE5, 0x38, 0xCA, 0x58, 0x0C, 0x5A, 0xC4, 0x57, 0xA6, 0xAA, 0x45, 0x46, 0x6B, 0x95, 0xEC, 0xDC,
    0xA1, 0x28, 0xAB, 0xDA, 0xCF, 0x46, 0xD3, 0xD1, 0xA7, 0xA6, 0x8D, 0x3D, 0x46, 0xCF, 0x88, 0x7C,
    0x51, 0xFB, 0x7D, 0xFC, 0x6C, 0xD5, 0x7C, 0x33, 0xAB, 0xD9, 0x68, 0xDF, 0xB2, 0xF7, 0x8F, 0xB4,
    0x2D, 0x5E, 0xE6, 0xCE, 0x68, 0x6C, 0xF5, 0x4F, 0xB0, 0x5F, 0xDC, 0x7D, 0x8E, 0x76, 0x42, 0x23,
    0x9B, 0xCA, 0x6D, 0x37, 0x6C, 0x9B, 0x18, 0x86, 0xD8, 0xDC, 0x36, 0x30, 0x78, 0x35, 0xD1, 0xFC,
    0x1E, 0xFD, 0xAB, 0x7E, 0x35, 0x69, 0x9A, 0x6F, 0xC2, 0x5F, 0x0D, 0xF8, 0xCB, 0xE0, 0xDF, 0x8C,
    0x3C, 0x51, 0xAB, 0x78, 0x91, 0x97, 0xFB, 0x6B, 0xC5, 0x52, 0xE9, 0x77, 0x1A, 0x7A, 0x69, 0x62,
    0x5D, 0x5A, 0xE6, 0xD8, 0x79, 0xF0, 0x25, 0x97, 0x97, 0x1F, 0x95, 0x6F, 0x1C, 0x33, 0x1D, 0xCD,
    0x1E, 0x51, 0xD4, 0x9C, 0x03, 0xBC, 0xFD, 0xB1, 0x45, 0x75, 0xD6, 0xCD, 0xB0, 0xF5, 0x28, 0xFB,
    0x18, 0x60, 0x69, 0x41, 0x5E, 0xF7, 0x5E, 0xD6, 0xF7, 0xB3, 0x4B, 0x59, 0x54, 0x93, 0xB2, 0xBD,
    0xED, 0xB3, 0x69, 0x5D, 0x35, 0xA0, 0x58, 0x28, 0xA2, 0x8A, 0xF9, 0xD1, 0x85, 0x14, 0x51, 0x40,
    0x05, 0x14, 0x51, 0x40, 0x05, 0x14, 0x51, 0x40, 0x05, 0x14, 0x51, 0x40, 0x05, 0x14, 0x51, 0x40,
    0x05, 0x14, 0x51, 0x40, 0x05, 0x71, 0xFF, 0x00, 0x15, 0x7E, 0x10, 0xF8, 0x3F, 0xE3, 0x6F, 0x84,
    0xDB, 0xC3, 0x5E, 0x37, 0xD0, 0xE0, 0xD7, 0xB4, 0x73, 0x3C, 0x77, 0x2B, 0x0C, 0xAE, 0xF1, 0xBC,
    0x52, 0xA1, 0x3B, 0x64, 0x8E, 0x48, 0xD9, 0x5E, 0x36, 0xC1, 0x65, 0xCA, 0x30, 0x25, 0x59, 0x94,
    0xE5, 0x59, 0x81, 0xEC, 0x28, 0xAD, 0x29, 0xD4, 0x9D, 0x19, 0xAA, 0x94, 0xE4, 0xD4, 0x96, 0xA9,
    0xAD, 0x1A, 0x7D, 0xD3, 0x03, 0xE2, 0x7D, 0x53, 0xFE, 0x09, 0x25, 0xF0, 0x67, 0x50, 0xD4, 0xAF,
    0x2E, 0xA0, 0xD6, 0x3C, 0x61, 0xA6, 0xC5, 0x3C, 0xCF, 0x2C, 0x76, 0x96, 0xB7, 0xB6, 0xAD, 0x1D,
    0xBA, 0x96, 0x24, 0x46, 0x86, 0x4B, 0x67, 0x72, 0xAA, 0x0E, 0x01, 0x76, 0x66, 0xC0, 0x19, 0x62,
    0x72, 0x4F, 0xD5, 0x3F, 0x0B, 0x3E, 0x12, 0x78, 0x43, 0xE0, 0xA7, 0x85, 0x13, 0xC3, 0x5E, 0x0A,
    0xD0, 0xE0, 0xD0, 0x74, 0x65, 0x99, 0xEE, 0x0C, 0x11, 0x3B, 0xC8, 0xD2, 0x4A, 0xE7, 0xE6, 0x79,
    0x24, 0x76, 0x67, 0x91, 0xB0, 0x15, 0x72, 0xCC, 0x48, 0x55, 0x55, 0x18, 0x55, 0x50, 0x3A, 0xFA,
    0x2B, 0xD7, 0xC6, 0xE7, 0x79, 0x9E, 0x65, 0x4D, 0x51, 0xC6, 0x62, 0x25, 0x38, 0xAD, 0x6C, 0xDB,
    0x6A, 0xFD, 0xED, 0xD5, 0xF9, 0xBD, 0x45, 0x64, 0x82, 0x8A, 0x28, 0xAF, 0x10, 0x61, 0x45, 0x14,
    0x50, 0x01, 0x45, 0x14, 0x50, 0x01, 0x45, 0x14, 0x50, 0x07, 0xFF, 0xD9
};
